period,org_code,parent_org,org_name,att_type1,att_type2,att_other,att_booked_type1,att_booked_type2,att_booked_other,over4hr_type1,over4hr_type2,over4hr_other,over4hr_booked_type1,over4hr_booked_type2,over4hr_booked_other,wait_4_12hr_dta,wait_12hr_plus_dta,emerg_adm_type1,emerg_adm_type2,emerg_adm_other,emerg_adm_other2,Unnamed: 22,Unnamed: 23,Unnamed: 24,Unnamed: 25,Unnamed: 26,a,date,total_attendances,total_over4hr,type1_4hr_pct,total_emerg_adm
MSitAE-APRIL-2023,RWY,NHS ENGLAND NORTH EAST AND YORKSHIRE,CALDERDALE AND HUDDERSFIELD NHS FOUNDATION TRUST,13762,0,0,0,0,0,3865,0,0,0,0,0,822,2,2759,0,0,802,,,,,,,2023-04-01,13762,3865,71.9,3561
MSitAE-APRIL-2023,RYY,NHS ENGLAND SOUTH EAST,KENT COMMUNITY HEALTH NHS FOUNDATION TRUST,0,0,8675,0,0,0,0,0,30,0,0,0,0,0,0,0,0,0,,,,,,,2023-04-01,8675,30,,0
MSitAE-APRIL-2023,Y02147,NHS ENGLAND LONDON,URGENT CARE CENTRE (QMS),0,0,7036,0,0,588,0,0,377,0,0,3,0,0,0,0,0,0,,,,,,,2023-04-01,7036,377,,0
MSitAE-APRIL-2023,Y02532,NHS ENGLAND NORTH WEST,MIRIAM MINOR EMERGENCY,0,0,1742,0,0,0,0,0,0,0,0,0,0,0,0,0,0,0,,,,,,,2023-04-01,1742,0,,0
MSitAE-APRIL-2023,C82009,NHS ENGLAND MIDLANDS,MARKET HARBOROUGH MED.CTR,0,0,253,0,0,0,0,0,0,0,0,0,0,0,0,0,0,0,,,,,,,2023-04-01,253,0,,0
MSitAE-APRIL-2023,C82038,NHS ENGLAND MIDLANDS,LATHAM HOUSE MEDICAL PRACTICE,0,0,254,0,0,0,0,0,0,0,0,0,0,0,0,0,0,0,,,,,,,2023-04-01,254,0,,0
MSitAE-APRIL-2023,NDJ,NHS ENGLAND SOUTH EAST,FIRST COMMUNITY HEALTH AND CARE CIC,0,0,2003,0,0,0,0,0,0,0,0,0,0,0,0,0,0,0,,,,,,,2023-04-01,2003,0,,0
MSitAE-APRIL-2023,NQT51,NHS ENGLAND SOUTH EAST,STATION PLAZA HEALTH CENTRE,0,0,1499,0,0,0,0,0,0,0,0,0,0,0,0,0,0,0,,,,,,,2023-04-01,1499,0,,0
MSitAE-APRIL-2023,RW1,NHS ENGLAND SOUTH EAST,SOUTHERN HEALTH NHS FOUNDATION TRUST,0,0,2572,0,0,0,0,0,29,0,0,0,0,0,0,0,6,153,,,,,,,2023-04-01,2572,29,,159
MSitAE-APRIL-2023,RXG,NHS ENGLAND NORTH EAST AND YORKSHIRE,SOUTH WEST YORKSHIRE PARTNERSHIP NHS FOUNDATION TRUST,0,0,0,0,0,0,0,0,0,0,0,0,0,0,0,0,0,136,,,,,,,2023-04-01,0,0,,136
MSitAE-APRIL-2023,RXL,NHS ENGLAND NORTH WEST,BLACKPOOL TEACHING HOSPITALS NHS FOUNDATION TRUST,8237,0,10625,234,0,246,3562,0,52,39,0,0,676,698,2457,0,0,1397,,,,,,,2023-04-01,18862,3614,56.8,3854
MSitAE-APRIL-2023,Y00751,NHS ENGLAND SOUTH EAST,EAST BERKS PRIMARY CARE OOH(WAM),0,0,0,0,0,0,0,0,0,0,0,0,0,0,0,0,0,0,,,,,,,2023-04-01,0,0,,0
MSitAE-APRIL-2023,Y02428,NHS ENGLAND EAST OF ENGLAND,PUTNOE MEDICAL CENTRE WALK IN CENTRE,0,0,2656,0,0,0,0,0,0,0,0,0,0,0,0,0,0,0,,,,,,,2023-04-01,2656,0,,0
MSitAE-APRIL-2023,Y02676,NHS ENGLAND SOUTH EAST,BRIGHTON STATION HEALTH CENTRE,0,0,1670,0,0,0,0,0,0,0,0,0,0,0,0,0,0,0,,,,,,,2023-04-01,1670,0,,0
MSitAE-APRIL-2023,AD913,NHS ENGLAND LONDON,BECKENHAM BEACON UCC,0,0,3093,0,0,328,0,0,65,0,0,0,0,0,0,0,0,0,,,,,,,2023-04-01,3093,65,,0
MSitAE-APRIL-2023,AJN,NHS ENGLAND NORTH EAST AND YORKSHIRE,WORKINGTON HEALTH LIMITED,0,0,400,0,0,0,0,0,0,0,0,0,0,0,0,0,400,0,,,,,,,2023-04-01,400,0,,400
MSitAE-APRIL-2023,AQN04,NHS ENGLAND SOUTH EAST,PHL LYMINGTON UTC,0,0,2491,0,0,106,0,0,41,0,0,0,0,0,0,0,0,0,,,,,,,2023-04-01,2491,41,,0
MSitAE-APRIL-2023,AXG,NHS ENGLAND SOUTH WEST,WILTSHIRE HEALTH & CARE,0,0,2032,0,0,53,0,0,49,0,0,1,0,0,0,0,0,0,,,,,,,2023-04-01,2032,49,,0
MSitAE-APRIL-2023,L83087,NHS ENGLAND SOUTH WEST,OKEHAMPTON MEDICAL CENTRE,0,0,64,0,0,0,0,0,0,0,0,0,0,0,0,0,0,0,,,,,,,2023-04-01,64,0,,0
MSitAE-APRIL-2023,RA9,NHS ENGLAND SOUTH WEST,TORBAY AND SOUTH DEVON NHS FOUNDATION TRUST,5853,0,3002,123,0,0,3305,0,64,63,0,0,620,82,1756,0,0,919,,,,,,,2023-04-01,8855,3369,43.5,2675
MSitAE-APRIL-2023,RAT,NHS ENGLAND LONDON,NORTH EAST LONDON NHS FOUNDATION TRUST,0,0,1864,0,0,0,0,0,20,0,0,0,0,0,0,0,0,0,,,,,,,2023-04-01,1864,20,,0
MSitAE-APRIL-2023,RAX,NHS ENGLAND LONDON,KINGSTON HOSPITAL NHS FOUNDATION TRUST,6486,0,2651,0,0,0,3040,0,146,0,0,0,220,415,1725,0,115,505,,,,,,,2023-04-01,9137,3186,53.1,2345
MSitAE-APRIL-2023,RBQ,NHS ENGLAND NORTH WEST,LIVERPOOL HEART AND CHEST HOSPITAL NHS FOUNDATION TRUST,0,0,0,0,0,0,0,0,0,0,0,0,0,0,0,0,0,124,,,,,,,2023-04-01,0,0,,124
MSitAE-APRIL-2023,RDY,NHS ENGLAND SOUTH WEST,DORSET HEALTHCARE UNIVERSITY NHS FOUNDATION TRUST,0,0,0,0,0,0,0,0,0,0,0,0,0,0,0,0,5,0,,,,,,,2023-04-01,0,0,,5
MSitAE-APRIL-2023,RJ8,NHS ENGLAND SOUTH WEST,CORNWALL PARTNERSHIP NHS FOUNDATION TRUST,0,0,0,0,0,0,0,0,0,0,0,0,0,0,0,0,15,51,,,,,,,2023-04-01,0,0,,66
MSitAE-APRIL-2023,RLQ,NHS ENGLAND MIDLANDS,WYE VALLEY NHS TRUST,5321,0,0,157,0,0,2165,0,0,46,0,0,116,107,1529,0,0,528,,,,,,,2023-04-01,5321,2165,59.3,2057
MSitAE-APRIL-2023,RVW,NHS ENGLAND NORTH EAST AND YORKSHIRE,NORTH TEES AND HARTLEPOOL NHS FOUNDATION TRUST,4232,0,10357,0,0,0,0,0,0,0,0,0,190,3,1620,0,409,1786,,,,,,,2023-04-01,14589,0,100.0,3815
MSitAE-APRIL-2023,RXQ,NHS ENGLAND SOUTH EAST,BUCKINGHAMSHIRE HEALTHCARE NHS TRUST,8661,1145,3071,0,0,0,3564,0,144,0,0,0,299,286,3356,739,0,858,,,,,,,2023-04-01,12877,3708,58.9,4953
MSitAE-APRIL-2023,Y02615,NHS ENGLAND MIDLANDS,SOUTH BIRMINGHAM GP WALK IN CENTRE,0,0,7857,0,0,0,0,0,0,0,0,0,0,0,0,0,0,0,,,,,,,2023-04-01,7857,0,,0
MSitAE-APRIL-2023,Y04538,NHS ENGLAND SOUTH EAST,BRACKNELL URGENT CARE CENTRE WIC,0,0,2253,0,0,0,0,0,31,0,0,0,0,0,0,0,0,0,,,,,,,2023-04-01,2253,31,,0
MSitAE-APRIL-2023,8J094,NHS ENGLAND MIDLANDS,BADGER LTD,0,0,0,0,0,2020,0,0,0,0,0,0,0,0,0,0,0,0,,,,,,,2023-04-01,0,0,,0
MSitAE-APRIL-2023,AAH,NHS ENGLAND SOUTH WEST,TETBURY HOSPITAL TRUST LTD,0,0,258,0,0,0,0,0,0,0,0,0,0,0,0,0,0,0,,,,,,,2023-04-01,258,0,,0
MSitAE-APRIL-2023,DT301,NHS ENGLAND EAST OF ENGLAND,HERTS URGENT CARE (ASCOTS LANE),0,0,2141,0,0,0,0,0,5,0,0,0,0,0,0,0,0,0,,,,,,,2023-04-01,2141,5,,0
MSitAE-APRIL-2023,NQTE4,NHS ENGLAND MIDLANDS,SUMMERFIELD URGENT CARE CENTRE,0,0,3925,0,0,0,0,0,0,0,0,0,0,0,0,0,0,0,,,,,,,2023-04-01,3925,0,,0
MSitAE-APRIL-2023,RF4,NHS ENGLAND LONDON,"BARKING, HAVERING AND REDBRIDGE UNIVERSITY HOSPITALS NHS TRUST",10876,2144,13038,0,0,0,6568,420,3378,0,0,0,716,722,4526,0,0,377,,,,,,,2023-04-01,26058,10366,39.6,4903
MSitAE-APRIL-2023,RFF,NHS ENGLAND NORTH EAST AND YORKSHIRE,BARNSLEY HOSPITAL NHS FOUNDATION TRUST,7488,0,0,416,0,0,1958,0,0,0,0,0,155,1,2383,0,0,470,,,,,,,2023-04-01,7488,1958,73.9,2853
MSitAE-APRIL-2023,RGR,NHS ENGLAND EAST OF ENGLAND,WEST SUFFOLK NHS FOUNDATION TRUST,6188,0,647,57,0,0,0,0,0,0,0,0,465,46,1909,0,0,576,,,,,,,2023-04-01,6835,0,100.0,2485
MSitAE-APRIL-2023,RJN,NHS ENGLAND NORTH WEST,EAST CHESHIRE NHS TRUST,3882,0,0,44,0,12,1669,0,0,0,0,0,199,335,769,0,0,114,,,,,,,2023-04-01,3882,1669,57.0,883
MSitAE-APRIL-2023,RWE,NHS ENGLAND MIDLANDS,UNIVERSITY HOSPITALS OF LEICESTER NHS TRUST,18537,1748,0,0,0,0,8296,120,0,0,0,0,1325,960,4798,3,0,3130,,,,,,,2023-04-01,20285,8416,55.2,7931
MSitAE-APRIL-2023,RY5,NHS ENGLAND MIDLANDS,LINCOLNSHIRE COMMUNITY HEALTH SERVICES NHS TRUST,0,0,7841,0,0,0,0,0,235,0,0,0,0,0,0,0,0,0,,,,,,,2023-04-01,7841,235,,0
MSitAE-APRIL-2023,RYF,NHS ENGLAND SOUTH WEST,SOUTH WESTERN AMBULANCE SERVICE NHS FOUNDATION TRUST,0,0,1839,0,0,0,0,0,197,0,0,0,0,0,0,0,0,0,,,,,,,2023-04-01,1839,197,,0
MSitAE-APRIL-2023,Y03007,NHS ENGLAND MIDLANDS,ERDINGTON GP HEALTH & WELLBEING WIC,0,0,0,0,0,1967,0,0,0,0,0,0,0,0,0,0,0,0,,,,,,,2023-04-01,0,0,,0
MSitAE-APRIL-2023,ARN03,NHS ENGLAND NORTH EAST AND YORKSHIRE,LOCAL CARE DIRECT,0,0,2118,0,0,242,0,0,0,0,0,0,0,0,0,0,0,0,,,,,,,2023-04-01,2118,0,,0
MSitAE-APRIL-2023,RCD,NHS ENGLAND NORTH EAST AND YORKSHIRE,HARROGATE AND DISTRICT NHS FOUNDATION TRUST,4412,0,763,143,0,43,863,0,1,16,0,0,89,4,1168,0,0,382,,,,,,,2023-04-01,5175,864,80.4,1550
MSitAE-APRIL-2023,REF,NHS ENGLAND SOUTH WEST,ROYAL CORNWALL HOSPITALS NHS TRUST,5869,0,10527,0,0,0,3529,0,297,0,0,0,486,597,2110,0,25,1046,,,,,,,2023-04-01,16396,3826,39.9,3181
MSitAE-APRIL-2023,RHU,NHS ENGLAND SOUTH EAST,PORTSMOUTH HOSPITALS UNIVERSITY NATIONAL HEALTH SERVICE TRUST,8810,687,2532,1180,0,808,0,0,0,0,0,0,1520,0,3479,0,0,2012,,,,,,,2023-04-01,12029,0,100.0,5491
MSitAE-APRIL-2023,RJR,NHS ENGLAND NORTH WEST,COUNTESS OF CHESTER HOSPITAL NHS FOUNDATION TRUST,6437,0,207,0,0,0,3012,0,2,0,0,0,339,646,1542,0,0,898,,,,,,,2023-04-01,6644,3014,53.2,2440
MSitAE-APRIL-2023,RL4,NHS ENGLAND MIDLANDS,THE ROYAL WOLVERHAMPTON NHS TRUST,12029,0,6652,1,0,546,3626,0,229,0,0,0,536,16,5721,0,0,771,,,,,,,2023-04-01,18681,3855,69.9,6492
MSitAE-APRIL-2023,RW4,NHS ENGLAND NORTH WEST,MERSEY CARE NHS FOUNDATION TRUST,0,0,11270,0,0,0,0,0,235,0,0,0,0,0,0,0,0,67,,,,,,,2023-04-01,11270,235,,67
MSitAE-APRIL-2023,RXF,NHS ENGLAND NORTH EAST AND YORKSHIRE,MID YORKSHIRE HOSPITALS NHS TRUST,14817,0,5746,120,0,51,0,0,0,0,0,0,968,1,3750,0,177,946,,,,,,,2023-04-01,20563,0,100.0,4873
MSitAE-APRIL-2023,NL7,NHS ENGLAND MIDLANDS,ASSURA VERTIS URGENT CARE CENTRES (BIRMINGHAM),0,0,4694,0,0,0,0,0,0,0,0,0,0,0,0,0,0,0,,,,,,,2023-04-01,4694,0,,0
MSitAE-APRIL-2023,R1D,NHS ENGLAND MIDLANDS,SHROPSHIRE COMMUNITY HEALTH NHS TRUST,0,0,2843,0,0,0,0,0,5,0,0,0,0,0,0,0,0,1,,,,,,,2023-04-01,2843,5,,1
MSitAE-APRIL-2023,RGP,NHS ENGLAND EAST OF ENGLAND,JAMES PAGET UNIVERSITY HOSPITALS NHS FOUNDATION TRUST,6236,0,1462,98,0,0,2095,0,0,23,0,0,443,192,1467,0,0,430,,,,,,,2023-04-01,7698,2095,66.4,1897
MSitAE-APRIL-2023,RL1,NHS ENGLAND MIDLANDS,THE ROBERT JONES AND AGNES HUNT ORTHOPAEDIC HOSPITAL NHS FOUNDATION TRUST,0,0,0,0,0,0,0,0,0,0,0,0,0,0,0,0,0,22,,,,,,,2023-04-01,0,0,,22
MSitAE-APRIL-2023,RLT,NHS ENGLAND MIDLANDS,GEORGE ELIOT HOSPITAL NHS TRUST,5524,0,1536,361,0,319,1895,0,30,0,0,0,619,1,926,0,0,31,,,,,,,2023-04-01,7060,1925,65.7,957
MSitAE-APRIL-2023,RTK,NHS ENGLAND SOUTH EAST,ASHFORD AND ST PETER'S HOSPITALS NHS FOUNDATION TRUST,8802,0,0,0,0,0,3416,0,0,0,0,0,482,8,2671,0,0,720,,,,,,,2023-04-01,8802,3416,61.2,3391
MSitAE-APRIL-2023,RTP,NHS ENGLAND SOUTH EAST,SURREY AND SUSSEX HEALTHCARE NHS TRUST,8391,0,1103,0,0,0,2022,0,25,0,0,0,541,118,2973,0,0,816,,,,,,,2023-04-01,9494,2047,75.9,3789
MSitAE-APRIL-2023,RWX,NHS ENGLAND SOUTH EAST,BERKSHIRE HEALTHCARE NHS FOUNDATION TRUST,0,0,1223,0,0,0,0,0,9,0,0,0,0,0,0,0,36,0,,,,,,,2023-04-01,1223,9,,36
MSitAE-APRIL-2023,Y03571,NHS ENGLAND MIDLANDS,CORBY URGENT CARE CENTRE,0,0,7843,0,0,677,0,0,56,0,0,0,0,0,0,0,0,0,,,,,,,2023-04-01,7843,56,,0
MSitAE-APRIL-2023,NNJ,NHS ENGLAND MIDLANDS,DHU HEALTH CARE C.I.C,0,0,2142,0,0,0,0,0,4,0,0,0,0,0,0,0,0,0,,,,,,,2023-04-01,2142,4,,0
MSitAE-APRIL-2023,NQT5F,NHS ENGLAND NORTH WEST,SKELMERSDALE WALK IN CENTRE,0,0,1758,0,0,0,0,0,14,0,0,0,0,0,0,0,0,0,,,,,,,2023-04-01,1758,14,,0
MSitAE-APRIL-2023,NQT5H,NHS ENGLAND SOUTH WEST,PAULTON MEMORIAL HOSPITAL,0,0,792,0,0,0,0,0,13,0,0,0,0,0,0,0,0,0,,,,,,,2023-04-01,792,13,,0
MSitAE-APRIL-2023,RBK,NHS ENGLAND MIDLANDS,WALSALL HEALTHCARE NHS TRUST,6964,0,3949,330,0,143,2468,0,57,53,0,0,636,51,2816,0,0,738,,,,,,,2023-04-01,10913,2525,64.6,3554
MSitAE-APRIL-2023,RNU,NHS ENGLAND SOUTH EAST,OXFORD HEALTH NHS FOUNDATION TRUST,0,0,2830,0,0,0,0,0,163,0,0,0,0,0,0,0,0,0,,,,,,,2023-04-01,2830,163,,0
MSitAE-APRIL-2023,RP5,NHS ENGLAND NORTH EAST AND YORKSHIRE,DONCASTER AND BASSETLAW TEACHING HOSPITALS NHS FOUNDATION TRUST,12162,0,3118,0,0,0,4863,0,0,0,0,0,1012,64,3341,0,378,969,,,,,,,2023-04-01,15280,4863,60.0,4688
MSitAE-APRIL-2023,RPC,NHS ENGLAND SOUTH EAST,QUEEN VICTORIA HOSPITAL NHS FOUNDATION TRUST,0,0,1334,0,0,0,0,0,2,0,0,0,0,0,0,0,5,543,,,,,,,2023-04-01,1334,2,,548
MSitAE-APRIL-2023,RQ3,NHS ENGLAND MIDLANDS,BIRMINGHAM WOMEN'S AND CHILDREN'S NHS FOUNDATION TRUST,4477,0,0,0,0,0,663,0,0,0,0,0,0,0,856,0,0,114,,,,,,,2023-04-01,4477,663,85.2,970
MSitAE-APRIL-2023,RQX,NHS ENGLAND LONDON,HOMERTON HEALTHCARE NHS FOUNDATION TRUST,9875,0,0,15,0,0,1631,0,0,0,0,0,178,15,1548,0,0,187,,,,,,,2023-04-01,9875,1631,83.5,1735
MSitAE-APRIL-2023,RV9,NHS ENGLAND NORTH EAST AND YORKSHIRE,HUMBER TEACHING NHS FOUNDATION TRUST,0,0,922,0,0,57,0,0,0,0,0,0,0,0,0,0,0,0,,,,,,,2023-04-01,922,0,,0
MSitAE-APRIL-2023,RVY,NHS ENGLAND NORTH WEST,SOUTHPORT AND ORMSKIRK HOSPITAL NHS TRUST,7014,0,2855,191,0,0,2179,0,0,32,0,0,402,105,1842,0,0,82,,,,,,,2023-04-01,9869,2179,68.9,1924
MSitAE-APRIL-2023,RYG,NHS ENGLAND MIDLANDS,COVENTRY AND WARWICKSHIRE PARTNERSHIP NHS TRUST,0,0,0,0,0,0,0,0,0,0,0,0,0,0,0,0,8,50,,,,,,,2023-04-01,0,0,,58
MSitAE-APRIL-2023,RYR,NHS ENGLAND SOUTH EAST,UNIVERSITY HOSPITALS SUSSEX NHS FOUNDATION TRUST,21937,1469,2196,1447,0,597,8444,35,101,462,0,9,1585,637,7567,33,48,1294,,,,,,,2023-04-01,25602,8580,61.5,8942
MSitAE-APRIL-2023,NNJ07,NHS ENGLAND MIDLANDS,LOUGHBOROUGH URGENT CARE CENTRE,0,0,4851,0,0,477,0,0,18,0,0,0,0,0,0,0,0,0,,,,,,,2023-04-01,4851,18,,0
MSitAE-APRIL-2023,NNJ0H,NHS ENGLAND MIDLANDS,LLR EA - THE MERLYN VAZ HEALTH & SOCIAL CARE CENTRE,0,0,211,0,0,1535,0,0,0,0,0,0,0,0,0,0,0,0,,,,,,,2023-04-01,211,0,,0
MSitAE-APRIL-2023,NNJ12,NHS ENGLAND MIDLANDS,MARKET HARBOROUGH,0,0,174,0,0,410,0,0,0,0,0,0,0,0,0,0,0,0,,,,,,,2023-04-01,174,0,,0
MSitAE-APRIL-2023,NNJ13,NHS ENGLAND MIDLANDS,MELTON MOWBRAY,0,0,52,0,0,331,0,0,0,0,0,0,0,0,0,0,0,0,,,,,,,2023-04-01,52,0,,0
MSitAE-APRIL-2023,NNJ14,NHS ENGLAND MIDLANDS,OADBY,0,0,721,0,0,1520,0,0,0,0,0,0,0,0,0,0,0,0,,,,,,,2023-04-01,721,0,,0
MSitAE-APRIL-2023,NNJ15,NHS ENGLAND MIDLANDS,OAKHAM,0,0,53,0,0,297,0,0,0,0,0,0,0,0,0,0,0,0,,,,,,,2023-04-01,53,0,,0
MSitAE-APRIL-2023,NTPAD,NHS ENGLAND SOUTH EAST,PRACTICE PLUS GROUP SURGICAL CENTRE - ST MARYS PORTSMOUTH,0,0,5024,0,0,294,0,0,57,0,0,6,0,0,0,0,0,0,,,,,,,2023-04-01,5024,57,,0
MSitAE-APRIL-2023,NV693,NHS ENGLAND NORTH WEST,ROSSENDALE MIU & OOH,0,0,734,0,0,0,0,0,0,0,0,0,0,0,0,0,0,0,,,,,,,2023-04-01,734,0,,0
MSitAE-APRIL-2023,RA7,NHS ENGLAND SOUTH WEST,UNIVERSITY HOSPITALS BRISTOL AND WESTON NHS FOUNDATION TRUST,13074,2147,0,0,0,0,4413,51,0,0,0,0,1145,324,4398,8,0,1192,,,,,,,2023-04-01,15221,4464,66.2,5598
MSitAE-APRIL-2023,RAJ,NHS ENGLAND EAST OF ENGLAND,MID AND SOUTH ESSEX NHS FOUNDATION TRUST,27608,0,1997,750,0,94,9228,0,60,214,0,8,2201,17,7721,0,190,1097,,,,,,,2023-04-01,29605,9288,66.6,9008
MSitAE-APRIL-2023,RBD,NHS ENGLAND SOUTH WEST,DORSET COUNTY HOSPITAL NHS FOUNDATION TRUST,4071,0,0,326,0,3372,1257,0,0,72,0,4,94,3,1567,0,0,404,,,,,,,2023-04-01,4071,1257,69.1,1971
MSitAE-APRIL-2023,RD8,NHS ENGLAND EAST OF ENGLAND,MILTON KEYNES UNIVERSITY HOSPITAL NHS FOUNDATION TRUST,7102,0,4679,581,0,123,2708,0,192,205,0,0,711,0,1725,0,0,390,,,,,,,2023-04-01,11781,2900,61.9,2115
MSitAE-APRIL-2023,RFR,NHS ENGLAND NORTH EAST AND YORKSHIRE,THE ROTHERHAM NHS FOUNDATION TRUST,7597,0,0,6,0,0,0,0,0,0,0,0,444,0,2767,0,0,571,,,,,,,2023-04-01,7597,0,100.0,3338
MSitAE-APRIL-2023,RGN,NHS ENGLAND EAST OF ENGLAND,NORTH WEST ANGLIA NHS FOUNDATION TRUST,11396,0,3864,68,0,476,4700,0,463,29,0,47,432,647,2838,0,105,1126,,,,,,,2023-04-01,15260,5163,58.8,4069
MSitAE-APRIL-2023,RJ2,NHS ENGLAND LONDON,LEWISHAM AND GREENWICH NHS TRUST,12189,0,11548,109,0,57,6059,0,1386,20,0,0,1079,551,3329,0,0,1135,,,,,,,2023-04-01,23737,7445,50.3,4464
MSitAE-APRIL-2023,RJZ,NHS ENGLAND LONDON,KING'S COLLEGE HOSPITAL NHS FOUNDATION TRUST,13686,0,7719,90,0,1431,6559,0,1161,34,0,290,1251,767,3467,0,0,480,,,,,,,2023-04-01,21405,7720,52.1,3947
MSitAE-APRIL-2023,RK5,NHS ENGLAND MIDLANDS,SHERWOOD FOREST HOSPITALS NHS FOUNDATION TRUST,9526,0,4930,22,0,92,3309,0,241,8,0,1,686,83,3083,0,0,357,,,,,,,2023-04-01,14456,3550,65.3,3440
MSitAE-APRIL-2023,RM1,NHS ENGLAND EAST OF ENGLAND,NORFOLK AND NORWICH UNIVERSITY HOSPITALS NHS FOUNDATION TRUST,10112,0,8069,446,0,0,3841,0,4,123,0,0,978,297,2460,0,0,1537,,,,,,,2023-04-01,18181,3845,62.0,3997
MSitAE-APRIL-2023,RN5,NHS ENGLAND SOUTH EAST,HAMPSHIRE HOSPITALS NHS FOUNDATION TRUST,11089,0,205,0,0,211,3891,0,0,0,0,0,1005,5,3877,0,0,925,,,,,,,2023-04-01,11294,3891,64.9,4802
MSitAE-APRIL-2023,RN7,NHS ENGLAND SOUTH EAST,DARTFORD AND GRAVESHAM NHS TRUST,10359,0,3699,0,0,0,2918,0,17,0,0,0,471,0,2722,0,0,304,,,,,,,2023-04-01,14058,2935,71.8,3026
MSitAE-APRIL-2023,RRK,NHS ENGLAND MIDLANDS,UNIVERSITY HOSPITALS BIRMINGHAM NHS FOUNDATION TRUST,29850,0,0,0,0,0,13798,0,0,0,0,0,3450,858,9456,0,0,4360,,,,,,,2023-04-01,29850,13798,53.8,13816
MSitAE-APRIL-2023,RTD,NHS ENGLAND NORTH EAST AND YORKSHIRE,THE NEWCASTLE UPON TYNE HOSPITALS NHS FOUNDATION TRUST,11182,1426,5102,0,0,765,4062,92,0,0,0,0,370,45,3134,27,0,2573,,,,,,,2023-04-01,17710,4154,63.7,5734
MSitAE-APRIL-2023,RTG,NHS ENGLAND MIDLANDS,UNIVERSITY HOSPITALS OF DERBY AND BURTON NHS FOUNDATION TRUST,14372,0,12770,108,0,61,7893,0,1157,46,0,2,870,133,3938,0,157,1904,,,,,,,2023-04-01,27142,9050,45.1,5999
MSitAE-APRIL-2023,RWF,NHS ENGLAND SOUTH EAST,MAIDSTONE AND TUNBRIDGE WELLS NHS TRUST,16720,0,2087,0,0,0,2006,0,6,0,0,0,419,0,5531,0,0,1011,,,,,,,2023-04-01,18807,2012,88.0,6542
MSitAE-APRIL-2023,RWH,NHS ENGLAND EAST OF ENGLAND,EAST AND NORTH HERTFORDSHIRE NHS TRUST,8625,0,4822,4,0,362,4690,0,6,2,0,0,189,27,2728,0,0,224,,,,,,,2023-04-01,13447,4696,45.6,2952
MSitAE-APRIL-2023,RXK,NHS ENGLAND MIDLANDS,SANDWELL AND WEST BIRMINGHAM HOSPITALS NHS TRUST,12584,1300,9956,746,0,0,5578,109,356,138,0,0,968,39,2850,0,0,352,,,,,,,2023-04-01,23840,6043,55.7,3202
MSitAE-APRIL-2023,RXR,NHS ENGLAND NORTH WEST,EAST LANCASHIRE HOSPITALS NHS TRUST,10121,0,6584,0,0,0,3986,0,326,0,0,0,614,874,3784,0,18,918,,,,,,,2023-04-01,16705,4312,60.6,4720
MSitAE-APRIL-2023,RY4,NHS ENGLAND EAST OF ENGLAND,HERTFORDSHIRE COMMUNITY NHS TRUST,0,0,922,0,0,0,0,0,29,0,0,0,0,0,0,0,0,0,,,,,,,2023-04-01,922,29,,0
MSitAE-APRIL-2023,RYX,NHS ENGLAND LONDON,CENTRAL LONDON COMMUNITY HEALTHCARE NHS TRUST,0,0,8696,0,0,0,0,0,147,0,0,0,0,0,0,0,0,0,,,,,,,2023-04-01,8696,147,,0
MSitAE-APRIL-2023,NNF09,NHS ENGLAND NORTH EAST AND YORKSHIRE,BRANSHOLME HEALTH CENTRE,0,0,3519,0,0,0,0,0,639,0,0,0,0,0,0,0,0,0,,,,,,,2023-04-01,3519,639,,0
MSitAE-APRIL-2023,NNF76,NHS ENGLAND NORTH EAST AND YORKSHIRE,THE WILBERFORCE HEALTH CENTRE,0,0,2642,0,0,0,0,0,0,0,0,0,0,0,0,0,0,0,,,,,,,2023-04-01,2642,0,,0
MSitAE-APRIL-2023,NNF94,NHS ENGLAND NORTH EAST AND YORKSHIRE,EAST RIDING COMMUNITY HOSPITAL,0,0,2855,0,0,0,0,0,265,0,0,0,0,0,0,0,0,0,,,,,,,2023-04-01,2855,265,,0
MSitAE-APRIL-2023,NNFA7,NHS ENGLAND NORTH EAST AND YORKSHIRE,GOOLE & DISTRICT HOSPITAL,0,0,1287,0,0,0,0,0,2,0,0,0,0,0,0,0,0,0,,,,,,,2023-04-01,1287,2,,0
MSitAE-APRIL-2023,NR3,NHS ENGLAND MIDLANDS,NOTTINGHAM CITYCARE PARTNERSHIP,0,0,4577,0,0,265,0,0,198,0,0,0,0,0,0,0,0,0,,,,,,,2023-04-01,4577,198,,0
MSitAE-APRIL-2023,NTP11,NHS ENGLAND SOUTH EAST,PRACTICE PLUS GROUP HOSPITAL - SOUTHAMPTON,0,0,5203,0,0,0,0,0,457,0,0,0,0,0,0,0,0,0,,,,,,,2023-04-01,5203,457,,0
MSitAE-APRIL-2023,NTV0B,NHS ENGLAND SOUTH EAST,ASHFORD WALK-IN-CENTRE,0,0,2563,0,0,0,0,0,127,0,0,0,0,0,0,0,0,0,,,,,,,2023-04-01,2563,127,,0
MSitAE-APRIL-2023,NTV0W,NHS ENGLAND SOUTH EAST,WOKING WALK IN CENTRE,0,0,2811,0,0,0,0,0,102,0,0,0,0,0,0,0,0,0,,,,,,,2023-04-01,2811,102,,0
MSitAE-APRIL-2023,R1K,NHS ENGLAND LONDON,LONDON NORTH WEST UNIVERSITY HEALTHCARE NHS TRUST,11787,0,12576,241,0,0,5871,0,278,118,0,0,766,363,6112,0,0,1088,,,,,,,2023-04-01,24363,6149,50.2,7200
MSitAE-APRIL-2023,RCF,NHS ENGLAND NORTH EAST AND YORKSHIRE,AIREDALE NHS FOUNDATION TRUST,4972,243,11,441,0,0,2392,0,0,0,0,0,391,14,1354,0,0,479,,,,,,,2023-04-01,5226,2392,51.9,1833
MSitAE-APRIL-2023,RCU,NHS ENGLAND NORTH EAST AND YORKSHIRE,SHEFFIELD CHILDREN'S NHS FOUNDATION TRUST,4266,0,149,271,0,13,348,0,0,18,0,0,3,0,812,0,0,83,,,,,,,2023-04-01,4415,348,91.8,895
MSitAE-APRIL-2023,RCX,NHS ENGLAND EAST OF ENGLAND,"THE QUEEN ELIZABETH HOSPITAL, KING'S LYNN, NHS FOUNDATION TRUST",5989,0,871,93,0,0,2408,0,0,28,0,0,681,243,2248,0,0,430,,,,,,,2023-04-01,6860,2408,59.8,2678
MSitAE-APRIL-2023,RD1,NHS ENGLAND SOUTH WEST,ROYAL UNITED HOSPITALS BATH NHS FOUNDATION TRUST,7654,0,0,0,0,0,3405,0,0,0,0,0,681,16,2259,0,7,1205,,,,,,,2023-04-01,7654,3405,55.5,3471
MSitAE-APRIL-2023,RH8,NHS ENGLAND SOUTH WEST,ROYAL DEVON UNIVERSITY HEALTHCARE NHS FOUNDATION TRUST,10624,0,2670,1090,0,43,4646,0,25,431,0,2,724,103,3273,0,0,1906,,,,,,,2023-04-01,13294,4671,56.3,5179
MSitAE-APRIL-2023,RJ7,NHS ENGLAND LONDON,ST GEORGE'S UNIVERSITY HOSPITALS NHS FOUNDATION TRUST,7454,0,2974,943,0,0,1771,0,0,102,0,0,448,331,2220,0,0,753,,,,,,,2023-04-01,10428,1771,76.2,2973
MSitAE-APRIL-2023,RJC,NHS ENGLAND MIDLANDS,SOUTH WARWICKSHIRE UNIVERSITY NHS FOUNDATION TRUST,6558,0,333,15,0,0,1155,0,0,0,0,0,120,0,1840,0,0,576,,,,,,,2023-04-01,6891,1155,82.4,2416
MSitAE-APRIL-2023,RJE,NHS ENGLAND MIDLANDS,UNIVERSITY HOSPITALS OF NORTH MIDLANDS NHS TRUST,12333,474,7375,691,0,367,5916,0,182,258,0,5,1450,286,5405,0,0,2554,,,,,,,2023-04-01,20182,6098,52.0,7959
MSitAE-APRIL-2023,RK9,NHS ENGLAND SOUTH WEST,UNIVERSITY HOSPITALS PLYMOUTH NHS TRUST,8043,206,3582,0,0,0,0,0,0,0,0,0,539,587,2397,0,956,0,,,,,,,2023-04-01,11831,0,100.0,3353
MSitAE-APRIL-2023,RNA,NHS ENGLAND MIDLANDS,THE DUDLEY GROUP NHS FOUNDATION TRUST,8643,0,4685,128,0,1212,3387,0,321,29,0,0,552,10,3257,0,0,1631,,,,,,,2023-04-01,13328,3708,60.8,4888
MSitAE-APRIL-2023,RP6,NHS ENGLAND LONDON,MOORFIELDS EYE HOSPITAL NHS FOUNDATION TRUST,0,6018,0,0,0,0,0,199,0,0,0,0,0,0,0,12,0,215,,,,,,,2023-04-01,6018,199,,227
MSitAE-APRIL-2023,RQM,NHS ENGLAND LONDON,CHELSEA AND WESTMINSTER HOSPITAL NHS FOUNDATION TRUST,17441,0,8414,534,0,0,0,0,0,0,0,0,645,22,2552,0,0,355,,,,,,,2023-04-01,25855,0,100.0,2907
MSitAE-APRIL-2023,RRV,NHS ENGLAND LONDON,UNIVERSITY COLLEGE LONDON HOSPITALS NHS FOUNDATION TRUST,11391,0,0,493,0,0,3646,0,0,0,0,0,261,26,1306,0,0,257,,,,,,,2023-04-01,11391,3646,68.0,1563
MSitAE-APRIL-2023,RTQ,NHS ENGLAND SOUTH WEST,GLOUCESTERSHIRE HEALTH AND CARE NHS FOUNDATION TRUST,0,0,5841,0,0,0,0,0,9,0,0,0,0,0,0,0,0,50,,,,,,,2023-04-01,5841,9,,50
MSitAE-APRIL-2023,RTX,NHS ENGLAND NORTH WEST,UNIVERSITY HOSPITALS OF MORECAMBE BAY NHS FOUNDATION TRUST,7310,0,3736,181,0,38,2846,0,127,51,0,1,576,441,2538,0,30,744,,,,,,,2023-04-01,11046,2973,61.1,3312
MSitAE-APRIL-2023,RVR,NHS ENGLAND LONDON,EPSOM AND ST HELIER UNIVERSITY HOSPITALS NHS TRUST,11761,286,0,168,0,0,2987,0,0,23,0,0,509,332,1795,4,0,116,,,,,,,2023-04-01,12047,2987,74.6,1915
MSitAE-APRIL-2023,RWG,NHS ENGLAND EAST OF ENGLAND,WEST HERTFORDSHIRE TEACHING HOSPITALS NHS TRUST,7388,0,6207,0,0,1160,3923,0,265,0,0,29,957,0,3165,0,0,761,,,,,,,2023-04-01,13595,4188,46.9,3926
MSitAE-APRIL-2023,RWP,NHS ENGLAND MIDLANDS,WORCESTERSHIRE ACUTE HOSPITALS NHS TRUST,11126,0,5126,211,0,0,5350,0,5,74,0,0,1004,317,3092,0,0,1131,,,,,,,2023-04-01,16252,5355,51.9,4223
MSitAE-APRIL-2023,RXW,NHS ENGLAND MIDLANDS,THE SHREWSBURY AND TELFORD HOSPITAL NHS TRUST,9839,0,2063,76,0,278,5315,0,271,19,0,2,592,524,2554,0,45,1931,,,,,,,2023-04-01,11902,5586,46.0,4530
MSitAE-APRIL-2023,RY7,NHS ENGLAND NORTH WEST,WIRRAL COMMUNITY HEALTH AND CARE NHS FOUNDATION TRUST,0,0,4378,0,0,0,0,0,255,0,0,0,0,0,0,0,0,0,,,,,,,2023-04-01,4378,255,,0
MSitAE-APRIL-2023,RY8,NHS ENGLAND MIDLANDS,DERBYSHIRE COMMUNITY HEALTH SERVICES NHS FOUNDATION TRUST,0,0,7021,0,0,1572,0,0,3,0,0,0,0,0,0,0,0,0,,,,,,,2023-04-01,7021,3,,0
MSitAE-APRIL-2023,RY9,NHS ENGLAND LONDON,HOUNSLOW AND RICHMOND COMMUNITY HEALTHCARE NHS TRUST,0,0,4932,0,0,0,0,0,6,0,0,0,0,0,0,0,0,0,,,,,,,2023-04-01,4932,6,,0
MSitAE-APRIL-2023,DD401,NHS ENGLAND SOUTH WEST,EXMOUTH MINOR INJURY UNIT,0,0,1092,0,0,0,0,0,0,0,0,0,0,0,0,0,0,0,,,,,,,2023-04-01,1092,0,,0
MSitAE-APRIL-2023,NDA57,NHS ENGLAND SOUTH EAST,HASLEMERE MINOR INJURIES UNIT,0,0,1081,0,0,16,0,0,0,0,0,0,0,0,1,0,0,0,,,,,,,2023-04-01,1081,0,,1
MSitAE-APRIL-2023,R1F,NHS ENGLAND SOUTH EAST,ISLE OF WIGHT NHS TRUST,3513,0,2234,24,0,39,1660,0,0,9,0,0,416,432,1046,0,0,264,,,,,,,2023-04-01,5747,1660,52.7,1310
MSitAE-APRIL-2023,RA2,NHS ENGLAND SOUTH EAST,ROYAL SURREY COUNTY HOSPITAL NHS FOUNDATION TRUST,5578,0,0,502,0,0,1921,0,0,134,0,0,268,0,2118,0,0,782,,,,,,,2023-04-01,5578,1921,65.6,2900
MSitAE-APRIL-2023,RAS,NHS ENGLAND LONDON,THE HILLINGDON HOSPITALS NHS FOUNDATION TRUST,5595,0,5590,0,0,0,2653,0,164,0,0,0,551,9,1704,0,0,324,,,,,,,2023-04-01,11185,2817,52.6,2028
MSitAE-APRIL-2023,RBT,NHS ENGLAND NORTH WEST,MID CHESHIRE HOSPITALS NHS FOUNDATION TRUST,6753,0,2344,73,0,19,3404,0,14,18,0,0,596,131,2254,0,0,976,,,,,,,2023-04-01,9097,3418,49.6,3230
MSitAE-APRIL-2023,RCB,NHS ENGLAND NORTH EAST AND YORKSHIRE,YORK AND SCARBOROUGH TEACHING HOSPITALS NHS FOUNDATION TRUST,9174,343,9752,0,0,447,4882,0,429,0,0,14,756,800,3775,4,0,1294,,,,,,,2023-04-01,19269,5311,46.8,5073
MSitAE-APRIL-2023,RDE,NHS ENGLAND EAST OF ENGLAND,EAST SUFFOLK AND NORTH ESSEX NHS FOUNDATION TRUST,13222,0,10239,193,0,194,5867,0,54,0,0,0,982,50,4431,0,228,811,,,,,,,2023-04-01,23461,5921,55.6,5470
MSitAE-APRIL-2023,REP,NHS ENGLAND NORTH WEST,LIVERPOOL WOMEN'S NHS FOUNDATION TRUST,0,1130,0,0,111,0,0,137,0,0,0,0,0,0,0,75,0,26,,,,,,,2023-04-01,1130,137,,101
MSitAE-APRIL-2023,RGT,NHS ENGLAND EAST OF ENGLAND,CAMBRIDGE UNIVERSITY HOSPITALS NHS FOUNDATION TRUST,9043,0,5523,106,0,67,0,0,0,0,0,0,597,311,2433,0,32,466,,,,,,,2023-04-01,14566,0,100.0,2931
MSitAE-APRIL-2023,RH5,NHS ENGLAND SOUTH WEST,SOMERSET NHS FOUNDATION TRUST,11699,0,8535,0,0,1,4021,0,160,0,0,0,440,31,3226,0,0,1521,,,,,,,2023-04-01,20234,4181,65.6,4747
MSitAE-APRIL-2023,RHM,NHS ENGLAND SOUTH EAST,UNIVERSITY HOSPITAL SOUTHAMPTON NHS FOUNDATION TRUST,10373,1321,0,2,0,0,3732,45,0,0,0,0,277,6,3299,16,0,1305,,,,,,,2023-04-01,11694,3777,64.0,4620
MSitAE-APRIL-2023,RHQ,NHS ENGLAND NORTH EAST AND YORKSHIRE,SHEFFIELD TEACHING HOSPITALS NHS FOUNDATION TRUST,8282,1022,7199,383,0,746,3760,0,235,163,0,7,814,6,3106,0,0,2737,,,,,,,2023-04-01,16503,3995,54.6,5843
MSitAE-APRIL-2023,RJ1,NHS ENGLAND LONDON,GUY'S AND ST THOMAS' NHS FOUNDATION TRUST,11627,733,2210,0,0,1767,3466,0,1,0,0,0,27,40,3365,0,0,872,,,,,,,2023-04-01,14570,3467,70.2,4237
MSitAE-APRIL-2023,RKB,NHS ENGLAND MIDLANDS,UNIVERSITY HOSPITALS COVENTRY AND WARWICKSHIRE NHS TRUST,10599,1606,7502,51,0,116,4500,90,39,14,0,0,673,7,2995,73,50,1529,,,,,,,2023-04-01,19707,4629,57.5,4647
MSitAE-APRIL-2023,RKE,NHS ENGLAND LONDON,WHITTINGTON HEALTH NHS TRUST,7988,0,0,0,0,0,2552,0,0,0,0,0,262,173,942,0,0,50,,,,,,,2023-04-01,7988,2552,68.1,992
MSitAE-APRIL-2023,RMC,NHS ENGLAND NORTH WEST,BOLTON NHS FOUNDATION TRUST,8695,0,1469,39,0,15,2950,0,216,12,0,0,517,356,1903,0,79,697,,,,,,,2023-04-01,10164,3166,66.1,2679
MSitAE-APRIL-2023,RMP,NHS ENGLAND NORTH WEST,TAMESIDE AND GLOSSOP INTEGRATED CARE NHS FOUNDATION TRUST,7314,0,2538,233,0,0,2939,0,0,0,0,0,178,2,2023,0,0,193,,,,,,,2023-04-01,9852,2939,59.8,2216
MSitAE-APRIL-2023,RNN,NHS ENGLAND NORTH EAST AND YORKSHIRE,NORTH CUMBRIA INTEGRATED CARE NHS FOUNDATION TRUST,8324,0,2081,231,0,0,3124,0,4,37,0,0,673,350,2162,0,0,648,,,,,,,2023-04-01,10405,3128,62.5,2810
MSitAE-APRIL-2023,RNS,NHS ENGLAND MIDLANDS,NORTHAMPTON GENERAL HOSPITAL NHS TRUST,7888,629,1900,168,0,69,3242,13,54,38,0,2,279,770,1618,0,0,1225,,,,,,,2023-04-01,10417,3309,58.9,2843
MSitAE-APRIL-2023,RNZ,NHS ENGLAND SOUTH WEST,SALISBURY NHS FOUNDATION TRUST,3792,238,1997,174,0,0,1335,0,0,48,0,0,359,16,1200,0,0,696,,,,,,,2023-04-01,6027,1335,64.8,1896
MSitAE-APRIL-2023,RQW,NHS ENGLAND EAST OF ENGLAND,THE PRINCESS ALEXANDRA HOSPITAL NHS TRUST,8483,0,0,1181,0,0,4366,0,0,0,0,0,324,28,1974,0,0,378,,,,,,,2023-04-01,8483,4366,48.5,2352
MSitAE-APRIL-2023,RR8,NHS ENGLAND NORTH EAST AND YORKSHIRE,LEEDS TEACHING HOSPITALS NHS TRUST,15540,0,10715,186,0,15,6144,0,32,42,0,0,1395,228,3476,0,0,1060,,,,,,,2023-04-01,26255,6176,60.5,4536
MSitAE-APRIL-2023,RTE,NHS ENGLAND SOUTH WEST,GLOUCESTERSHIRE HOSPITALS NHS FOUNDATION TRUST,11433,0,0,240,0,0,4256,0,0,74,0,0,466,630,2527,0,0,1401,,,,,,,2023-04-01,11433,4256,62.8,3928
MSitAE-APRIL-2023,RTF,NHS ENGLAND NORTH EAST AND YORKSHIRE,NORTHUMBRIA HEALTHCARE NHS FOUNDATION TRUST,8914,0,11284,0,0,0,1454,0,9,0,0,0,8,0,4893,0,57,969,,,,,,,2023-04-01,20198,1463,83.7,5919
MSitAE-APRIL-2023,RTH,NHS ENGLAND SOUTH EAST,OXFORD UNIVERSITY HOSPITALS NHS FOUNDATION TRUST,10477,1745,492,1089,0,99,3788,0,10,289,0,0,556,4,3471,127,21,3817,,,,,,,2023-04-01,12714,3798,63.8,7436
MSitAE-APRIL-2023,RVJ,NHS ENGLAND SOUTH WEST,NORTH BRISTOL NHS TRUST,7806,0,0,133,0,0,1546,0,0,29,0,0,462,2,3125,0,0,1574,,,,,,,2023-04-01,7806,1546,80.2,4699
MSitAE-APRIL-2023,RVV,NHS ENGLAND SOUTH EAST,EAST KENT HOSPITALS UNIVERSITY NHS FOUNDATION TRUST,10931,0,11427,101,0,0,6125,0,412,53,0,0,552,989,3675,0,428,1479,,,,,,,2023-04-01,22358,6537,44.0,5582
MSitAE-APRIL-2023,RWA,NHS ENGLAND NORTH EAST AND YORKSHIRE,HULL UNIVERSITY TEACHING HOSPITALS NHS TRUST,10062,0,0,0,0,0,4579,0,0,0,0,0,923,167,3114,0,0,1780,,,,,,,2023-04-01,10062,4579,54.5,4894
MSitAE-APRIL-2023,RWD,NHS ENGLAND MIDLANDS,UNITED LINCOLNSHIRE HOSPITALS NHS TRUST,11577,0,5825,4,0,0,6148,0,901,1,0,0,887,665,3744,0,0,1031,,,,,,,2023-04-01,17402,7049,46.9,4775
MSitAE-APRIL-2023,RWJ,NHS ENGLAND NORTH WEST,STOCKPORT NHS FOUNDATION TRUST,8225,0,0,507,0,0,2848,0,0,115,0,0,635,67,2713,0,0,679,,,,,,,2023-04-01,8225,2848,65.4,3392
MSitAE-APRIL-2023,RXC,NHS ENGLAND SOUTH EAST,EAST SUSSEX HEALTHCARE NHS TRUST,8702,0,1954,785,0,1009,3280,0,28,0,0,0,136,0,3048,0,0,488,,,,,,,2023-04-01,10656,3308,62.3,3536
MSitAE-APRIL-2023,RXN,NHS ENGLAND NORTH WEST,LANCASHIRE TEACHING HOSPITALS NHS FOUNDATION TRUST,11146,0,3564,204,0,40,3863,0,88,39,0,1,1127,159,2919,0,163,1279,,,,,,,2023-04-01,14710,3951,65.3,4361
MSitAE-APRIL-2023,RXP,NHS ENGLAND NORTH EAST AND YORKSHIRE,COUNTY DURHAM AND DARLINGTON NHS FOUNDATION TRUST,12168,0,3805,0,0,6162,5994,0,0,0,0,0,1796,11,3816,0,0,627,,,,,,,2023-04-01,15973,5994,50.7,4443
MSitAE-APRIL-2023,RY2,NHS ENGLAND NORTH WEST,BRIDGEWATER COMMUNITY HEALTHCARE NHS FOUNDATION TRUST,0,0,3204,0,0,174,0,0,100,0,0,9,0,0,0,0,0,0,,,,,,,2023-04-01,3204,100,,0
MSitAE-APRIL-2023,R1H,NHS ENGLAND LONDON,BARTS HEALTH NHS TRUST,21235,721,16803,0,0,0,8647,43,1693,0,0,0,2645,365,5017,0,0,985,,,,,,,2023-04-01,38759,10383,59.3,6002
MSitAE-APRIL-2023,RAE,NHS ENGLAND NORTH EAST AND YORKSHIRE,BRADFORD TEACHING HOSPITALS NHS FOUNDATION TRUST,9683,0,1079,0,0,0,2684,0,1,0,0,0,868,52,2585,0,86,1248,,,,,,,2023-04-01,10762,2685,72.3,3919
MSitAE-APRIL-2023,RAN,NHS ENGLAND LONDON,ROYAL NATIONAL ORTHOPAEDIC HOSPITAL NHS TRUST,0,0,0,0,0,0,0,0,0,0,0,0,0,0,0,0,0,24,,,,,,,2023-04-01,0,0,,24
MSitAE-APRIL-2023,RAP,NHS ENGLAND LONDON,NORTH MIDDLESEX UNIVERSITY HOSPITAL NHS TRUST,7753,496,6566,542,0,0,3731,7,977,173,0,0,586,382,1644,0,0,149,,,,,,,2023-04-01,14815,4715,51.9,1793
MSitAE-APRIL-2023,RBS,NHS ENGLAND NORTH WEST,ALDER HEY CHILDREN'S NHS FOUNDATION TRUST,5063,0,0,0,0,0,806,0,0,0,0,0,25,0,906,0,0,248,,,,,,,2023-04-01,5063,806,84.1,1154
MSitAE-APRIL-2023,RC9,NHS ENGLAND EAST OF ENGLAND,BEDFORDSHIRE HOSPITALS NHS FOUNDATION TRUST,14239,0,6549,0,0,1066,0,0,0,0,0,0,90,3,4256,0,0,2076,,,,,,,2023-04-01,20788,0,100.0,6332
MSitAE-APRIL-2023,RDR,NHS ENGLAND SOUTH EAST,SUSSEX COMMUNITY NHS FOUNDATION TRUST,0,0,10810,0,0,0,0,0,167,0,0,0,0,0,0,0,0,0,,,,,,,2023-04-01,10810,167,,0
MSitAE-APRIL-2023,RJ6,NHS ENGLAND LONDON,CROYDON HEALTH SERVICES NHS TRUST,11956,0,4557,0,0,0,3940,0,0,0,0,0,521,281,1363,0,0,112,,,,,,,2023-04-01,16513,3940,67.0,1475
MSitAE-APRIL-2023,RNQ,NHS ENGLAND MIDLANDS,KETTERING GENERAL HOSPITAL NHS FOUNDATION TRUST,8307,0,0,328,0,0,0,0,0,0,0,0,1201,0,1907,0,0,146,,,,,,,2023-04-01,8307,0,100.0,2053
MSitAE-APRIL-2023,RPA,NHS ENGLAND SOUTH EAST,MEDWAY NHS FOUNDATION TRUST,7224,0,6043,338,0,1238,2812,0,533,0,0,0,761,131,2027,0,0,937,,,,,,,2023-04-01,13267,3345,61.1,2964
MSitAE-APRIL-2023,RRF,NHS ENGLAND NORTH WEST,"WRIGHTINGTON, WIGAN AND LEIGH NHS FOUNDATION TRUST",7122,0,4978,0,0,0,3801,0,30,0,0,0,1087,306,2095,0,0,680,,,,,,,2023-04-01,12100,3831,46.6,2775
MSitAE-APRIL-2023,RTR,NHS ENGLAND NORTH EAST AND YORKSHIRE,SOUTH TEES HOSPITALS NHS FOUNDATION TRUST,9516,0,4948,0,0,322,3871,0,191,0,0,9,1007,61,2326,0,148,1751,,,,,,,2023-04-01,14464,4062,59.3,4225
MSitAE-APRIL-2023,RYJ,NHS ENGLAND LONDON,IMPERIAL COLLEGE HEALTHCARE NHS TRUST,10966,3880,6139,0,0,0,0,0,0,0,0,0,994,42,2711,0,0,1082,,,,,,,2023-04-01,20985,0,100.0,3793
MSitAE-APRIL-2023,RJL,NHS ENGLAND NORTH EAST AND YORKSHIRE,NORTHERN LINCOLNSHIRE AND GOOLE NHS FOUNDATION TRUST,13133,0,0,0,0,0,5083,0,0,0,0,0,882,454,4106,0,0,513,,,,,,,2023-04-01,13133,5083,61.3,4619
MSitAE-APRIL-2023,RBV,NHS ENGLAND NORTH WEST,THE CHRISTIE NHS FOUNDATION TRUST,0,0,0,0,0,0,0,0,0,0,0,0,0,0,0,0,0,585,,,,,,,2023-04-01,0,0,,585
MSitAE-APRIL-2023,REM,NHS ENGLAND NORTH WEST,LIVERPOOL UNIVERSITY HOSPITALS NHS FOUNDATION TRUST,15915,195,8095,443,0,0,6928,0,331,43,0,0,1798,1058,4769,0,0,1624,,,,,,,2023-04-01,24205,7259,56.5,6393
MSitAE-APRIL-2023,RET,NHS ENGLAND NORTH WEST,THE WALTON CENTRE NHS FOUNDATION TRUST,0,0,0,0,0,0,0,0,0,0,0,0,0,0,0,0,0,138,,,,,,,2023-04-01,0,0,,138
MSitAE-APRIL-2023,Y03218,NHS ENGLAND LONDON,THE PINN UNREGISTERED WIC,0,0,764,0,0,0,0,0,0,0,0,0,0,0,0,0,0,0,,,,,,,2023-04-01,764,0,,0
MSitAE-APRIL-2023,ACH01,NHS ENGLAND SOUTH EAST,WHITSTABLE MEDICAL PRACTICE,0,0,4579,0,0,0,0,0,0,0,0,0,0,0,0,0,0,0,,,,,,,2023-04-01,4579,0,,0
MSitAE-APRIL-2023,C83023,NHS ENGLAND MIDLANDS,SLEAFORD MEDICAL GROUP,0,0,637,0,0,0,0,0,0,0,0,0,0,0,0,0,0,8,,,,,,,2023-04-01,637,0,,8
MSitAE-APRIL-2023,RBL,NHS ENGLAND NORTH WEST,WIRRAL UNIVERSITY TEACHING HOSPITAL NHS FOUNDATION TRUST,7403,0,2505,169,0,244,3689,0,54,47,0,7,675,229,2005,0,0,1355,,,,,,,2023-04-01,9908,3743,50.2,3360
MSitAE-APRIL-2023,RN3,NHS ENGLAND SOUTH WEST,GREAT WESTERN HOSPITALS NHS FOUNDATION TRUST,4809,0,4695,0,0,297,2168,0,209,0,0,7,384,79,1984,0,0,1260,,,,,,,2023-04-01,9504,2377,54.9,3244
MSitAE-APRIL-2023,RWW,NHS ENGLAND NORTH WEST,WARRINGTON AND HALTON TEACHING HOSPITALS NHS FOUNDATION TRUST,6997,0,2867,245,0,151,2892,0,41,74,0,1,643,564,2002,0,0,172,,,,,,,2023-04-01,9864,2933,58.7,2174
MSitAE-APRIL-2023,RHW,NHS ENGLAND SOUTH EAST,ROYAL BERKSHIRE NHS FOUNDATION TRUST,10582,2244,0,618,0,0,3182,18,0,0,0,0,328,0,2149,2,0,829,,,,,,,2023-04-01,12826,3200,69.9,2980
MSitAE-APRIL-2023,R0D,NHS ENGLAND SOUTH WEST,UNIVERSITY HOSPITALS DORSET NHS FOUNDATION TRUST,12416,0,1326,205,0,0,0,0,0,0,0,0,883,169,3733,9,0,1953,,,,,,,2023-04-01,13742,0,100.0,5695
MSitAE-APRIL-2023,R0B,NHS ENGLAND NORTH EAST AND YORKSHIRE,SOUTH TYNESIDE AND SUNDERLAND NHS FOUNDATION TRUST,10903,1452,5190,402,0,1053,4616,8,91,186,0,24,687,1,3994,18,0,1056,,,,,,,2023-04-01,17545,4715,57.7,5068
MSitAE-APRIL-2023,RAL,NHS ENGLAND LONDON,ROYAL FREE LONDON NHS FOUNDATION TRUST,15477,0,7998,0,0,0,6928,0,350,0,0,0,1106,473,3866,0,0,480,,,,,,,2023-04-01,23475,7278,55.2,4346
MSitAE-APRIL-2023,RDU,NHS ENGLAND SOUTH EAST,FRIMLEY HEALTH NHS FOUNDATION TRUST,18137,0,0,1927,0,0,0,0,0,0,0,0,1339,0,5163,0,0,234,,,,,,,2023-04-01,18137,0,100.0,5397
MSitAE-APRIL-2023,RBN,NHS ENGLAND NORTH WEST,ST HELENS AND KNOWSLEY TEACHING HOSPITALS NHS TRUST,9200,0,4235,130,0,0,4535,0,79,9,0,0,262,3,4853,0,0,429,,,,,,,2023-04-01,13435,4614,50.7,5282
MSitAE-APRIL-2023,R0A,NHS ENGLAND NORTH WEST,MANCHESTER UNIVERSITY NHS FOUNDATION TRUST,22266,3111,9892,2291,431,576,9413,41,432,738,2,44,2304,131,5307,190,147,501,,,,,,,2023-04-01,35269,9886,57.7,6145
MSitAE-APRIL-2023,RR7,NHS ENGLAND NORTH EAST AND YORKSHIRE,GATESHEAD HEALTH NHS FOUNDATION TRUST,5820,0,2811,23,0,24,2173,0,64,6,0,0,852,0,1656,0,0,718,,,,,,,2023-04-01,8631,2237,62.7,2374
MSitAE-APRIL-2023,RM3,NHS ENGLAND NORTH WEST,NORTHERN CARE ALLIANCE NHS FOUNDATION TRUST,22744,0,6642,0,0,0,9683,0,254,0,0,0,1279,461,6058,0,337,1470,,,,,,,2023-04-01,29386,9937,57.4,7865
MSitAE-APRIL-2023,RX1,NHS ENGLAND MIDLANDS,NOTTINGHAM UNIVERSITY HOSPITALS NHS TRUST,14403,1931,312,448,0,0,0,0,0,0,0,0,909,347,3827,0,0,2934,,,,,,,2023-04-01,16646,0,100.0,6761
MSitAE-APRIL-2023,NLX,NHS ENGLAND SOUTH WEST,SIRONA CARE & HEALTH,0,0,6930,0,0,267,0,0,181,0,0,31,0,0,0,0,0,0,,,,,,,2023-04-01,6930,181,,0
MSitAE-APRIL-2023,RFS,NHS ENGLAND MIDLANDS,CHESTERFIELD ROYAL HOSPITAL NHS FOUNDATION TRUST,5200,0,2430,165,0,122,2307,0,168,54,0,9,628,63,2302,0,239,513,,,,,,,2023-04-01,7630,2475,55.6,3054
MSitAE-APRIL-2023,G0Q0L,NHS ENGLAND LONDON,BARKING HOSPITAL UTC,0,0,2182,0,0,0,0,0,100,0,0,0,0,0,0,0,0,0,,,,,,,2023-04-01,2182,100,,0
MSitAE-APRIL-2023,K6K0R,NHS ENGLAND LONDON,HAROLD WOOD POLYCLINIC UTC,0,0,2037,0,0,0,0,0,149,0,0,0,0,0,0,0,0,0,,,,,,,2023-04-01,2037,149,,0
MSitAE-AUGUST-2023,L83087,NHS ENGLAND SOUTH WEST,OKEHAMPTON MEDICAL CENTRE,0,0,96,0,0,0,0,0,0,0,0,0,0,0,0,0,0,0,,,,,,,2023-08-01,96,0,,0
MSitAE-AUGUST-2023,RW1,NHS ENGLAND SOUTH EAST,SOUTHERN HEALTH NHS FOUNDATION TRUST,0,0,2664,0,0,0,0,0,18,0,0,0,0,0,0,0,3,157,,,,,,,2023-08-01,2664,18,,160
MSitAE-AUGUST-2023,Y00751,NHS ENGLAND SOUTH EAST,EAST BERKS PRIMARY CARE OOH(WAM),0,0,0,0,0,0,0,0,0,0,0,0,0,0,0,0,0,0,,,,,,,2023-08-01,0,0,,0
MSitAE-AUGUST-2023,8J094,NHS ENGLAND MIDLANDS,BADGER LTD,0,0,0,0,0,2294,0,0,0,0,0,0,0,0,0,0,0,0,,,,,,,2023-08-01,0,0,,0
MSitAE-AUGUST-2023,ACH01,NHS ENGLAND SOUTH EAST,WHITSTABLE MEDICAL PRACTICE,0,0,4704,0,0,0,0,0,0,0,0,0,0,0,0,0,0,0,,,,,,,2023-08-01,4704,0,,0
MSitAE-AUGUST-2023,AQN04,NHS ENGLAND SOUTH EAST,PHL LYMINGTON UTC,0,0,3057,0,0,30,0,0,76,0,0,0,0,0,0,0,0,0,,,,,,,2023-08-01,3057,76,,0
MSitAE-AUGUST-2023,C82038,NHS ENGLAND MIDLANDS,LATHAM HOUSE MEDICAL PRACTICE,0,0,343,0,0,0,0,0,0,0,0,0,0,0,0,0,0,0,,,,,,,2023-08-01,343,0,,0
MSitAE-AUGUST-2023,NQT51,NHS ENGLAND SOUTH EAST,STATION PLAZA HEALTH CENTRE,0,0,1802,0,0,0,0,0,0,0,0,0,0,0,0,0,0,0,,,,,,,2023-08-01,1802,0,,0
MSitAE-AUGUST-2023,NQTE4,NHS ENGLAND MIDLANDS,SUMMERFIELD URGENT CARE CENTRE,0,0,4001,0,0,0,0,0,0,0,0,0,0,0,0,0,0,0,,,,,,,2023-08-01,4001,0,,0
MSitAE-AUGUST-2023,RAT,NHS ENGLAND LONDON,NORTH EAST LONDON NHS FOUNDATION TRUST,0,0,1959,0,0,0,0,0,59,0,0,0,0,0,0,0,0,0,,,,,,,2023-08-01,1959,59,,0
MSitAE-AUGUST-2023,RXQ,NHS ENGLAND SOUTH EAST,BUCKINGHAMSHIRE HEALTHCARE NHS TRUST,8788,1220,3073,0,0,0,3327,0,87,0,0,0,375,234,3561,820,0,1149,,,,,,,2023-08-01,13081,3414,62.1,5530
MSitAE-AUGUST-2023,RY7,NHS ENGLAND NORTH WEST,WIRRAL COMMUNITY HEALTH AND CARE NHS FOUNDATION TRUST,0,0,4690,0,0,0,0,0,182,0,0,0,0,0,0,0,0,0,,,,,,,2023-08-01,4690,182,,0
MSitAE-AUGUST-2023,Y02428,NHS ENGLAND EAST OF ENGLAND,PUTNOE WALK IN CENTRE,0,0,2201,0,0,0,0,0,0,0,0,0,0,0,0,0,0,0,,,,,,,2023-08-01,2201,0,,0
MSitAE-AUGUST-2023,Y02532,NHS ENGLAND NORTH WEST,MIRIAM MINOR EMERGENCY,0,0,1735,0,0,0,0,0,26,0,0,0,0,0,0,0,0,0,,,,,,,2023-08-01,1735,26,,0
MSitAE-AUGUST-2023,Y02615,NHS ENGLAND MIDLANDS,SOUTH BIRMINGHAM GP WALK IN CENTRE,0,0,6302,0,0,0,0,0,0,0,0,0,0,0,0,0,0,0,,,,,,,2023-08-01,6302,0,,0
MSitAE-AUGUST-2023,Y03007,NHS ENGLAND MIDLANDS,ERDINGTON GP HEALTH & WELLBEING WIC,0,0,0,0,0,1826,0,0,0,0,0,0,0,0,0,0,0,0,,,,,,,2023-08-01,0,0,,0
MSitAE-AUGUST-2023,AJN,NHS ENGLAND NORTH EAST AND YORKSHIRE,WORKINGTON HEALTH LIMITED,0,0,381,0,0,0,0,0,0,0,0,0,0,0,0,0,0,0,,,,,,,2023-08-01,381,0,,0
MSitAE-AUGUST-2023,NL7,NHS ENGLAND MIDLANDS,ASSURA VERTIS URGENT CARE CENTRES (BIRMINGHAM),0,0,4818,0,0,0,0,0,0,0,0,0,0,0,0,0,0,0,,,,,,,2023-08-01,4818,0,,0
MSitAE-AUGUST-2023,RDY,NHS ENGLAND SOUTH WEST,DORSET HEALTHCARE UNIVERSITY NHS FOUNDATION TRUST,0,0,0,0,0,0,0,0,0,0,0,0,0,0,0,0,2,4,,,,,,,2023-08-01,0,0,,6
MSitAE-AUGUST-2023,RGP,NHS ENGLAND EAST OF ENGLAND,JAMES PAGET UNIVERSITY HOSPITALS NHS FOUNDATION TRUST,7092,0,1320,119,0,0,2780,0,0,30,0,0,569,262,1585,0,0,507,,,,,,,2023-08-01,8412,2780,60.8,2092
MSitAE-AUGUST-2023,Y02147,NHS ENGLAND LONDON,URGENT CARE CENTRE (QMS),0,0,7147,0,0,491,0,0,315,0,0,6,0,0,0,0,0,0,,,,,,,2023-08-01,7147,315,,0
MSitAE-AUGUST-2023,Y02676,NHS ENGLAND SOUTH EAST,BRIGHTON STATION HEALTH CENTRE,0,0,1796,0,0,0,0,0,5,0,0,0,0,0,0,0,0,0,,,,,,,2023-08-01,1796,5,,0
MSitAE-AUGUST-2023,C82009,NHS ENGLAND MIDLANDS,MARKET HARBOROUGH MED.CTR,0,0,296,0,0,0,0,0,0,0,0,0,0,0,0,0,0,0,,,,,,,2023-08-01,296,0,,0
MSitAE-AUGUST-2023,DD401,NHS ENGLAND SOUTH WEST,EXMOUTH MINOR INJURY UNIT,0,0,1249,0,0,0,0,0,0,0,0,0,0,0,0,0,0,0,,,,,,,2023-08-01,1249,0,,0
MSitAE-AUGUST-2023,RBQ,NHS ENGLAND NORTH WEST,LIVERPOOL HEART AND CHEST HOSPITAL NHS FOUNDATION TRUST,0,0,0,0,0,0,0,0,0,0,0,0,0,0,0,0,0,189,,,,,,,2023-08-01,0,0,,189
MSitAE-AUGUST-2023,RJ1,NHS ENGLAND LONDON,GUY'S AND ST THOMAS' NHS FOUNDATION TRUST,11894,790,2179,0,0,1994,4095,0,7,0,0,0,22,58,3392,0,0,959,,,,,,,2023-08-01,14863,4102,65.6,4351
MSitAE-AUGUST-2023,RJN,NHS ENGLAND NORTH WEST,EAST CHESHIRE NHS TRUST,4145,0,0,73,0,29,1596,0,0,0,0,0,251,119,924,0,0,161,,,,,,,2023-08-01,4145,1596,61.5,1085
MSitAE-AUGUST-2023,RXF,NHS ENGLAND NORTH EAST AND YORKSHIRE,MID YORKSHIRE TEACHING NHS TRUST,16154,0,6043,124,0,21,6237,0,347,11,0,1,2177,7,3592,0,171,791,,,,,,,2023-08-01,22197,6584,61.4,4554
MSitAE-AUGUST-2023,RY5,NHS ENGLAND MIDLANDS,LINCOLNSHIRE COMMUNITY HEALTH SERVICES NHS TRUST,0,0,9017,0,0,0,0,0,470,0,0,0,0,0,0,0,0,0,,,,,,,2023-08-01,9017,470,,0
MSitAE-AUGUST-2023,C83023,NHS ENGLAND MIDLANDS,SLEAFORD MEDICAL GROUP,0,0,521,0,0,0,0,0,0,0,0,0,0,0,0,0,0,13,,,,,,,2023-08-01,521,0,,13
MSitAE-AUGUST-2023,RJ2,NHS ENGLAND LONDON,LEWISHAM AND GREENWICH NHS TRUST,12161,0,10981,69,0,0,6048,0,1308,20,0,0,886,221,3530,0,0,1166,,,,,,,2023-08-01,23142,7356,50.3,4696
MSitAE-AUGUST-2023,RQX,NHS ENGLAND LONDON,HOMERTON HEALTHCARE NHS FOUNDATION TRUST,9802,0,0,22,0,0,1390,0,0,0,0,0,150,28,1637,0,0,141,,,,,,,2023-08-01,9802,1390,85.8,1778
MSitAE-AUGUST-2023,RWG,NHS ENGLAND EAST OF ENGLAND,WEST HERTFORDSHIRE TEACHING HOSPITALS NHS TRUST,7319,0,6363,0,0,1183,4461,0,131,0,0,4,1223,0,3027,0,0,742,,,,,,,2023-08-01,13682,4592,39.0,3769
MSitAE-AUGUST-2023,ARN03,NHS ENGLAND NORTH EAST AND YORKSHIRE,LOCAL CARE DIRECT,0,0,2254,0,0,239,0,0,0,0,0,0,0,0,0,0,0,0,,,,,,,2023-08-01,2254,0,,0
MSitAE-AUGUST-2023,NTPAD,NHS ENGLAND SOUTH EAST,PRACTICE PLUS GROUP SURGICAL CENTRE - ST MARYS PORTSMOUTH,0,0,5024,0,0,343,0,0,54,0,0,2,0,0,0,0,0,0,,,,,,,2023-08-01,5024,54,,0
MSitAE-AUGUST-2023,RBS,NHS ENGLAND NORTH WEST,ALDER HEY CHILDREN'S NHS FOUNDATION TRUST,4479,0,0,0,0,0,342,0,0,0,0,0,0,0,700,0,0,351,,,,,,,2023-08-01,4479,342,92.4,1051
MSitAE-AUGUST-2023,RY9,NHS ENGLAND LONDON,HOUNSLOW AND RICHMOND COMMUNITY HEALTHCARE NHS TRUST,0,0,4682,0,0,0,0,0,0,0,0,0,0,0,0,0,0,0,,,,,,,2023-08-01,4682,0,,0
MSitAE-AUGUST-2023,NR3,NHS ENGLAND MIDLANDS,NOTTINGHAM CITYCARE PARTNERSHIP,0,0,4674,0,0,254,0,0,192,0,0,0,0,0,0,0,0,0,,,,,,,2023-08-01,4674,192,,0
MSitAE-AUGUST-2023,RCX,NHS ENGLAND EAST OF ENGLAND,"THE QUEEN ELIZABETH HOSPITAL, KING'S LYNN, NHS FOUNDATION TRUST",6501,0,933,85,0,0,2733,0,0,15,0,0,670,418,1951,0,0,616,,,,,,,2023-08-01,7434,2733,58.0,2567
MSitAE-AUGUST-2023,AAH,NHS ENGLAND SOUTH WEST,TETBURY HOSPITAL TRUST LTD,0,0,477,0,0,0,0,0,0,0,0,0,0,0,0,0,0,0,,,,,,,2023-08-01,477,0,,0
MSitAE-AUGUST-2023,R0B,NHS ENGLAND NORTH EAST AND YORKSHIRE,SOUTH TYNESIDE AND SUNDERLAND NHS FOUNDATION TRUST,11001,1452,5387,396,0,1215,3985,11,63,148,0,7,539,2,4416,20,0,1022,,,,,,,2023-08-01,17840,4059,63.8,5458
MSitAE-AUGUST-2023,RFF,NHS ENGLAND NORTH EAST AND YORKSHIRE,BARNSLEY HOSPITAL NHS FOUNDATION TRUST,8008,0,0,430,0,0,3109,0,0,0,0,0,544,0,2469,0,0,491,,,,,,,2023-08-01,8008,3109,61.2,2960
MSitAE-AUGUST-2023,RLQ,NHS ENGLAND MIDLANDS,WYE VALLEY NHS TRUST,5588,0,0,149,0,0,2517,0,0,31,0,0,141,213,1575,0,0,564,,,,,,,2023-08-01,5588,2517,55.0,2139
MSitAE-AUGUST-2023,RTP,NHS ENGLAND SOUTH EAST,SURREY AND SUSSEX HEALTHCARE NHS TRUST,9803,0,0,0,0,0,2949,0,0,0,0,0,748,190,3151,0,0,792,,,,,,,2023-08-01,9803,2949,69.9,3943
MSitAE-AUGUST-2023,RWY,NHS ENGLAND NORTH EAST AND YORKSHIRE,CALDERDALE AND HUDDERSFIELD NHS FOUNDATION TRUST,14102,0,0,0,0,0,4186,0,0,0,0,0,975,7,2875,0,0,833,,,,,,,2023-08-01,14102,4186,70.3,3708
MSitAE-AUGUST-2023,RYY,NHS ENGLAND SOUTH EAST,KENT COMMUNITY HEALTH NHS FOUNDATION TRUST,0,0,9371,0,0,0,0,0,91,0,0,0,0,0,0,0,0,0,,,,,,,2023-08-01,9371,91,,0
MSitAE-AUGUST-2023,NDJ,NHS ENGLAND SOUTH EAST,FIRST COMMUNITY HEALTH AND CARE CIC,0,0,2409,0,0,0,0,0,0,0,0,0,0,0,0,0,0,0,,,,,,,2023-08-01,2409,0,,0
MSitAE-AUGUST-2023,NQT5F,NHS ENGLAND NORTH WEST,SKELMERSDALE WALK IN CENTRE,0,0,1861,0,0,0,0,0,5,0,0,0,0,0,0,0,0,0,,,,,,,2023-08-01,1861,5,,0
MSitAE-AUGUST-2023,NQT5H,NHS ENGLAND SOUTH WEST,PAULTON MEMORIAL HOSPITAL,0,0,868,0,0,0,0,0,12,0,0,0,0,0,0,0,0,0,,,,,,,2023-08-01,868,12,,0
MSitAE-AUGUST-2023,RBD,NHS ENGLAND SOUTH WEST,DORSET COUNTY HOSPITAL NHS FOUNDATION TRUST,4629,0,0,321,0,4154,1824,0,0,81,0,11,136,8,1581,0,0,440,,,,,,,2023-08-01,4629,1824,60.6,2021
MSitAE-AUGUST-2023,RLT,NHS ENGLAND MIDLANDS,GEORGE ELIOT HOSPITAL NHS TRUST,6156,0,1838,0,0,0,2351,0,46,0,0,0,784,10,865,0,0,31,,,,,,,2023-08-01,7994,2397,61.8,896
MSitAE-AUGUST-2023,RPC,NHS ENGLAND SOUTH EAST,QUEEN VICTORIA HOSPITAL NHS FOUNDATION TRUST,0,0,1758,0,0,0,0,0,2,0,0,0,0,0,0,0,5,499,,,,,,,2023-08-01,1758,2,,504
MSitAE-AUGUST-2023,RR7,NHS ENGLAND NORTH EAST AND YORKSHIRE,GATESHEAD HEALTH NHS FOUNDATION TRUST,5760,0,3441,43,0,39,2613,0,37,12,0,0,865,0,1575,0,0,783,,,,,,,2023-08-01,9201,2650,54.6,2358
MSitAE-AUGUST-2023,RTK,NHS ENGLAND SOUTH EAST,ASHFORD AND ST PETER'S HOSPITALS NHS FOUNDATION TRUST,9018,0,0,0,0,0,3635,0,0,0,0,0,831,4,2722,0,0,594,,,,,,,2023-08-01,9018,3635,59.7,3316
MSitAE-AUGUST-2023,RV9,NHS ENGLAND NORTH EAST AND YORKSHIRE,HUMBER TEACHING NHS FOUNDATION TRUST,0,0,1153,0,0,67,0,0,4,0,0,0,0,0,0,0,0,0,,,,,,,2023-08-01,1153,4,,0
MSitAE-AUGUST-2023,RWA,NHS ENGLAND NORTH EAST AND YORKSHIRE,HULL UNIVERSITY TEACHING HOSPITALS NHS TRUST,10518,0,0,0,0,0,5075,0,0,0,0,0,982,224,3521,0,0,1715,,,,,,,2023-08-01,10518,5075,51.7,5236
MSitAE-AUGUST-2023,RXG,NHS ENGLAND NORTH EAST AND YORKSHIRE,SOUTH WEST YORKSHIRE PARTNERSHIP NHS FOUNDATION TRUST,0,0,0,0,0,0,0,0,0,0,0,0,0,0,0,0,0,135,,,,,,,2023-08-01,0,0,,135
MSitAE-AUGUST-2023,RY8,NHS ENGLAND MIDLANDS,DERBYSHIRE COMMUNITY HEALTH SERVICES NHS FOUNDATION TRUST,0,0,7496,0,0,1369,0,0,1,0,0,0,0,0,0,0,0,0,,,,,,,2023-08-01,7496,1,,0
MSitAE-AUGUST-2023,Y03218,NHS ENGLAND LONDON,THE PINN UNREGISTERED WIC,0,0,797,0,0,0,0,0,0,0,0,0,0,0,0,0,0,0,,,,,,,2023-08-01,797,0,,0
MSitAE-AUGUST-2023,Y03571,NHS ENGLAND MIDLANDS,CORBY URGENT CARE CENTRE,0,0,7523,0,0,545,0,0,28,0,0,0,0,0,0,0,0,0,,,,,,,2023-08-01,7523,28,,0
MSitAE-AUGUST-2023,AXG,NHS ENGLAND SOUTH WEST,WILTSHIRE HEALTH & CARE,0,0,2126,0,0,35,0,0,81,0,0,1,0,0,0,0,0,0,,,,,,,2023-08-01,2126,81,,0
MSitAE-AUGUST-2023,NNF09,NHS ENGLAND NORTH EAST AND YORKSHIRE,BRANSHOLME HEALTH CENTRE,0,0,3791,0,0,0,0,0,550,0,0,0,0,0,0,0,0,0,,,,,,,2023-08-01,3791,550,,0
MSitAE-AUGUST-2023,NNF76,NHS ENGLAND NORTH EAST AND YORKSHIRE,THE WILBERFORCE HEALTH CENTRE,0,0,2622,0,0,0,0,0,0,0,0,0,0,0,0,0,0,0,,,,,,,2023-08-01,2622,0,,0
MSitAE-AUGUST-2023,NNF94,NHS ENGLAND NORTH EAST AND YORKSHIRE,EAST RIDING COMMUNITY HOSPITAL,0,0,2707,0,0,0,0,0,366,0,0,0,0,0,0,0,0,0,,,,,,,2023-08-01,2707,366,,0
MSitAE-AUGUST-2023,NNFA7,NHS ENGLAND NORTH EAST AND YORKSHIRE,GOOLE & DISTRICT HOSPITAL,0,0,1470,0,0,0,0,0,21,0,0,0,0,0,0,0,0,0,,,,,,,2023-08-01,1470,21,,0
MSitAE-AUGUST-2023,NNJ07,NHS ENGLAND MIDLANDS,LOUGHBOROUGH URGENT CARE CENTRE,0,0,4905,0,0,413,0,0,7,0,0,0,0,0,0,0,0,0,,,,,,,2023-08-01,4905,7,,0
MSitAE-AUGUST-2023,NNJ0H,NHS ENGLAND MIDLANDS,LLR EA - THE MERLYN VAZ HEALTH & SOCIAL CARE CENTRE,0,0,111,0,0,1419,0,0,0,0,0,1,0,0,0,0,0,0,,,,,,,2023-08-01,111,0,,0
MSitAE-AUGUST-2023,NNJ12,NHS ENGLAND MIDLANDS,MARKET HARBOROUGH,0,0,100,0,0,361,0,0,0,0,0,0,0,0,0,0,0,0,,,,,,,2023-08-01,100,0,,0
MSitAE-AUGUST-2023,NNJ13,NHS ENGLAND MIDLANDS,MELTON MOWBRAY,0,0,42,0,0,360,0,0,0,0,0,0,0,0,0,0,0,0,,,,,,,2023-08-01,42,0,,0
MSitAE-AUGUST-2023,NNJ14,NHS ENGLAND MIDLANDS,OADBY,0,0,841,0,0,1491,0,0,0,0,0,0,0,0,0,0,0,0,,,,,,,2023-08-01,841,0,,0
MSitAE-AUGUST-2023,NNJ15,NHS ENGLAND MIDLANDS,OAKHAM,0,0,50,0,0,302,0,0,0,0,0,0,0,0,0,0,0,0,,,,,,,2023-08-01,50,0,,0
MSitAE-AUGUST-2023,NNJ,NHS ENGLAND MIDLANDS,DHU HEALTH CARE C.I.C,0,0,1746,0,0,0,0,0,0,0,0,0,0,0,0,0,0,0,,,,,,,2023-08-01,1746,0,,0
MSitAE-AUGUST-2023,RAE,NHS ENGLAND NORTH EAST AND YORKSHIRE,BRADFORD TEACHING HOSPITALS NHS FOUNDATION TRUST,8573,0,3004,0,0,0,2862,0,0,0,0,0,878,44,2767,0,123,1358,,,,,,,2023-08-01,11577,2862,66.6,4248
MSitAE-AUGUST-2023,RAN,NHS ENGLAND LONDON,ROYAL NATIONAL ORTHOPAEDIC HOSPITAL NHS TRUST,0,0,0,0,0,0,0,0,0,0,0,0,0,0,0,0,0,33,,,,,,,2023-08-01,0,0,,33
MSitAE-AUGUST-2023,RAX,NHS ENGLAND LONDON,KINGSTON HOSPITAL NHS FOUNDATION TRUST,6456,0,2611,0,0,0,2923,0,191,0,0,0,317,172,1830,0,150,650,,,,,,,2023-08-01,9067,3114,54.7,2630
MSitAE-AUGUST-2023,RD1,NHS ENGLAND SOUTH WEST,ROYAL UNITED HOSPITALS BATH NHS FOUNDATION TRUST,7811,0,0,0,0,0,2530,0,0,0,0,0,340,0,2412,0,4,1475,,,,,,,2023-08-01,7811,2530,67.6,3891
MSitAE-AUGUST-2023,RDU,NHS ENGLAND SOUTH EAST,FRIMLEY HEALTH NHS FOUNDATION TRUST,21046,0,0,0,0,0,7690,0,0,0,0,0,1427,0,5556,0,0,319,,,,,,,2023-08-01,21046,7690,63.5,5875
MSitAE-AUGUST-2023,REF,NHS ENGLAND SOUTH WEST,ROYAL CORNWALL HOSPITALS NHS TRUST,6917,0,13543,0,0,0,3648,0,500,0,0,0,609,396,2190,0,23,1091,,,,,,,2023-08-01,20460,4148,47.3,3304
MSitAE-AUGUST-2023,REP,NHS ENGLAND NORTH WEST,LIVERPOOL WOMEN'S NHS FOUNDATION TRUST,0,1270,0,0,143,0,0,113,0,0,0,0,0,0,0,89,0,11,,,,,,,2023-08-01,1270,113,,100
MSitAE-AUGUST-2023,RGN,NHS ENGLAND EAST OF ENGLAND,NORTH WEST ANGLIA NHS FOUNDATION TRUST,12433,0,4306,41,0,411,5411,0,396,15,0,31,624,516,3064,0,104,1246,,,,,,,2023-08-01,16739,5807,56.5,4414
MSitAE-AUGUST-2023,RHQ,NHS ENGLAND NORTH EAST AND YORKSHIRE,SHEFFIELD TEACHING HOSPITALS NHS FOUNDATION TRUST,8737,1156,6739,398,0,618,4480,0,225,191,0,8,843,7,3473,0,0,3100,,,,,,,2023-08-01,16632,4705,48.7,6573
MSitAE-AUGUST-2023,RL4,NHS ENGLAND MIDLANDS,THE ROYAL WOLVERHAMPTON NHS TRUST,12455,0,5702,2,0,883,3979,0,171,0,0,0,686,34,5807,0,0,843,,,,,,,2023-08-01,18157,4150,68.1,6650
MSitAE-AUGUST-2023,RN5,NHS ENGLAND SOUTH EAST,HAMPSHIRE HOSPITALS NHS FOUNDATION TRUST,11682,0,390,0,0,165,3679,0,0,0,0,0,713,4,4074,0,0,1149,,,,,,,2023-08-01,12072,3679,68.5,5223
MSitAE-AUGUST-2023,RNU,NHS ENGLAND SOUTH EAST,OXFORD HEALTH NHS FOUNDATION TRUST,0,0,4132,0,0,0,0,0,306,0,0,0,0,0,0,0,0,0,,,,,,,2023-08-01,4132,306,,0
MSitAE-AUGUST-2023,RP6,NHS ENGLAND LONDON,MOORFIELDS EYE HOSPITAL NHS FOUNDATION TRUST,0,5688,0,0,0,0,0,8,0,0,0,0,0,0,0,3,0,208,,,,,,,2023-08-01,5688,8,,211
MSitAE-AUGUST-2023,RQ3,NHS ENGLAND MIDLANDS,BIRMINGHAM WOMEN'S AND CHILDREN'S NHS FOUNDATION TRUST,3380,0,0,0,0,0,312,0,0,0,0,0,0,0,817,0,0,251,,,,,,,2023-08-01,3380,312,90.8,1068
MSitAE-AUGUST-2023,RQM,NHS ENGLAND LONDON,CHELSEA AND WESTMINSTER HOSPITAL NHS FOUNDATION TRUST,16950,0,8249,450,0,0,4423,0,25,0,0,0,473,46,2458,0,0,352,,,,,,,2023-08-01,25199,4448,73.9,2810
MSitAE-AUGUST-2023,RTQ,NHS ENGLAND SOUTH WEST,GLOUCESTERSHIRE HEALTH AND CARE NHS FOUNDATION TRUST,0,0,6346,0,0,0,0,0,12,0,0,0,0,0,0,0,0,26,,,,,,,2023-08-01,6346,12,,26
MSitAE-AUGUST-2023,RVW,NHS ENGLAND NORTH EAST AND YORKSHIRE,NORTH TEES AND HARTLEPOOL NHS FOUNDATION TRUST,4124,0,10829,0,0,0,2083,0,47,0,0,0,158,4,1475,0,491,1979,,,,,,,2023-08-01,14953,2130,49.5,3945
MSitAE-AUGUST-2023,RWP,NHS ENGLAND MIDLANDS,WORCESTERSHIRE ACUTE HOSPITALS NHS TRUST,11801,0,5965,184,0,0,6189,0,12,58,0,0,918,300,3359,0,0,1250,,,,,,,2023-08-01,17766,6201,47.6,4609
MSitAE-AUGUST-2023,RXC,NHS ENGLAND SOUTH EAST,EAST SUSSEX HEALTHCARE NHS TRUST,8944,0,2594,1080,0,770,3299,0,29,0,0,0,167,0,3327,0,0,624,,,,,,,2023-08-01,11538,3328,63.1,3951
MSitAE-AUGUST-2023,RXW,NHS ENGLAND MIDLANDS,THE SHREWSBURY AND TELFORD HOSPITAL NHS TRUST,10393,0,1941,86,0,333,5957,0,186,23,0,1,493,803,2633,0,43,2108,,,,,,,2023-08-01,12334,6143,42.7,4784
MSitAE-AUGUST-2023,RYF,NHS ENGLAND SOUTH WEST,SOUTH WESTERN AMBULANCE SERVICE NHS FOUNDATION TRUST,0,0,1616,0,0,0,0,0,131,0,0,0,0,0,0,0,0,0,,,,,,,2023-08-01,1616,131,,0
MSitAE-AUGUST-2023,RYG,NHS ENGLAND MIDLANDS,COVENTRY AND WARWICKSHIRE PARTNERSHIP NHS TRUST,0,0,0,0,0,0,0,0,0,0,0,0,0,0,0,0,8,74,,,,,,,2023-08-01,0,0,,82
MSitAE-AUGUST-2023,AD913,NHS ENGLAND LONDON,BECKENHAM BEACON UCC,0,0,3397,0,0,208,0,0,28,0,0,0,0,0,0,0,0,0,,,,,,,2023-08-01,3397,28,,0
MSitAE-AUGUST-2023,NDA57,NHS ENGLAND SOUTH EAST,HASLEMERE MINOR INJURIES UNIT,0,0,1393,0,0,13,0,0,0,0,0,0,0,0,0,0,0,0,,,,,,,2023-08-01,1393,0,,0
MSitAE-AUGUST-2023,NTP11,NHS ENGLAND SOUTH EAST,PRACTICE PLUS GROUP HOSPITAL - SOUTHAMPTON,0,0,5235,0,0,0,0,0,74,0,0,0,0,0,0,0,0,0,,,,,,,2023-08-01,5235,74,,0
MSitAE-AUGUST-2023,NV693,NHS ENGLAND NORTH WEST,ROSSENDALE MIU & OOH,0,0,1002,0,0,0,0,0,0,0,0,0,0,0,0,0,0,0,,,,,,,2023-08-01,1002,0,,0
MSitAE-AUGUST-2023,R0D,NHS ENGLAND SOUTH WEST,UNIVERSITY HOSPITALS DORSET NHS FOUNDATION TRUST,13901,0,3772,0,0,0,6561,0,0,0,0,0,26,0,4058,5,0,2162,,,,,,,2023-08-01,17673,6561,52.8,6225
MSitAE-AUGUST-2023,RA2,NHS ENGLAND SOUTH EAST,ROYAL SURREY COUNTY HOSPITAL NHS FOUNDATION TRUST,6156,0,0,483,0,0,2504,0,0,199,0,0,349,1,2255,0,0,974,,,,,,,2023-08-01,6156,2504,59.3,3229
MSitAE-AUGUST-2023,RBK,NHS ENGLAND MIDLANDS,WALSALL HEALTHCARE NHS TRUST,7569,0,3617,270,0,127,2819,0,11,59,0,0,948,57,3184,0,0,663,,,,,,,2023-08-01,11186,2830,62.8,3847
MSitAE-AUGUST-2023,RBT,NHS ENGLAND NORTH WEST,MID CHESHIRE HOSPITALS NHS FOUNDATION TRUST,6763,0,2617,93,0,33,3566,0,13,19,0,0,701,235,2352,0,0,946,,,,,,,2023-08-01,9380,3579,47.3,3298
MSitAE-AUGUST-2023,RBV,NHS ENGLAND NORTH WEST,THE CHRISTIE NHS FOUNDATION TRUST,0,0,0,0,0,0,0,0,0,0,0,0,0,0,0,0,0,665,,,,,,,2023-08-01,0,0,,665
MSitAE-AUGUST-2023,RCU,NHS ENGLAND NORTH EAST AND YORKSHIRE,SHEFFIELD CHILDREN'S NHS FOUNDATION TRUST,3409,0,24,233,0,2,207,0,0,15,0,0,4,0,699,0,0,61,,,,,,,2023-08-01,3433,207,93.9,760
MSitAE-AUGUST-2023,RD8,NHS ENGLAND EAST OF ENGLAND,MILTON KEYNES UNIVERSITY HOSPITAL NHS FOUNDATION TRUST,7310,0,4680,469,0,164,3072,0,84,170,0,0,711,0,1777,0,0,321,,,,,,,2023-08-01,11990,3156,58.0,2098
MSitAE-AUGUST-2023,RJZ,NHS ENGLAND LONDON,KING'S COLLEGE HOSPITAL NHS FOUNDATION TRUST,14144,0,7776,49,0,1227,7097,0,513,13,0,232,1641,409,3805,0,0,509,,,,,,,2023-08-01,21920,7610,49.8,4314
MSitAE-AUGUST-2023,RK5,NHS ENGLAND MIDLANDS,SHERWOOD FOREST HOSPITALS NHS FOUNDATION TRUST,10077,0,4896,16,0,91,3363,0,151,8,0,1,517,58,3234,0,0,348,,,,,,,2023-08-01,14973,3514,66.6,3582
MSitAE-AUGUST-2023,RM1,NHS ENGLAND EAST OF ENGLAND,NORFOLK AND NORWICH UNIVERSITY HOSPITALS NHS FOUNDATION TRUST,10351,0,7943,470,0,1,4249,0,7,151,0,0,989,394,2433,0,0,1589,,,,,,,2023-08-01,18294,4256,59.0,4022
MSitAE-AUGUST-2023,RR8,NHS ENGLAND NORTH EAST AND YORKSHIRE,LEEDS TEACHING HOSPITALS NHS TRUST,16067,0,10261,125,0,19,6530,0,46,38,0,0,1665,143,3674,0,0,1121,,,,,,,2023-08-01,26328,6576,59.4,4795
MSitAE-AUGUST-2023,RRF,NHS ENGLAND NORTH WEST,"WRIGHTINGTON, WIGAN AND LEIGH NHS FOUNDATION TRUST",7089,0,5037,0,0,0,3679,0,38,0,0,0,1167,222,2282,0,0,813,,,,,,,2023-08-01,12126,3717,48.1,3095
MSitAE-AUGUST-2023,RTD,NHS ENGLAND NORTH EAST AND YORKSHIRE,THE NEWCASTLE UPON TYNE HOSPITALS NHS FOUNDATION TRUST,11265,1585,5123,0,0,658,3938,111,0,0,0,0,612,34,3160,29,0,2909,,,,,,,2023-08-01,17973,4049,65.0,6098
MSitAE-AUGUST-2023,RTR,NHS ENGLAND NORTH EAST AND YORKSHIRE,SOUTH TEES HOSPITALS NHS FOUNDATION TRUST,9971,0,4882,0,0,394,4078,0,272,0,0,9,965,6,2366,0,134,1941,,,,,,,2023-08-01,14853,4350,59.1,4441
MSitAE-AUGUST-2023,RVJ,NHS ENGLAND SOUTH WEST,NORTH BRISTOL NHS TRUST,8597,0,0,69,0,0,2405,0,0,27,0,0,519,17,2781,0,0,1942,,,,,,,2023-08-01,8597,2405,72.0,4723
MSitAE-AUGUST-2023,RWD,NHS ENGLAND MIDLANDS,UNITED LINCOLNSHIRE HOSPITALS NHS TRUST,12341,0,5401,2,0,0,7462,0,854,1,0,0,1057,894,4037,0,0,1051,,,,,,,2023-08-01,17742,8316,39.5,5088
MSitAE-AUGUST-2023,RWJ,NHS ENGLAND NORTH WEST,STOCKPORT NHS FOUNDATION TRUST,8416,0,0,616,0,0,3014,0,0,157,0,0,955,63,2810,0,0,675,,,,,,,2023-08-01,8416,3014,64.2,3485
MSitAE-AUGUST-2023,RXR,NHS ENGLAND NORTH WEST,EAST LANCASHIRE HOSPITALS NHS TRUST,11421,0,7983,0,0,0,4188,0,533,0,0,0,431,1095,3223,0,87,1780,,,,,,,2023-08-01,19404,4721,63.3,5090
MSitAE-AUGUST-2023,RYR,NHS ENGLAND SOUTH EAST,UNIVERSITY HOSPITALS SUSSEX NHS FOUNDATION TRUST,23655,1564,2328,1492,0,552,9864,26,126,497,0,8,1440,673,8034,27,34,1329,,,,,,,2023-08-01,27547,10016,58.3,9424
MSitAE-AUGUST-2023,DT301,NHS ENGLAND EAST OF ENGLAND,HERTS URGENT CARE (ASCOTS LANE),0,0,2353,0,0,0,0,0,14,0,0,0,0,0,0,0,0,0,,,,,,,2023-08-01,2353,14,,0
MSitAE-AUGUST-2023,R1F,NHS ENGLAND SOUTH EAST,ISLE OF WIGHT NHS TRUST,3706,0,2590,16,0,28,1916,0,34,8,0,0,330,388,1061,0,0,265,,,,,,,2023-08-01,6296,1950,48.3,1326
MSitAE-AUGUST-2023,R1H,NHS ENGLAND LONDON,BARTS HEALTH NHS TRUST,22528,820,16485,0,0,0,9929,26,2299,0,0,0,1453,585,5207,0,0,1131,,,,,,,2023-08-01,39833,12254,55.9,6338
MSitAE-AUGUST-2023,RAJ,NHS ENGLAND EAST OF ENGLAND,MID AND SOUTH ESSEX NHS FOUNDATION TRUST,30123,0,1347,814,0,111,10221,0,65,236,0,8,2416,6,8400,0,217,1338,,,,,,,2023-08-01,31470,10286,66.1,9955
MSitAE-AUGUST-2023,RAP,NHS ENGLAND LONDON,NORTH MIDDLESEX UNIVERSITY HOSPITAL NHS TRUST,7920,463,5475,359,0,0,3922,1,596,92,0,0,470,765,1547,0,0,173,,,,,,,2023-08-01,13858,4519,50.5,1720
MSitAE-AUGUST-2023,RAS,NHS ENGLAND LONDON,THE HILLINGDON HOSPITALS NHS FOUNDATION TRUST,5542,0,5758,1,0,0,3353,0,81,1,0,0,655,21,1579,0,0,382,,,,,,,2023-08-01,11300,3434,39.5,1961
MSitAE-AUGUST-2023,RBN,NHS ENGLAND NORTH WEST,MERSEY AND WEST LANCASHIRE TEACHING HOSPITALS NHS TRUST,16699,0,7043,335,0,0,6671,0,196,43,0,0,712,174,7300,0,0,606,,,,,,,2023-08-01,23742,6867,60.1,7906
MSitAE-AUGUST-2023,RCB,NHS ENGLAND NORTH EAST AND YORKSHIRE,YORK AND SCARBOROUGH TEACHING HOSPITALS NHS FOUNDATION TRUST,9789,358,9093,0,0,470,5630,0,393,0,0,8,1058,635,4231,4,0,1407,,,,,,,2023-08-01,19240,6023,42.5,5642
MSitAE-AUGUST-2023,RCD,NHS ENGLAND NORTH EAST AND YORKSHIRE,HARROGATE AND DISTRICT NHS FOUNDATION TRUST,4705,0,871,96,0,31,1539,0,0,30,0,0,77,0,1263,0,0,456,,,,,,,2023-08-01,5576,1539,67.3,1719
MSitAE-AUGUST-2023,RF4,NHS ENGLAND LONDON,"BARKING, HAVERING AND REDBRIDGE UNIVERSITY HOSPITALS NHS TRUST",11187,2341,10922,0,0,0,5635,431,2696,0,0,0,649,471,6867,0,0,396,,,,,,,2023-08-01,24450,8762,49.6,7263
MSitAE-AUGUST-2023,RGR,NHS ENGLAND EAST OF ENGLAND,WEST SUFFOLK NHS FOUNDATION TRUST,6911,0,612,166,0,0,2778,0,0,0,0,0,523,278,1870,0,0,584,,,,,,,2023-08-01,7523,2778,59.8,2454
MSitAE-AUGUST-2023,RH5,NHS ENGLAND SOUTH WEST,SOMERSET NHS FOUNDATION TRUST,12552,0,8957,0,0,0,4943,0,225,0,0,0,555,24,3399,0,0,1638,,,,,,,2023-08-01,21509,5168,60.6,5037
MSitAE-AUGUST-2023,RHM,NHS ENGLAND SOUTH EAST,UNIVERSITY HOSPITAL SOUTHAMPTON NHS FOUNDATION TRUST,10896,1249,0,193,0,0,3966,51,0,64,0,0,159,5,3311,10,0,1467,,,,,,,2023-08-01,12145,4017,63.6,4788
MSitAE-AUGUST-2023,RJE,NHS ENGLAND MIDLANDS,UNIVERSITY HOSPITALS OF NORTH MIDLANDS NHS TRUST,12993,481,7269,641,0,289,6454,0,105,249,0,0,1085,463,5676,0,0,2821,,,,,,,2023-08-01,20743,6559,50.3,8497
MSitAE-AUGUST-2023,RJL,NHS ENGLAND NORTH EAST AND YORKSHIRE,NORTHERN LINCOLNSHIRE AND GOOLE NHS FOUNDATION TRUST,14227,0,0,0,0,0,4918,0,0,0,0,0,773,516,4289,0,0,487,,,,,,,2023-08-01,14227,4918,65.4,4776
MSitAE-AUGUST-2023,RJR,NHS ENGLAND NORTH WEST,COUNTESS OF CHESTER HOSPITAL NHS FOUNDATION TRUST,6122,0,717,0,0,0,2875,0,14,0,0,0,263,576,1538,0,0,979,,,,,,,2023-08-01,6839,2889,53.0,2517
MSitAE-AUGUST-2023,RK9,NHS ENGLAND SOUTH WEST,UNIVERSITY HOSPITALS PLYMOUTH NHS TRUST,8948,278,4297,0,0,0,5380,0,285,0,0,0,668,334,2824,0,0,1171,,,,,,,2023-08-01,13523,5665,39.9,3995
MSitAE-AUGUST-2023,RKB,NHS ENGLAND MIDLANDS,UNIVERSITY HOSPITALS COVENTRY AND WARWICKSHIRE NHS TRUST,10507,1828,6531,56,0,99,4925,92,149,20,0,0,282,1,2605,74,69,1582,,,,,,,2023-08-01,18866,5166,53.1,4330
MSitAE-AUGUST-2023,RKE,NHS ENGLAND LONDON,WHITTINGTON HEALTH NHS TRUST,8042,0,0,0,0,0,2494,0,0,0,0,0,263,84,905,0,0,46,,,,,,,2023-08-01,8042,2494,69.0,951
MSitAE-AUGUST-2023,RMP,NHS ENGLAND NORTH WEST,TAMESIDE AND GLOSSOP INTEGRATED CARE NHS FOUNDATION TRUST,7523,0,2218,320,0,83,3280,0,0,0,0,0,415,71,2232,0,0,474,,,,,,,2023-08-01,9741,3280,56.4,2706
MSitAE-AUGUST-2023,RN7,NHS ENGLAND SOUTH EAST,DARTFORD AND GRAVESHAM NHS TRUST,10315,0,3471,0,0,0,3465,0,45,0,0,0,551,4,2555,0,0,346,,,,,,,2023-08-01,13786,3510,66.4,2901
MSitAE-AUGUST-2023,RNA,NHS ENGLAND MIDLANDS,THE DUDLEY GROUP NHS FOUNDATION TRUST,8643,0,4131,170,0,616,3628,0,29,29,0,0,1315,85,3305,0,0,1745,,,,,,,2023-08-01,12774,3657,58.0,5050
MSitAE-AUGUST-2023,RNS,NHS ENGLAND MIDLANDS,NORTHAMPTON GENERAL HOSPITAL NHS TRUST,8134,627,1948,238,0,101,3696,9,91,67,0,5,435,697,1774,0,0,1345,,,,,,,2023-08-01,10709,3796,54.6,3119
MSitAE-AUGUST-2023,RNZ,NHS ENGLAND SOUTH WEST,SALISBURY NHS FOUNDATION TRUST,4095,278,1737,210,0,0,1459,0,0,79,0,0,403,6,1270,0,0,687,,,,,,,2023-08-01,6110,1459,64.4,1957
MSitAE-AUGUST-2023,RPA,NHS ENGLAND SOUTH EAST,MEDWAY NHS FOUNDATION TRUST,7990,0,6749,36,0,1444,2868,0,1028,5,0,0,586,289,2074,0,0,932,,,,,,,2023-08-01,14739,3896,64.1,3006
MSitAE-AUGUST-2023,RQW,NHS ENGLAND EAST OF ENGLAND,THE PRINCESS ALEXANDRA HOSPITAL NHS TRUST,8936,0,0,1056,0,0,4619,0,0,0,0,0,447,80,2171,0,0,331,,,,,,,2023-08-01,8936,4619,48.3,2502
MSitAE-AUGUST-2023,RRK,NHS ENGLAND MIDLANDS,UNIVERSITY HOSPITALS BIRMINGHAM NHS FOUNDATION TRUST,31240,0,1611,0,0,39,14857,0,28,0,0,0,3453,1243,10505,0,1,5152,,,,,,,2023-08-01,32851,14885,52.4,15658
MSitAE-AUGUST-2023,RTE,NHS ENGLAND SOUTH WEST,GLOUCESTERSHIRE HOSPITALS NHS FOUNDATION TRUST,12055,0,0,256,0,0,5221,0,0,69,0,0,740,573,2682,0,0,1420,,,,,,,2023-08-01,12055,5221,56.7,4102
MSitAE-AUGUST-2023,RTG,NHS ENGLAND MIDLANDS,UNIVERSITY HOSPITALS OF DERBY AND BURTON NHS FOUNDATION TRUST,16331,0,12029,203,0,59,8299,0,372,81,0,1,1037,158,4088,0,149,2317,,,,,,,2023-08-01,28360,8671,49.2,6554
MSitAE-AUGUST-2023,RTX,NHS ENGLAND NORTH WEST,UNIVERSITY HOSPITALS OF MORECAMBE BAY NHS FOUNDATION TRUST,7935,0,4127,178,0,443,2890,0,178,34,0,6,562,275,2934,0,32,748,,,,,,,2023-08-01,12062,3068,63.6,3714
MSitAE-AUGUST-2023,RVV,NHS ENGLAND SOUTH EAST,EAST KENT HOSPITALS UNIVERSITY NHS FOUNDATION TRUST,11688,0,11458,82,0,0,6268,0,223,31,0,0,607,908,4355,0,463,1558,,,,,,,2023-08-01,23146,6491,46.4,6376
MSitAE-AUGUST-2023,RW4,NHS ENGLAND NORTH WEST,MERSEY CARE NHS FOUNDATION TRUST,0,0,12010,0,0,0,0,0,541,0,0,0,0,0,0,0,0,77,,,,,,,2023-08-01,12010,541,,77
MSitAE-AUGUST-2023,RWH,NHS ENGLAND EAST OF ENGLAND,EAST AND NORTH HERTFORDSHIRE NHS TRUST,9016,0,4938,1,0,329,5105,0,1,1,0,0,173,10,2694,0,0,242,,,,,,,2023-08-01,13954,5106,43.4,2936
MSitAE-AUGUST-2023,RWW,NHS ENGLAND NORTH WEST,WARRINGTON AND HALTON TEACHING HOSPITALS NHS FOUNDATION TRUST,7072,0,2867,190,0,120,3057,0,48,59,0,1,843,539,2277,0,0,204,,,,,,,2023-08-01,9939,3105,56.8,2481
MSitAE-AUGUST-2023,RXK,NHS ENGLAND MIDLANDS,SANDWELL AND WEST BIRMINGHAM HOSPITALS NHS TRUST,13645,1216,8623,741,0,0,7000,129,137,210,0,0,1779,139,2774,0,0,338,,,,,,,2023-08-01,23484,7266,48.7,3112
MSitAE-AUGUST-2023,RXP,NHS ENGLAND NORTH EAST AND YORKSHIRE,COUNTY DURHAM AND DARLINGTON NHS FOUNDATION TRUST,12296,0,4015,0,0,5330,5228,0,0,0,0,0,1341,1,4093,0,0,700,,,,,,,2023-08-01,16311,5228,57.5,4793
MSitAE-AUGUST-2023,RYX,NHS ENGLAND LONDON,CENTRAL LONDON COMMUNITY HEALTHCARE NHS TRUST,0,0,9308,0,0,0,0,0,158,0,0,0,0,0,0,0,0,0,,,,,,,2023-08-01,9308,158,,0
MSitAE-AUGUST-2023,Y04538,NHS ENGLAND SOUTH EAST,BRACKNELL URGENT CARE CENTRE WIC,0,0,2412,0,0,0,0,0,70,0,0,0,0,0,0,0,0,0,,,,,,,2023-08-01,2412,70,,0
MSitAE-AUGUST-2023,R1D,NHS ENGLAND MIDLANDS,SHROPSHIRE COMMUNITY HEALTH NHS TRUST,0,0,3285,0,0,0,0,0,10,0,0,0,0,0,0,0,0,2,,,,,,,2023-08-01,3285,10,,2
MSitAE-AUGUST-2023,RAL,NHS ENGLAND LONDON,ROYAL FREE LONDON NHS FOUNDATION TRUST,14009,0,9424,0,0,0,6121,0,585,0,0,0,979,599,4030,0,0,485,,,,,,,2023-08-01,23433,6706,56.3,4515
MSitAE-AUGUST-2023,RBL,NHS ENGLAND NORTH WEST,WIRRAL UNIVERSITY TEACHING HOSPITAL NHS FOUNDATION TRUST,7854,0,2813,126,0,199,4231,0,28,46,0,0,807,167,2351,0,0,1465,,,,,,,2023-08-01,10667,4259,46.1,3816
MSitAE-AUGUST-2023,RCF,NHS ENGLAND NORTH EAST AND YORKSHIRE,AIREDALE NHS FOUNDATION TRUST,5562,296,0,397,0,0,2592,0,0,0,0,0,290,0,1518,0,0,544,,,,,,,2023-08-01,5858,2592,53.4,2062
MSitAE-AUGUST-2023,RFR,NHS ENGLAND NORTH EAST AND YORKSHIRE,THE ROTHERHAM NHS FOUNDATION TRUST,7641,0,0,0,0,0,3324,0,0,0,0,0,727,0,2658,0,0,511,,,,,,,2023-08-01,7641,3324,56.5,3169
MSitAE-AUGUST-2023,RH8,NHS ENGLAND SOUTH WEST,ROYAL DEVON UNIVERSITY HEALTHCARE NHS FOUNDATION TRUST,12536,0,3007,1006,0,53,6369,0,47,362,0,1,863,52,3758,0,0,2189,,,,,,,2023-08-01,15543,6416,49.2,5947
MSitAE-AUGUST-2023,RHW,NHS ENGLAND SOUTH EAST,ROYAL BERKSHIRE NHS FOUNDATION TRUST,11338,2227,0,419,0,0,3816,15,0,0,0,0,416,0,2357,1,0,796,,,,,,,2023-08-01,13565,3831,66.3,3154
MSitAE-AUGUST-2023,RJ7,NHS ENGLAND LONDON,ST GEORGE'S UNIVERSITY HOSPITALS NHS FOUNDATION TRUST,7812,0,3222,751,0,0,2128,0,0,70,0,0,512,372,2527,0,0,684,,,,,,,2023-08-01,11034,2128,72.8,3211
MSitAE-AUGUST-2023,RJ8,NHS ENGLAND SOUTH WEST,CORNWALL PARTNERSHIP NHS FOUNDATION TRUST,0,0,0,0,0,0,0,0,0,0,0,0,0,0,0,0,7,79,,,,,,,2023-08-01,0,0,,86
MSitAE-AUGUST-2023,RNN,NHS ENGLAND NORTH EAST AND YORKSHIRE,NORTH CUMBRIA INTEGRATED CARE NHS FOUNDATION TRUST,8796,0,2002,324,0,0,3373,0,5,69,0,0,641,289,2222,0,0,741,,,,,,,2023-08-01,10798,3378,61.7,2963
MSitAE-AUGUST-2023,RRV,NHS ENGLAND LONDON,UNIVERSITY COLLEGE LONDON HOSPITALS NHS FOUNDATION TRUST,12053,0,0,644,0,0,3671,0,0,0,0,0,302,45,1446,0,0,302,,,,,,,2023-08-01,12053,3671,69.5,1748
MSitAE-AUGUST-2023,RVR,NHS ENGLAND LONDON,EPSOM AND ST HELIER UNIVERSITY HOSPITALS NHS TRUST,11717,341,0,150,0,0,2708,0,0,14,0,0,445,538,1807,7,0,140,,,,,,,2023-08-01,12058,2708,76.9,1954
MSitAE-AUGUST-2023,RWX,NHS ENGLAND SOUTH EAST,BERKSHIRE HEALTHCARE NHS FOUNDATION TRUST,0,0,1388,0,0,0,0,0,8,0,0,0,0,0,0,0,42,0,,,,,,,2023-08-01,1388,8,,42
MSitAE-AUGUST-2023,RXN,NHS ENGLAND NORTH WEST,LANCASHIRE TEACHING HOSPITALS NHS FOUNDATION TRUST,11449,0,3664,222,0,66,4095,0,113,32,0,1,1176,131,3069,0,153,1435,,,,,,,2023-08-01,15113,4208,64.2,4657
MSitAE-AUGUST-2023,RYJ,NHS ENGLAND LONDON,IMPERIAL COLLEGE HEALTHCARE NHS TRUST,12179,3860,6862,0,0,0,5239,23,69,0,0,0,897,71,3100,1,0,1142,,,,,,,2023-08-01,22901,5331,57.0,4243
MSitAE-AUGUST-2023,REM,NHS ENGLAND NORTH WEST,LIVERPOOL UNIVERSITY HOSPITALS NHS FOUNDATION TRUST,16698,232,8242,416,0,0,7243,0,661,49,0,0,1749,1004,5221,0,0,2089,,,,,,,2023-08-01,25172,7904,56.6,7310
MSitAE-AUGUST-2023,RL1,NHS ENGLAND MIDLANDS,THE ROBERT JONES AND AGNES HUNT ORTHOPAEDIC HOSPITAL NHS FOUNDATION TRUST,0,0,0,0,0,0,0,0,0,0,0,0,0,0,0,0,0,23,,,,,,,2023-08-01,0,0,,23
MSitAE-AUGUST-2023,RWE,NHS ENGLAND MIDLANDS,UNIVERSITY HOSPITALS OF LEICESTER NHS TRUST,19195,1817,0,0,0,0,8115,104,0,0,0,0,1245,1087,5251,4,0,3315,,,,,,,2023-08-01,21012,8219,57.7,8570
MSitAE-AUGUST-2023,NTV0B,NHS ENGLAND SOUTH EAST,ASHFORD WALK-IN-CENTRE,0,0,2438,0,0,0,0,0,67,0,0,0,0,0,0,0,0,0,,,,,,,2023-08-01,2438,67,,0
MSitAE-AUGUST-2023,R0A,NHS ENGLAND NORTH WEST,MANCHESTER UNIVERSITY NHS FOUNDATION TRUST,19680,3155,13437,1761,511,1176,8055,100,1609,580,12,305,2873,142,5343,171,387,503,,,,,,,2023-08-01,36272,9764,59.1,6404
MSitAE-AUGUST-2023,RA7,NHS ENGLAND SOUTH WEST,UNIVERSITY HOSPITALS BRISTOL AND WESTON NHS FOUNDATION TRUST,13754,2170,0,0,0,0,4547,66,0,0,0,0,917,112,4518,14,0,1420,,,,,,,2023-08-01,15924,4613,66.9,5952
MSitAE-AUGUST-2023,RJ6,NHS ENGLAND LONDON,CROYDON HEALTH SERVICES NHS TRUST,11803,0,4198,1,0,1,3994,0,0,0,0,0,598,310,1424,0,0,112,,,,,,,2023-08-01,16001,3994,66.2,1536
MSitAE-AUGUST-2023,RJC,NHS ENGLAND MIDLANDS,SOUTH WARWICKSHIRE UNIVERSITY NHS FOUNDATION TRUST,7184,0,462,28,0,0,2012,0,0,0,0,0,268,0,2072,0,0,666,,,,,,,2023-08-01,7646,2012,72.0,2738
MSitAE-AUGUST-2023,RMC,NHS ENGLAND NORTH WEST,BOLTON NHS FOUNDATION TRUST,9327,0,1343,36,0,16,3825,0,225,9,0,3,587,595,2117,0,75,635,,,,,,,2023-08-01,10670,4050,59.0,2827
MSitAE-AUGUST-2023,NTV0W,NHS ENGLAND SOUTH EAST,WOKING WALK IN CENTRE,0,0,2605,0,0,0,0,0,208,0,0,0,0,0,0,0,0,0,,,,,,,2023-08-01,2605,208,,0
MSitAE-AUGUST-2023,R1K,NHS ENGLAND LONDON,LONDON NORTH WEST UNIVERSITY HEALTHCARE NHS TRUST,11962,0,12973,0,0,0,6896,0,363,0,0,0,718,253,6476,0,0,1275,,,,,,,2023-08-01,24935,7259,42.4,7751
MSitAE-AUGUST-2023,RC9,NHS ENGLAND EAST OF ENGLAND,BEDFORDSHIRE HOSPITALS NHS FOUNDATION TRUST,15134,0,6317,0,0,1045,5292,0,0,0,0,0,80,0,4257,0,0,2025,,,,,,,2023-08-01,21451,5292,65.0,6282
MSitAE-AUGUST-2023,RDR,NHS ENGLAND SOUTH EAST,SUSSEX COMMUNITY NHS FOUNDATION TRUST,0,0,11964,0,0,0,0,0,43,0,0,0,0,0,0,0,0,0,,,,,,,2023-08-01,11964,43,,0
MSitAE-AUGUST-2023,RET,NHS ENGLAND NORTH WEST,THE WALTON CENTRE NHS FOUNDATION TRUST,0,0,0,0,0,0,0,0,0,0,0,0,0,0,0,0,0,153,,,,,,,2023-08-01,0,0,,153
MSitAE-AUGUST-2023,RGT,NHS ENGLAND EAST OF ENGLAND,CAMBRIDGE UNIVERSITY HOSPITALS NHS FOUNDATION TRUST,9340,0,6008,325,0,231,5061,0,71,127,0,1,689,238,2802,0,18,387,,,,,,,2023-08-01,15348,5132,45.8,3207
MSitAE-AUGUST-2023,RY4,NHS ENGLAND EAST OF ENGLAND,HERTFORDSHIRE COMMUNITY NHS TRUST,0,0,1214,0,0,0,0,0,32,0,0,0,0,0,0,0,0,0,,,,,,,2023-08-01,1214,32,,0
MSitAE-AUGUST-2023,RM3,NHS ENGLAND NORTH WEST,NORTHERN CARE ALLIANCE NHS FOUNDATION TRUST,23741,0,6491,0,0,0,10596,0,181,0,0,0,1261,519,6515,0,354,1753,,,,,,,2023-08-01,30232,10777,55.4,8622
MSitAE-AUGUST-2023,RNQ,NHS ENGLAND MIDLANDS,KETTERING GENERAL HOSPITAL NHS FOUNDATION TRUST,8642,0,0,346,0,0,4215,0,0,0,0,0,952,0,1945,0,0,171,,,,,,,2023-08-01,8642,4215,51.2,2116
MSitAE-AUGUST-2023,RY2,NHS ENGLAND NORTH WEST,BRIDGEWATER COMMUNITY HEALTHCARE NHS FOUNDATION TRUST,0,0,3198,0,0,144,0,0,44,0,0,1,0,0,0,0,0,0,,,,,,,2023-08-01,3198,44,,0
MSitAE-AUGUST-2023,RTF,NHS ENGLAND NORTH EAST AND YORKSHIRE,NORTHUMBRIA HEALTHCARE NHS FOUNDATION TRUST,9247,0,11121,0,0,0,1664,0,13,0,0,0,34,0,5393,0,75,1062,,,,,,,2023-08-01,20368,1677,82.0,6530
MSitAE-AUGUST-2023,RWF,NHS ENGLAND SOUTH EAST,MAIDSTONE AND TUNBRIDGE WELLS NHS TRUST,17222,0,2308,0,0,0,2973,0,15,0,0,0,725,0,5660,0,0,1136,,,,,,,2023-08-01,19530,2988,82.7,6796
MSitAE-AUGUST-2023,RP5,NHS ENGLAND NORTH EAST AND YORKSHIRE,DONCASTER AND BASSETLAW TEACHING HOSPITALS NHS FOUNDATION TRUST,12894,0,3438,0,0,0,5229,0,2,0,0,0,1055,85,3701,0,317,1071,,,,,,,2023-08-01,16332,5231,59.4,5089
MSitAE-AUGUST-2023,RN3,NHS ENGLAND SOUTH WEST,GREAT WESTERN HOSPITALS NHS FOUNDATION TRUST,5207,0,4904,0,0,324,2474,0,216,0,0,6,448,69,2254,0,0,1412,,,,,,,2023-08-01,10111,2690,52.5,3666
MSitAE-AUGUST-2023,RTH,NHS ENGLAND SOUTH EAST,OXFORD UNIVERSITY HOSPITALS NHS FOUNDATION TRUST,10893,1807,480,1181,0,107,4135,0,4,333,0,0,604,0,3600,124,8,4096,,,,,,,2023-08-01,13180,4139,62.0,7828
MSitAE-AUGUST-2023,RHU,NHS ENGLAND SOUTH EAST,PORTSMOUTH HOSPITALS UNIVERSITY NATIONAL HEALTH SERVICE TRUST,9384,822,2824,1213,0,692,4589,8,2,503,0,5,1483,14,3631,0,0,2418,,,,,,,2023-08-01,13030,4599,51.1,6049
MSitAE-AUGUST-2023,RA9,NHS ENGLAND SOUTH WEST,TORBAY AND SOUTH DEVON NHS FOUNDATION TRUST,6657,0,3497,96,0,0,3169,0,80,41,0,0,616,162,1913,0,0,1247,,,,,,,2023-08-01,10154,3249,52.4,3160
MSitAE-AUGUST-2023,RXL,NHS ENGLAND NORTH WEST,BLACKPOOL TEACHING HOSPITALS NHS FOUNDATION TRUST,8668,0,10843,226,0,246,4165,0,24,70,0,0,580,903,2602,0,0,1555,,,,,,,2023-08-01,19511,4189,51.9,4157
MSitAE-AUGUST-2023,RX1,NHS ENGLAND MIDLANDS,NOTTINGHAM UNIVERSITY HOSPITALS NHS TRUST,14480,1878,334,518,0,0,8148,221,18,269,0,0,880,719,3867,0,0,3294,,,,,,,2023-08-01,16692,8387,43.7,7161
MSitAE-AUGUST-2023,NLX,NHS ENGLAND SOUTH WEST,SIRONA CARE & HEALTH,0,0,7382,0,0,191,0,0,264,0,0,35,0,0,0,0,0,0,,,,,,,2023-08-01,7382,264,,0
MSitAE-AUGUST-2023,RDE,NHS ENGLAND EAST OF ENGLAND,EAST SUFFOLK AND NORTH ESSEX NHS FOUNDATION TRUST,13834,0,11197,191,0,152,6901,0,122,0,0,0,1169,182,4628,0,234,843,,,,,,,2023-08-01,25031,7023,50.1,5705
MSitAE-AUGUST-2023,RFS,NHS ENGLAND MIDLANDS,CHESTERFIELD ROYAL HOSPITAL NHS FOUNDATION TRUST,6880,0,1277,248,0,87,2631,0,187,82,0,13,377,16,2490,0,223,527,,,,,,,2023-08-01,8157,2818,61.8,3240
MSitAE-AUGUST-2023,G0Q0L,NHS ENGLAND LONDON,BARKING HOSPITAL UTC,0,0,2121,0,0,0,0,0,150,0,0,0,0,0,0,0,0,0,,,,,,,2023-08-01,2121,150,,0
MSitAE-AUGUST-2023,K6K0R,NHS ENGLAND LONDON,HAROLD WOOD POLYCLINIC UTC,0,0,2042,0,0,0,0,0,147,0,0,0,0,0,0,0,0,0,,,,,,,2023-08-01,2042,147,,0
MSitAE-DECEMBER-2023,RK9,NHS ENGLAND SOUTH WEST,UNIVERSITY HOSPITALS PLYMOUTH NHS TRUST,8856,121,3572,0,0,0,5488,0,354,0,0,0,670,607,2961,0,0,1117,,,,,,,2023-12-01,12549,5842,38.0,4078
MSitAE-DECEMBER-2023,Y02147,NHS ENGLAND LONDON,URGENT CARE CENTRE (QMS),0,0,8174,0,0,0,0,0,361,0,0,0,0,0,0,0,0,0,,,,,,,2023-12-01,8174,361,,0
MSitAE-DECEMBER-2023,8J094,NHS ENGLAND MIDLANDS,BADGER LTD,0,0,0,0,0,2285,0,0,0,0,0,0,0,0,0,0,0,0,,,,,,,2023-12-01,0,0,,0
MSitAE-DECEMBER-2023,AD913,NHS ENGLAND LONDON,BECKENHAM BEACON UCC,0,0,3626,0,0,275,0,0,192,0,0,0,0,0,0,0,0,0,,,,,,,2023-12-01,3626,192,,0
MSitAE-DECEMBER-2023,AQN04,NHS ENGLAND SOUTH EAST,PHL LYMINGTON UTC,0,0,2526,0,0,11,0,0,14,0,0,0,0,0,0,0,0,0,,,,,,,2023-12-01,2526,14,,0
MSitAE-DECEMBER-2023,C82038,NHS ENGLAND MIDLANDS,LATHAM HOUSE MEDICAL PRACTICE,0,0,222,0,0,0,0,0,0,0,0,0,0,0,0,0,0,0,,,,,,,2023-12-01,222,0,,0
MSitAE-DECEMBER-2023,C83023,NHS ENGLAND MIDLANDS,SLEAFORD MEDICAL GROUP,0,0,608,0,0,0,0,0,0,0,0,0,0,0,0,0,0,0,,,,,,,2023-12-01,608,0,,0
MSitAE-DECEMBER-2023,L83087,NHS ENGLAND SOUTH WEST,OKEHAMPTON MEDICAL CENTRE,0,0,63,0,0,0,0,0,0,0,0,0,0,0,0,0,0,0,,,,,,,2023-12-01,63,0,,0
MSitAE-DECEMBER-2023,NQTE4,NHS ENGLAND MIDLANDS,SUMMERFIELD URGENT CARE CENTRE,0,0,3363,0,0,0,0,0,0,0,0,0,0,0,0,0,0,0,,,,,,,2023-12-01,3363,0,,0
MSitAE-DECEMBER-2023,RDY,NHS ENGLAND SOUTH WEST,DORSET HEALTHCARE UNIVERSITY NHS FOUNDATION TRUST,0,0,0,0,0,0,0,0,0,0,0,0,0,0,0,0,1,4,,,,,,,2023-12-01,0,0,,5
MSitAE-DECEMBER-2023,RNU,NHS ENGLAND SOUTH EAST,OXFORD HEALTH NHS FOUNDATION TRUST,0,0,2095,0,0,0,0,0,255,0,0,0,0,0,0,0,0,0,,,,,,,2023-12-01,2095,255,,0
MSitAE-DECEMBER-2023,RV9,NHS ENGLAND NORTH EAST AND YORKSHIRE,HUMBER TEACHING NHS FOUNDATION TRUST,0,0,1016,0,0,40,0,0,2,0,0,0,0,0,0,0,0,0,,,,,,,2023-12-01,1016,2,,0
MSitAE-DECEMBER-2023,RW1,NHS ENGLAND SOUTH EAST,SOUTHERN HEALTH NHS FOUNDATION TRUST,0,0,2790,0,0,0,0,0,71,0,0,0,0,0,0,0,1,161,,,,,,,2023-12-01,2790,71,,162
MSitAE-DECEMBER-2023,RWY,NHS ENGLAND NORTH EAST AND YORKSHIRE,CALDERDALE AND HUDDERSFIELD NHS FOUNDATION TRUST,14954,0,0,0,0,0,5282,0,0,0,0,0,1388,1,3199,0,0,746,,,,,,,2023-12-01,14954,5282,64.7,3945
MSitAE-DECEMBER-2023,RXG,NHS ENGLAND NORTH EAST AND YORKSHIRE,SOUTH WEST YORKSHIRE PARTNERSHIP NHS FOUNDATION TRUST,0,0,0,0,0,0,0,0,0,0,0,0,0,0,0,0,0,131,,,,,,,2023-12-01,0,0,,131
MSitAE-DECEMBER-2023,RY5,NHS ENGLAND MIDLANDS,LINCOLNSHIRE COMMUNITY HEALTH SERVICES NHS TRUST,0,0,8293,0,0,0,0,0,225,0,0,0,0,0,0,0,0,0,,,,,,,2023-12-01,8293,225,,0
MSitAE-DECEMBER-2023,RY8,NHS ENGLAND MIDLANDS,DERBYSHIRE COMMUNITY HEALTH SERVICES NHS FOUNDATION TRUST,0,0,5979,0,0,1833,0,0,1,0,0,1,0,0,0,0,0,0,,,,,,,2023-12-01,5979,1,,0
MSitAE-DECEMBER-2023,RYF,NHS ENGLAND SOUTH WEST,SOUTH WESTERN AMBULANCE SERVICE NHS FOUNDATION TRUST,0,0,1373,0,0,0,0,0,48,0,0,0,0,0,0,0,0,0,,,,,,,2023-12-01,1373,48,,0
MSitAE-DECEMBER-2023,Y02532,NHS ENGLAND NORTH WEST,MIRIAM MINOR EMERGENCY,0,0,1785,0,0,0,0,0,0,0,0,0,0,0,0,0,0,0,,,,,,,2023-12-01,1785,0,,0
MSitAE-DECEMBER-2023,Y02615,NHS ENGLAND MIDLANDS,SOUTH BIRMINGHAM GP WALK IN CENTRE,0,0,7262,0,0,0,0,0,0,0,0,0,0,0,0,0,0,0,,,,,,,2023-12-01,7262,0,,0
MSitAE-DECEMBER-2023,Y03007,NHS ENGLAND MIDLANDS,ERDINGTON GP HEALTH & WELLBEING WIC,0,0,0,0,0,2368,0,0,0,0,0,0,0,0,0,0,0,0,,,,,,,2023-12-01,0,0,,0
MSitAE-DECEMBER-2023,Y04538,NHS ENGLAND SOUTH EAST,BRACKNELL URGENT CARE CENTRE WIC,0,0,1968,0,0,0,0,0,2,0,0,0,0,0,0,0,0,0,,,,,,,2023-12-01,1968,2,,0
MSitAE-DECEMBER-2023,NDJ,NHS ENGLAND SOUTH EAST,FIRST COMMUNITY HEALTH AND CARE CIC,0,0,2086,0,0,0,0,0,0,0,0,0,0,0,0,0,0,0,,,,,,,2023-12-01,2086,0,,0
MSitAE-DECEMBER-2023,NL7,NHS ENGLAND MIDLANDS,ASSURA VERTIS URGENT CARE CENTRES (BIRMINGHAM),0,0,4674,0,0,0,0,0,0,0,0,0,0,0,0,0,0,0,,,,,,,2023-12-01,4674,0,,0
MSitAE-DECEMBER-2023,NQT5F,NHS ENGLAND NORTH WEST,SKELMERSDALE WALK IN CENTRE,0,0,1965,0,0,0,0,0,75,0,0,0,0,0,0,0,0,0,,,,,,,2023-12-01,1965,75,,0
MSitAE-DECEMBER-2023,NQT5H,NHS ENGLAND SOUTH WEST,PAULTON MEMORIAL HOSPITAL,0,0,819,0,0,0,0,0,11,0,0,0,0,0,0,0,0,0,,,,,,,2023-12-01,819,11,,0
MSitAE-DECEMBER-2023,RAX,NHS ENGLAND LONDON,KINGSTON HOSPITAL NHS FOUNDATION TRUST,7334,0,8151,0,0,0,3767,0,343,0,0,0,402,353,2017,0,145,574,,,,,,,2023-12-01,15485,4110,48.6,2736
MSitAE-DECEMBER-2023,RBQ,NHS ENGLAND NORTH WEST,LIVERPOOL HEART AND CHEST HOSPITAL NHS FOUNDATION TRUST,0,0,0,0,0,0,0,0,0,0,0,0,0,0,0,0,0,238,,,,,,,2023-12-01,0,0,,238
MSitAE-DECEMBER-2023,RGR,NHS ENGLAND EAST OF ENGLAND,WEST SUFFOLK NHS FOUNDATION TRUST,6958,0,773,48,0,0,3234,0,0,0,0,0,425,519,1913,0,0,584,,,,,,,2023-12-01,7731,3234,53.5,2497
MSitAE-DECEMBER-2023,RGT,NHS ENGLAND EAST OF ENGLAND,CAMBRIDGE UNIVERSITY HOSPITALS NHS FOUNDATION TRUST,9569,0,4996,699,0,438,5366,0,100,321,0,29,661,584,2882,0,33,449,,,,,,,2023-12-01,14565,5466,43.9,3364
MSitAE-DECEMBER-2023,RJ8,NHS ENGLAND SOUTH WEST,CORNWALL PARTNERSHIP NHS FOUNDATION TRUST,0,0,0,0,0,0,0,0,0,0,0,0,0,0,0,0,13,63,,,,,,,2023-12-01,0,0,,76
MSitAE-DECEMBER-2023,RXQ,NHS ENGLAND SOUTH EAST,BUCKINGHAMSHIRE HEALTHCARE NHS TRUST,9900,1132,3078,0,0,0,4103,0,87,0,0,0,349,358,4131,774,0,1065,,,,,,,2023-12-01,14110,4190,58.6,5970
MSitAE-DECEMBER-2023,RY7,NHS ENGLAND NORTH WEST,WIRRAL COMMUNITY HEALTH AND CARE NHS FOUNDATION TRUST,0,0,4430,0,0,0,0,0,209,0,0,0,0,0,0,0,0,0,,,,,,,2023-12-01,4430,209,,0
MSitAE-DECEMBER-2023,RYY,NHS ENGLAND SOUTH EAST,KENT COMMUNITY HEALTH NHS FOUNDATION TRUST,0,0,9667,0,0,0,0,0,29,0,0,0,0,0,0,0,0,0,,,,,,,2023-12-01,9667,29,,0
MSitAE-DECEMBER-2023,AAH,NHS ENGLAND SOUTH WEST,TETBURY HOSPITAL TRUST LTD,0,0,474,0,0,0,0,0,0,0,0,0,0,0,0,0,0,0,,,,,,,2023-12-01,474,0,,0
MSitAE-DECEMBER-2023,ACH01,NHS ENGLAND SOUTH EAST,WHITSTABLE MEDICAL PRACTICE,0,0,4672,0,0,0,0,0,0,0,0,0,0,0,0,0,0,0,,,,,,,2023-12-01,4672,0,,0
MSitAE-DECEMBER-2023,AJN,NHS ENGLAND NORTH EAST AND YORKSHIRE,WORKINGTON HEALTH LIMITED,0,0,475,0,0,0,0,0,0,0,0,0,0,0,0,0,0,0,,,,,,,2023-12-01,475,0,,0
MSitAE-DECEMBER-2023,NTV0B,NHS ENGLAND SOUTH EAST,ASHFORD WALK-IN-CENTRE,0,0,2496,0,0,0,0,0,240,0,0,0,0,0,0,0,0,0,,,,,,,2023-12-01,2496,240,,0
MSitAE-DECEMBER-2023,NTV0W,NHS ENGLAND SOUTH EAST,WOKING WALK IN CENTRE,0,0,2588,0,0,0,0,0,83,0,0,0,0,0,0,0,0,0,,,,,,,2023-12-01,2588,83,,0
MSitAE-DECEMBER-2023,RBV,NHS ENGLAND NORTH WEST,THE CHRISTIE NHS FOUNDATION TRUST,0,0,0,0,0,0,0,0,0,0,0,0,0,0,0,0,0,659,,,,,,,2023-12-01,0,0,,659
MSitAE-DECEMBER-2023,REM,NHS ENGLAND NORTH WEST,LIVERPOOL UNIVERSITY HOSPITALS NHS FOUNDATION TRUST,16354,206,8054,449,0,0,7230,0,1276,77,0,0,2099,1165,5498,0,0,2027,,,,,,,2023-12-01,24614,8506,55.8,7525
MSitAE-DECEMBER-2023,RJN,NHS ENGLAND NORTH WEST,EAST CHESHIRE NHS TRUST,4260,0,0,43,0,25,2182,0,0,0,0,0,303,299,1005,0,0,247,,,,,,,2023-12-01,4260,2182,48.8,1252
MSitAE-DECEMBER-2023,RJR,NHS ENGLAND NORTH WEST,COUNTESS OF CHESTER HOSPITAL NHS FOUNDATION TRUST,6190,0,450,0,0,0,3280,0,80,0,0,0,420,568,1726,0,0,1074,,,,,,,2023-12-01,6640,3360,47.0,2800
MSitAE-DECEMBER-2023,RL4,NHS ENGLAND MIDLANDS,THE ROYAL WOLVERHAMPTON NHS TRUST,12353,0,6306,126,0,973,4340,0,662,0,0,0,949,154,5811,0,0,862,,,,,,,2023-12-01,18659,5002,64.9,6673
MSitAE-DECEMBER-2023,RLQ,NHS ENGLAND MIDLANDS,WYE VALLEY NHS TRUST,5659,0,0,166,0,0,2704,0,0,39,0,0,454,226,1942,0,0,590,,,,,,,2023-12-01,5659,2704,52.2,2532
MSitAE-DECEMBER-2023,RQ3,NHS ENGLAND MIDLANDS,BIRMINGHAM WOMEN'S AND CHILDREN'S NHS FOUNDATION TRUST,5550,0,0,0,0,0,2035,0,0,0,0,0,0,0,935,0,0,206,,,,,,,2023-12-01,5550,2035,63.3,1141
MSitAE-DECEMBER-2023,RR7,NHS ENGLAND NORTH EAST AND YORKSHIRE,GATESHEAD HEALTH NHS FOUNDATION TRUST,6292,0,3762,29,0,27,3331,0,77,17,0,0,1077,7,1829,0,0,640,,,,,,,2023-12-01,10054,3408,47.1,2469
MSitAE-DECEMBER-2023,Y02676,NHS ENGLAND SOUTH EAST,BRIGHTON STATION HEALTH CENTRE,0,0,2023,0,0,0,0,0,0,0,0,0,0,0,0,0,0,0,,,,,,,2023-12-01,2023,0,,0
MSitAE-DECEMBER-2023,Y03218,NHS ENGLAND LONDON,THE PINN UNREGISTERED WIC,0,0,640,0,0,0,0,0,0,0,0,0,0,0,0,0,0,0,,,,,,,2023-12-01,640,0,,0
MSitAE-DECEMBER-2023,NNJ,NHS ENGLAND MIDLANDS,DHU HEALTH CARE C.I.C,0,0,2284,0,0,0,0,0,0,0,0,0,0,0,0,0,0,0,,,,,,,2023-12-01,2284,0,,0
MSitAE-DECEMBER-2023,NQT51,NHS ENGLAND SOUTH EAST,STATION PLAZA HEALTH CENTRE,0,0,1431,0,0,0,0,0,0,0,0,0,0,0,0,0,0,0,,,,,,,2023-12-01,1431,0,,0
MSitAE-DECEMBER-2023,NR3,NHS ENGLAND MIDLANDS,NOTTINGHAM CITYCARE PARTNERSHIP,0,0,5180,0,0,268,0,0,1386,0,0,2,0,0,0,0,0,0,,,,,,,2023-12-01,5180,1386,,0
MSitAE-DECEMBER-2023,RBD,NHS ENGLAND SOUTH WEST,DORSET COUNTY HOSPITAL NHS FOUNDATION TRUST,4242,0,0,337,0,3383,1730,0,0,94,0,5,177,29,1741,0,0,495,,,,,,,2023-12-01,4242,1730,59.2,2236
MSitAE-DECEMBER-2023,RDU,NHS ENGLAND SOUTH EAST,FRIMLEY HEALTH NHS FOUNDATION TRUST,21971,0,0,0,0,0,9976,0,0,0,0,0,1972,43,6554,0,0,284,,,,,,,2023-12-01,21971,9976,54.6,6838
MSitAE-DECEMBER-2023,RPC,NHS ENGLAND SOUTH EAST,QUEEN VICTORIA HOSPITAL NHS FOUNDATION TRUST,0,0,1393,0,0,0,0,0,9,0,0,0,0,0,0,0,2,480,,,,,,,2023-12-01,1393,9,,482
MSitAE-DECEMBER-2023,RQW,NHS ENGLAND EAST OF ENGLAND,THE PRINCESS ALEXANDRA HOSPITAL NHS TRUST,8269,0,1098,0,0,980,5223,0,23,0,0,0,550,95,2161,0,0,423,,,,,,,2023-12-01,9367,5246,36.8,2584
MSitAE-DECEMBER-2023,RQX,NHS ENGLAND LONDON,HOMERTON HEALTHCARE NHS FOUNDATION TRUST,10563,0,0,20,0,0,2124,0,0,0,0,0,233,25,1808,0,0,317,,,,,,,2023-12-01,10563,2124,79.9,2125
MSitAE-DECEMBER-2023,RTD,NHS ENGLAND NORTH EAST AND YORKSHIRE,THE NEWCASTLE UPON TYNE HOSPITALS NHS FOUNDATION TRUST,12362,1289,5635,0,0,832,5459,66,0,0,0,0,588,63,3514,20,0,2652,,,,,,,2023-12-01,19286,5525,55.8,6186
MSitAE-DECEMBER-2023,RTG,NHS ENGLAND MIDLANDS,UNIVERSITY HOSPITALS OF DERBY AND BURTON NHS FOUNDATION TRUST,19904,0,9703,357,0,76,9129,0,77,142,0,3,810,841,4184,0,6,2210,,,,,,,2023-12-01,29607,9206,54.1,6400
MSitAE-DECEMBER-2023,RWE,NHS ENGLAND MIDLANDS,UNIVERSITY HOSPITALS OF LEICESTER NHS TRUST,20843,1603,0,0,0,0,9432,71,0,0,0,0,1370,1167,5620,5,0,3256,,,,,,,2023-12-01,22446,9503,54.7,8881
MSitAE-DECEMBER-2023,RXF,NHS ENGLAND NORTH EAST AND YORKSHIRE,MID YORKSHIRE TEACHING NHS TRUST,16414,0,6197,124,0,100,7243,0,353,20,0,2,2234,309,3749,0,150,928,,,,,,,2023-12-01,22611,7596,55.9,4827
MSitAE-DECEMBER-2023,NDA57,NHS ENGLAND SOUTH EAST,HASLEMERE MINOR INJURIES UNIT,0,0,1106,0,0,7,0,0,0,0,0,0,0,0,0,0,0,0,,,,,,,2023-12-01,1106,0,,0
MSitAE-DECEMBER-2023,NTP11,NHS ENGLAND SOUTH EAST,PRACTICE PLUS GROUP HOSPITAL - SOUTHAMPTON,0,0,5017,0,0,0,0,0,281,0,0,0,0,0,0,0,0,0,,,,,,,2023-12-01,5017,281,,0
MSitAE-DECEMBER-2023,RA2,NHS ENGLAND SOUTH EAST,ROYAL SURREY COUNTY HOSPITAL NHS FOUNDATION TRUST,6052,0,0,593,0,0,2498,0,0,201,0,0,468,134,2264,0,0,914,,,,,,,2023-12-01,6052,2498,58.7,3178
MSitAE-DECEMBER-2023,RBT,NHS ENGLAND NORTH WEST,MID CHESHIRE HOSPITALS NHS FOUNDATION TRUST,6836,0,2455,51,0,30,3602,0,46,13,0,0,507,660,2346,0,0,979,,,,,,,2023-12-01,9291,3648,47.3,3325
MSitAE-DECEMBER-2023,RF4,NHS ENGLAND LONDON,"BARKING, HAVERING AND REDBRIDGE UNIVERSITY HOSPITALS NHS TRUST",12824,2207,13097,0,0,0,6369,335,1136,0,0,0,780,587,7509,0,0,371,,,,,,,2023-12-01,28128,7840,50.3,7880
MSitAE-DECEMBER-2023,RFF,NHS ENGLAND NORTH EAST AND YORKSHIRE,BARNSLEY HOSPITAL NHS FOUNDATION TRUST,8336,0,0,444,0,0,3835,0,0,0,0,0,715,0,2987,0,0,498,,,,,,,2023-12-01,8336,3835,54.0,3485
MSitAE-DECEMBER-2023,RJZ,NHS ENGLAND LONDON,KING'S COLLEGE HOSPITAL NHS FOUNDATION TRUST,15009,0,8510,88,0,1209,8710,0,707,28,0,165,1728,1018,3612,0,0,527,,,,,,,2023-12-01,23519,9417,42.0,4139
MSitAE-DECEMBER-2023,RP6,NHS ENGLAND LONDON,MOORFIELDS EYE HOSPITAL NHS FOUNDATION TRUST,0,4914,0,0,0,0,0,52,0,0,0,0,0,0,0,5,0,202,,,,,,,2023-12-01,4914,52,,207
MSitAE-DECEMBER-2023,RW4,NHS ENGLAND NORTH WEST,MERSEY CARE NHS FOUNDATION TRUST,0,0,11255,0,0,0,0,0,1511,0,0,0,0,0,0,0,0,66,,,,,,,2023-12-01,11255,1511,,66
MSitAE-DECEMBER-2023,RWP,NHS ENGLAND MIDLANDS,WORCESTERSHIRE ACUTE HOSPITALS NHS TRUST,12210,0,4622,111,0,0,6949,0,4,44,0,0,1131,260,3513,0,0,1371,,,,,,,2023-12-01,16832,6953,43.1,4884
MSitAE-DECEMBER-2023,RXK,NHS ENGLAND MIDLANDS,SANDWELL AND WEST BIRMINGHAM HOSPITALS NHS TRUST,13971,1008,9931,915,0,0,7503,84,748,210,0,0,1691,418,2855,0,0,471,,,,,,,2023-12-01,24910,8335,46.3,3326
MSitAE-DECEMBER-2023,RXL,NHS ENGLAND NORTH WEST,BLACKPOOL TEACHING HOSPITALS NHS FOUNDATION TRUST,8118,0,10044,227,0,139,3812,0,72,90,0,0,674,357,2764,0,0,1524,,,,,,,2023-12-01,18162,3884,53.0,4288
MSitAE-DECEMBER-2023,Y03571,NHS ENGLAND MIDLANDS,CORBY URGENT CARE CENTRE,0,0,8588,0,0,722,0,0,77,0,0,0,0,0,0,0,0,0,,,,,,,2023-12-01,8588,77,,0
MSitAE-DECEMBER-2023,NNJ07,NHS ENGLAND MIDLANDS,LOUGHBOROUGH URGENT CARE CENTRE,0,0,5310,0,0,738,0,0,12,0,0,1,0,0,0,0,0,0,,,,,,,2023-12-01,5310,12,,0
MSitAE-DECEMBER-2023,NNJ0H,NHS ENGLAND MIDLANDS,LLR EA - THE MERLYN VAZ HEALTH & SOCIAL CARE CENTRE,0,0,323,0,0,2267,0,0,0,0,0,1,0,0,0,0,0,0,,,,,,,2023-12-01,323,0,,0
MSitAE-DECEMBER-2023,NNJ12,NHS ENGLAND MIDLANDS,MARKET HARBOROUGH,0,0,97,0,0,374,0,0,0,0,0,0,0,0,0,0,0,0,,,,,,,2023-12-01,97,0,,0
MSitAE-DECEMBER-2023,NNJ13,NHS ENGLAND MIDLANDS,MELTON MOWBRAY,0,0,77,0,0,320,0,0,0,0,0,0,0,0,0,0,0,0,,,,,,,2023-12-01,77,0,,0
MSitAE-DECEMBER-2023,NNJ14,NHS ENGLAND MIDLANDS,OADBY,0,0,922,0,0,1748,0,0,0,0,0,0,0,0,0,0,0,0,,,,,,,2023-12-01,922,0,,0
MSitAE-DECEMBER-2023,NNJ15,NHS ENGLAND MIDLANDS,OAKHAM,0,0,108,0,0,468,0,0,0,0,0,0,0,0,0,0,0,0,,,,,,,2023-12-01,108,0,,0
MSitAE-DECEMBER-2023,R0A,NHS ENGLAND NORTH WEST,MANCHESTER UNIVERSITY NHS FOUNDATION TRUST,24231,3071,11641,2759,320,813,12255,107,1170,1286,4,154,3373,552,5869,170,180,474,,,,,,,2023-12-01,38943,13532,49.4,6693
MSitAE-DECEMBER-2023,R0D,NHS ENGLAND SOUTH WEST,UNIVERSITY HOSPITALS DORSET NHS FOUNDATION TRUST,13525,0,3386,0,0,0,6635,0,0,0,0,0,1192,266,4089,8,0,1977,,,,,,,2023-12-01,16911,6635,50.9,6074
MSitAE-DECEMBER-2023,RAE,NHS ENGLAND NORTH EAST AND YORKSHIRE,BRADFORD TEACHING HOSPITALS NHS FOUNDATION TRUST,9631,0,2851,0,0,0,2604,0,0,0,0,0,714,71,2606,0,95,1459,,,,,,,2023-12-01,12482,2604,73.0,4160
MSitAE-DECEMBER-2023,RBK,NHS ENGLAND MIDLANDS,WALSALL HEALTHCARE NHS TRUST,8447,0,4130,416,0,147,3424,0,138,76,0,0,1173,101,3735,0,0,773,,,,,,,2023-12-01,12577,3562,59.5,4508
MSitAE-DECEMBER-2023,RCB,NHS ENGLAND NORTH EAST AND YORKSHIRE,YORK AND SCARBOROUGH TEACHING HOSPITALS NHS FOUNDATION TRUST,10304,339,8327,0,0,811,5802,0,412,0,0,1,929,811,4631,1,0,1440,,,,,,,2023-12-01,18970,6214,43.7,6072
MSitAE-DECEMBER-2023,RCU,NHS ENGLAND NORTH EAST AND YORKSHIRE,SHEFFIELD CHILDREN'S NHS FOUNDATION TRUST,4660,0,489,306,0,28,687,0,0,45,0,0,12,0,995,0,0,111,,,,,,,2023-12-01,5149,687,85.3,1106
MSitAE-DECEMBER-2023,RD1,NHS ENGLAND SOUTH WEST,ROYAL UNITED HOSPITALS BATH NHS FOUNDATION TRUST,8344,0,0,0,0,0,3331,0,0,0,0,0,708,27,2630,0,6,1524,,,,,,,2023-12-01,8344,3331,60.1,4160
MSitAE-DECEMBER-2023,RD8,NHS ENGLAND EAST OF ENGLAND,MILTON KEYNES UNIVERSITY HOSPITAL NHS FOUNDATION TRUST,7796,0,5385,617,0,115,2902,0,334,234,0,0,788,0,2152,0,0,480,,,,,,,2023-12-01,13181,3236,62.8,2632
MSitAE-DECEMBER-2023,REF,NHS ENGLAND SOUTH WEST,ROYAL CORNWALL HOSPITALS NHS TRUST,5954,0,10022,0,0,0,3539,0,572,0,0,0,517,615,2150,0,35,1070,,,,,,,2023-12-01,15976,4111,40.6,3255
MSitAE-DECEMBER-2023,RHM,NHS ENGLAND SOUTH EAST,UNIVERSITY HOSPITAL SOUTHAMPTON NHS FOUNDATION TRUST,11379,1109,0,155,0,0,4777,132,0,66,0,0,580,9,3508,12,0,1452,,,,,,,2023-12-01,12488,4909,58.0,4972
MSitAE-DECEMBER-2023,RKE,NHS ENGLAND LONDON,WHITTINGTON HEALTH NHS TRUST,8911,0,0,0,0,0,3757,0,0,0,0,0,333,323,1162,0,0,47,,,,,,,2023-12-01,8911,3757,57.8,1209
MSitAE-DECEMBER-2023,RRK,NHS ENGLAND MIDLANDS,UNIVERSITY HOSPITALS BIRMINGHAM NHS FOUNDATION TRUST,32986,0,1205,74,0,210,15926,0,13,22,0,0,2910,1964,10816,0,1,5296,,,,,,,2023-12-01,34191,15939,51.7,16113
MSitAE-DECEMBER-2023,RWD,NHS ENGLAND MIDLANDS,UNITED LINCOLNSHIRE HOSPITALS NHS TRUST,9927,0,8957,1,0,0,6576,0,1442,1,0,0,998,967,4248,0,0,1063,,,,,,,2023-12-01,18884,8018,33.8,5311
MSitAE-DECEMBER-2023,RWG,NHS ENGLAND EAST OF ENGLAND,WEST HERTFORDSHIRE TEACHING HOSPITALS NHS TRUST,7900,0,7997,0,0,259,4975,0,346,0,0,0,1671,14,3250,0,0,449,,,,,,,2023-12-01,15897,5321,37.0,3699
MSitAE-DECEMBER-2023,RY4,NHS ENGLAND EAST OF ENGLAND,HERTFORDSHIRE COMMUNITY NHS TRUST,0,0,780,0,0,0,0,0,20,0,0,0,0,0,0,0,0,0,,,,,,,2023-12-01,780,20,,0
MSitAE-DECEMBER-2023,RYR,NHS ENGLAND SOUTH EAST,UNIVERSITY HOSPITALS SUSSEX NHS FOUNDATION TRUST,21860,1314,4765,1402,0,1039,10150,0,543,504,0,42,1784,1205,7945,32,36,1323,,,,,,,2023-12-01,27939,10693,53.6,9336
MSitAE-DECEMBER-2023,DD401,NHS ENGLAND SOUTH WEST,EXMOUTH MINOR INJURY UNIT,0,0,697,0,0,0,0,0,0,0,0,0,0,0,0,0,0,0,,,,,,,2023-12-01,697,0,,0
MSitAE-DECEMBER-2023,NNF09,NHS ENGLAND NORTH EAST AND YORKSHIRE,BRANSHOLME HEALTH CENTRE,0,0,3754,0,0,0,0,0,575,0,0,0,0,0,0,0,0,0,,,,,,,2023-12-01,3754,575,,0
MSitAE-DECEMBER-2023,NNF76,NHS ENGLAND NORTH EAST AND YORKSHIRE,THE WILBERFORCE HEALTH CENTRE,0,0,3210,0,0,0,0,0,0,0,0,0,0,0,0,0,0,0,,,,,,,2023-12-01,3210,0,,0
MSitAE-DECEMBER-2023,NNF94,NHS ENGLAND NORTH EAST AND YORKSHIRE,EAST RIDING COMMUNITY HOSPITAL,0,0,2475,0,0,0,0,0,323,0,0,0,0,0,0,0,0,0,,,,,,,2023-12-01,2475,323,,0
MSitAE-DECEMBER-2023,NNFA7,NHS ENGLAND NORTH EAST AND YORKSHIRE,GOOLE & DISTRICT HOSPITAL,0,0,1380,0,0,0,0,0,30,0,0,0,0,0,0,0,0,0,,,,,,,2023-12-01,1380,30,,0
MSitAE-DECEMBER-2023,NV693,NHS ENGLAND NORTH WEST,ROSSENDALE MIU & OOH,0,0,767,0,0,0,0,0,0,0,0,0,0,0,0,0,0,0,,,,,,,2023-12-01,767,0,,0
MSitAE-DECEMBER-2023,R0B,NHS ENGLAND NORTH EAST AND YORKSHIRE,SOUTH TYNESIDE AND SUNDERLAND NHS FOUNDATION TRUST,12380,1162,6220,467,0,1236,5980,13,236,237,0,32,1110,0,4584,14,0,1098,,,,,,,2023-12-01,19762,6229,51.7,5696
MSitAE-DECEMBER-2023,R1K,NHS ENGLAND LONDON,LONDON NORTH WEST UNIVERSITY HEALTHCARE NHS TRUST,13151,0,14633,0,0,0,7926,0,492,0,0,0,883,488,7165,0,0,778,,,,,,,2023-12-01,27784,8418,39.7,7943
MSitAE-DECEMBER-2023,RA7,NHS ENGLAND SOUTH WEST,UNIVERSITY HOSPITALS BRISTOL AND WESTON NHS FOUNDATION TRUST,14562,1955,0,0,0,0,6105,79,0,0,0,0,1209,376,5083,7,0,1556,,,,,,,2023-12-01,16517,6184,58.1,6646
MSitAE-DECEMBER-2023,RAJ,NHS ENGLAND EAST OF ENGLAND,MID AND SOUTH ESSEX NHS FOUNDATION TRUST,31291,0,1685,523,0,18,11451,0,94,123,0,1,3247,12,8712,0,144,1198,,,,,,,2023-12-01,32976,11545,63.4,10054
MSitAE-DECEMBER-2023,RCF,NHS ENGLAND NORTH EAST AND YORKSHIRE,AIREDALE NHS FOUNDATION TRUST,5428,206,9,548,0,0,3174,0,0,0,0,0,475,143,1498,0,0,550,,,,,,,2023-12-01,5643,3174,41.5,2048
MSitAE-DECEMBER-2023,RFR,NHS ENGLAND NORTH EAST AND YORKSHIRE,THE ROTHERHAM NHS FOUNDATION TRUST,8328,0,0,0,0,0,3442,0,0,0,0,0,678,7,2942,0,0,573,,,,,,,2023-12-01,8328,3442,58.7,3515
MSitAE-DECEMBER-2023,RH8,NHS ENGLAND SOUTH WEST,ROYAL DEVON UNIVERSITY HEALTHCARE NHS FOUNDATION TRUST,11137,0,3051,1081,0,67,5012,0,24,432,0,0,978,115,3883,0,0,2118,,,,,,,2023-12-01,14188,5036,55.0,6001
MSitAE-DECEMBER-2023,RHQ,NHS ENGLAND NORTH EAST AND YORKSHIRE,SHEFFIELD TEACHING HOSPITALS NHS FOUNDATION TRUST,8843,884,6949,465,0,1169,4949,0,327,209,0,18,1583,6,3843,0,0,2620,,,,,,,2023-12-01,16676,5276,44.0,6463
MSitAE-DECEMBER-2023,RJ2,NHS ENGLAND LONDON,LEWISHAM AND GREENWICH NHS TRUST,13948,0,12205,63,0,0,7969,0,1879,21,0,0,855,652,3779,0,0,1174,,,,,,,2023-12-01,26153,9848,42.9,4953
MSitAE-DECEMBER-2023,RJ6,NHS ENGLAND LONDON,CROYDON HEALTH SERVICES NHS TRUST,12931,0,5385,16,0,0,5213,0,0,4,0,0,497,529,1537,0,0,116,,,,,,,2023-12-01,18316,5213,59.7,1653
MSitAE-DECEMBER-2023,RJE,NHS ENGLAND MIDLANDS,UNIVERSITY HOSPITALS OF NORTH MIDLANDS NHS TRUST,12873,383,7419,618,0,344,7130,0,292,309,0,12,757,1059,5836,0,0,2881,,,,,,,2023-12-01,20675,7422,44.6,8717
MSitAE-DECEMBER-2023,RMP,NHS ENGLAND NORTH WEST,TAMESIDE AND GLOSSOP INTEGRATED CARE NHS FOUNDATION TRUST,8118,0,3099,417,0,191,4354,0,52,0,0,0,572,156,2454,0,0,485,,,,,,,2023-12-01,11217,4406,46.4,2939
MSitAE-DECEMBER-2023,RR8,NHS ENGLAND NORTH EAST AND YORKSHIRE,LEEDS TEACHING HOSPITALS NHS TRUST,17193,0,11421,111,0,19,8158,0,17,48,0,0,1644,545,3958,0,0,1208,,,,,,,2023-12-01,28614,8175,52.6,5166
MSitAE-DECEMBER-2023,RTK,NHS ENGLAND SOUTH EAST,ASHFORD AND ST PETER'S HOSPITALS NHS FOUNDATION TRUST,9808,0,0,0,0,0,4508,0,0,0,0,0,931,47,2556,0,0,401,,,,,,,2023-12-01,9808,4508,54.0,2957
MSitAE-DECEMBER-2023,RTP,NHS ENGLAND SOUTH EAST,SURREY AND SUSSEX HEALTHCARE NHS TRUST,10435,0,0,0,0,0,3690,0,0,0,0,0,795,528,3031,0,0,795,,,,,,,2023-12-01,10435,3690,64.6,3826
MSitAE-DECEMBER-2023,RTQ,NHS ENGLAND SOUTH WEST,GLOUCESTERSHIRE HEALTH AND CARE NHS FOUNDATION TRUST,0,0,6208,0,0,0,0,0,15,0,0,0,0,0,0,0,0,30,,,,,,,2023-12-01,6208,15,,30
MSitAE-DECEMBER-2023,RTR,NHS ENGLAND NORTH EAST AND YORKSHIRE,SOUTH TEES HOSPITALS NHS FOUNDATION TRUST,10258,0,4721,0,0,415,4824,0,261,0,0,14,653,118,2720,0,115,2002,,,,,,,2023-12-01,14979,5085,53.0,4837
MSitAE-DECEMBER-2023,RVJ,NHS ENGLAND SOUTH WEST,NORTH BRISTOL NHS TRUST,8586,0,0,65,0,0,2825,0,0,15,0,0,669,269,2704,0,0,1944,,,,,,,2023-12-01,8586,2825,67.1,4648
MSitAE-DECEMBER-2023,RVW,NHS ENGLAND NORTH EAST AND YORKSHIRE,NORTH TEES AND HARTLEPOOL NHS FOUNDATION TRUST,4931,0,12065,0,0,0,2726,0,77,0,0,0,230,12,1765,0,528,2103,,,,,,,2023-12-01,16996,2803,44.7,4396
MSitAE-DECEMBER-2023,RWX,NHS ENGLAND SOUTH EAST,BERKSHIRE HEALTHCARE NHS FOUNDATION TRUST,0,0,1275,0,0,0,0,0,11,0,0,0,0,0,0,0,40,0,,,,,,,2023-12-01,1275,11,,40
MSitAE-DECEMBER-2023,RXC,NHS ENGLAND SOUTH EAST,EAST SUSSEX HEALTHCARE NHS TRUST,9230,0,1950,850,1149,0,3935,0,57,0,0,0,244,0,3719,0,0,565,,,,,,,2023-12-01,11180,3992,57.4,4284
MSitAE-DECEMBER-2023,RXW,NHS ENGLAND MIDLANDS,THE SHREWSBURY AND TELFORD HOSPITAL NHS TRUST,10137,0,2083,95,0,513,5904,0,283,33,0,12,544,1068,2916,0,54,2149,,,,,,,2023-12-01,12220,6187,41.8,5119
MSitAE-DECEMBER-2023,RYG,NHS ENGLAND MIDLANDS,COVENTRY AND WARWICKSHIRE PARTNERSHIP NHS TRUST,0,0,0,0,0,0,0,0,0,0,0,0,0,0,0,0,6,49,,,,,,,2023-12-01,0,0,,55
MSitAE-DECEMBER-2023,Y00751,NHS ENGLAND SOUTH EAST,EAST BERKS PRIMARY CARE OOH(WAM),0,0,0,0,0,0,0,0,0,0,0,0,0,0,0,0,0,0,,,,,,,2023-12-01,0,0,,0
MSitAE-DECEMBER-2023,ARN03,NHS ENGLAND NORTH EAST AND YORKSHIRE,LOCAL CARE DIRECT,0,0,2421,0,0,264,0,0,0,0,0,0,0,0,0,0,0,0,,,,,,,2023-12-01,2421,0,,0
MSitAE-DECEMBER-2023,AXG,NHS ENGLAND SOUTH WEST,WILTSHIRE HEALTH & CARE,0,0,1962,0,0,52,0,0,12,0,0,0,0,0,0,0,0,0,,,,,,,2023-12-01,1962,12,,0
MSitAE-DECEMBER-2023,C82009,NHS ENGLAND MIDLANDS,MARKET HARBOROUGH MED.CTR,0,0,184,0,0,0,0,0,0,0,0,0,0,0,0,0,0,0,,,,,,,2023-12-01,184,0,,0
MSitAE-DECEMBER-2023,NTPAD,NHS ENGLAND SOUTH EAST,PRACTICE PLUS GROUP SURGICAL CENTRE - ST MARYS PORTSMOUTH,0,0,4979,0,0,249,0,0,138,0,0,3,0,0,0,0,0,0,,,,,,,2023-12-01,4979,138,,0
MSitAE-DECEMBER-2023,R1D,NHS ENGLAND MIDLANDS,SHROPSHIRE COMMUNITY HEALTH NHS TRUST,0,0,2571,0,0,0,0,0,1,0,0,0,0,0,0,0,0,0,,,,,,,2023-12-01,2571,1,,0
MSitAE-DECEMBER-2023,R1F,NHS ENGLAND SOUTH EAST,ISLE OF WIGHT NHS TRUST,3444,0,1968,21,0,25,1746,0,0,10,0,0,260,179,1083,0,0,325,,,,,,,2023-12-01,5412,1746,49.3,1408
MSitAE-DECEMBER-2023,RAN,NHS ENGLAND LONDON,ROYAL NATIONAL ORTHOPAEDIC HOSPITAL NHS TRUST,0,0,0,0,0,0,0,0,0,0,0,0,0,0,0,0,0,36,,,,,,,2023-12-01,0,0,,36
MSitAE-DECEMBER-2023,RBS,NHS ENGLAND NORTH WEST,ALDER HEY CHILDREN'S NHS FOUNDATION TRUST,6323,0,0,0,0,0,980,0,0,0,0,0,0,0,899,0,0,356,,,,,,,2023-12-01,6323,980,84.5,1255
MSitAE-DECEMBER-2023,RDE,NHS ENGLAND EAST OF ENGLAND,EAST SUFFOLK AND NORTH ESSEX NHS FOUNDATION TRUST,14539,0,11405,310,0,239,6811,0,268,0,0,0,1176,345,6058,0,290,1009,,,,,,,2023-12-01,25944,7079,53.2,7357
MSitAE-DECEMBER-2023,REP,NHS ENGLAND NORTH WEST,LIVERPOOL WOMEN'S NHS FOUNDATION TRUST,0,1196,0,0,117,0,0,114,0,0,0,0,0,0,0,91,0,12,,,,,,,2023-12-01,1196,114,,103
MSitAE-DECEMBER-2023,RGP,NHS ENGLAND EAST OF ENGLAND,JAMES PAGET UNIVERSITY HOSPITALS NHS FOUNDATION TRUST,6402,0,1335,106,0,0,2598,0,0,31,0,0,512,265,1691,0,0,512,,,,,,,2023-12-01,7737,2598,59.4,2203
MSitAE-DECEMBER-2023,RJ1,NHS ENGLAND LONDON,GUY'S AND ST THOMAS' NHS FOUNDATION TRUST,10394,646,5814,0,0,0,4616,0,288,0,0,0,260,5,1863,0,0,263,,,,,,,2023-12-01,16854,4904,55.6,2126
MSitAE-DECEMBER-2023,RJC,NHS ENGLAND MIDLANDS,SOUTH WARWICKSHIRE UNIVERSITY NHS FOUNDATION TRUST,7619,0,282,21,0,0,2564,0,0,0,0,0,449,8,2167,0,0,667,,,,,,,2023-12-01,7901,2564,66.3,2834
MSitAE-DECEMBER-2023,RJL,NHS ENGLAND NORTH EAST AND YORKSHIRE,NORTHERN LINCOLNSHIRE AND GOOLE NHS FOUNDATION TRUST,14635,0,0,0,0,0,5640,0,0,0,0,0,860,705,4623,0,0,557,,,,,,,2023-12-01,14635,5640,61.5,5180
MSitAE-DECEMBER-2023,RKB,NHS ENGLAND MIDLANDS,UNIVERSITY HOSPITALS COVENTRY AND WARWICKSHIRE NHS TRUST,11219,1661,7435,41,0,138,5725,127,190,19,0,1,269,26,3143,70,90,1417,,,,,,,2023-12-01,20315,6042,49.0,4720
MSitAE-DECEMBER-2023,RL1,NHS ENGLAND MIDLANDS,THE ROBERT JONES AND AGNES HUNT ORTHOPAEDIC HOSPITAL NHS FOUNDATION TRUST,0,0,0,0,0,0,0,0,0,0,0,0,0,0,0,0,0,18,,,,,,,2023-12-01,0,0,,18
MSitAE-DECEMBER-2023,RLT,NHS ENGLAND MIDLANDS,GEORGE ELIOT HOSPITAL NHS TRUST,6731,0,1583,0,0,0,2182,0,56,0,0,0,634,98,1074,0,0,44,,,,,,,2023-12-01,8314,2238,67.6,1118
MSitAE-DECEMBER-2023,RN7,NHS ENGLAND SOUTH EAST,DARTFORD AND GRAVESHAM NHS TRUST,11816,0,3576,0,0,0,4334,0,39,0,0,0,1014,2,3174,0,0,323,,,,,,,2023-12-01,15392,4373,63.3,3497
MSitAE-DECEMBER-2023,RNN,NHS ENGLAND NORTH EAST AND YORKSHIRE,NORTH CUMBRIA INTEGRATED CARE NHS FOUNDATION TRUST,8487,0,1648,320,0,30,3995,0,20,94,0,1,641,683,2337,0,0,711,,,,,,,2023-12-01,10135,4015,52.9,3048
MSitAE-DECEMBER-2023,RNZ,NHS ENGLAND SOUTH WEST,SALISBURY NHS FOUNDATION TRUST,3940,264,2046,324,0,0,1669,0,0,135,0,0,428,5,1314,0,0,786,,,,,,,2023-12-01,6250,1669,57.6,2100
MSitAE-DECEMBER-2023,RQM,NHS ENGLAND LONDON,CHELSEA AND WESTMINSTER HOSPITAL NHS FOUNDATION TRUST,19078,0,5883,592,0,0,5044,0,368,0,0,0,976,25,2785,0,0,367,,,,,,,2023-12-01,24961,5412,73.6,3152
MSitAE-DECEMBER-2023,RRF,NHS ENGLAND NORTH WEST,"WRIGHTINGTON, WIGAN AND LEIGH NHS FOUNDATION TRUST",7636,0,5109,0,0,0,4057,0,78,0,0,0,1316,406,2399,0,0,792,,,,,,,2023-12-01,12745,4135,46.9,3191
MSitAE-DECEMBER-2023,RRV,NHS ENGLAND LONDON,UNIVERSITY COLLEGE LONDON HOSPITALS NHS FOUNDATION TRUST,12125,0,0,554,0,0,4076,0,0,0,0,0,349,192,1383,0,0,279,,,,,,,2023-12-01,12125,4076,66.4,1662
MSitAE-DECEMBER-2023,RTE,NHS ENGLAND SOUTH WEST,GLOUCESTERSHIRE HOSPITALS NHS FOUNDATION TRUST,11406,0,469,231,0,0,4853,0,0,77,0,0,501,905,2840,0,0,1820,,,,,,,2023-12-01,11875,4853,57.5,4660
MSitAE-DECEMBER-2023,RVV,NHS ENGLAND SOUTH EAST,EAST KENT HOSPITALS UNIVERSITY NHS FOUNDATION TRUST,13242,0,11746,0,0,0,7487,0,250,0,0,0,573,1260,3795,0,424,1067,,,,,,,2023-12-01,24988,7737,43.5,5286
MSitAE-DECEMBER-2023,RWH,NHS ENGLAND EAST OF ENGLAND,EAST AND NORTH HERTFORDSHIRE NHS TRUST,10195,0,5125,3,0,412,6245,0,22,2,0,0,180,83,2829,0,0,274,,,,,,,2023-12-01,15320,6267,38.7,3103
MSitAE-DECEMBER-2023,RWJ,NHS ENGLAND NORTH WEST,STOCKPORT NHS FOUNDATION TRUST,8646,0,0,789,0,0,3834,0,0,265,0,0,805,505,2618,0,0,714,,,,,,,2023-12-01,8646,3834,55.7,3332
MSitAE-DECEMBER-2023,RXN,NHS ENGLAND NORTH WEST,LANCASHIRE TEACHING HOSPITALS NHS FOUNDATION TRUST,11945,0,3904,177,0,96,4963,0,164,34,0,0,1216,361,3157,0,196,1391,,,,,,,2023-12-01,15849,5127,58.5,4744
MSitAE-DECEMBER-2023,RXP,NHS ENGLAND NORTH EAST AND YORKSHIRE,COUNTY DURHAM AND DARLINGTON NHS FOUNDATION TRUST,12685,0,4385,0,0,7128,6597,0,0,0,0,0,2022,18,4548,0,0,795,,,,,,,2023-12-01,17070,6597,48.0,5343
MSitAE-DECEMBER-2023,RYJ,NHS ENGLAND LONDON,IMPERIAL COLLEGE HEALTHCARE NHS TRUST,12312,3369,6550,0,0,355,5796,20,625,0,0,0,831,179,3696,0,0,1023,,,,,,,2023-12-01,22231,6441,52.9,4719
MSitAE-DECEMBER-2023,RAP,NHS ENGLAND LONDON,NORTH MIDDLESEX UNIVERSITY HOSPITAL NHS TRUST,8579,413,7532,94,0,145,5061,0,1635,39,0,43,337,820,1627,0,0,217,,,,,,,2023-12-01,16524,6696,41.0,1844
MSitAE-DECEMBER-2023,RCX,NHS ENGLAND EAST OF ENGLAND,"THE QUEEN ELIZABETH HOSPITAL, KING'S LYNN, NHS FOUNDATION TRUST",6108,0,1063,27,0,0,2761,0,0,14,0,0,262,81,2838,0,0,585,,,,,,,2023-12-01,7171,2761,54.8,3423
MSitAE-DECEMBER-2023,RDR,NHS ENGLAND SOUTH EAST,SUSSEX COMMUNITY NHS FOUNDATION TRUST,0,0,11223,0,0,0,0,0,181,0,0,0,0,0,0,0,0,0,,,,,,,2023-12-01,11223,181,,0
MSitAE-DECEMBER-2023,RHW,NHS ENGLAND SOUTH EAST,ROYAL BERKSHIRE NHS FOUNDATION TRUST,11839,1826,0,746,0,0,4864,5,0,0,0,0,812,0,2664,1,0,805,,,,,,,2023-12-01,13665,4869,58.9,3470
MSitAE-DECEMBER-2023,RM1,NHS ENGLAND EAST OF ENGLAND,NORFOLK AND NORWICH UNIVERSITY HOSPITALS NHS FOUNDATION TRUST,11191,0,8357,373,0,1,4083,0,13,76,0,0,751,97,2744,0,0,1552,,,,,,,2023-12-01,19548,4096,63.5,4296
MSitAE-DECEMBER-2023,RN5,NHS ENGLAND SOUTH EAST,HAMPSHIRE HOSPITALS NHS FOUNDATION TRUST,11846,0,350,0,0,128,5075,0,0,0,0,0,1074,120,4252,0,0,1123,,,,,,,2023-12-01,12196,5075,57.2,5375
MSitAE-DECEMBER-2023,RPA,NHS ENGLAND SOUTH EAST,MEDWAY NHS FOUNDATION TRUST,8101,0,6358,272,0,1025,3848,0,1165,92,0,0,473,785,2217,0,0,1053,,,,,,,2023-12-01,14459,5013,52.5,3270
MSitAE-DECEMBER-2023,RTX,NHS ENGLAND NORTH WEST,UNIVERSITY HOSPITALS OF MORECAMBE BAY NHS FOUNDATION TRUST,7486,0,3537,209,0,588,2792,0,101,51,0,52,601,305,3029,0,49,910,,,,,,,2023-12-01,11023,2893,62.7,3988
MSitAE-DECEMBER-2023,RWF,NHS ENGLAND SOUTH EAST,MAIDSTONE AND TUNBRIDGE WELLS NHS TRUST,17905,0,2122,780,0,173,3493,0,42,70,0,4,961,34,5051,0,0,1021,,,,,,,2023-12-01,20027,3535,80.5,6072
MSitAE-DECEMBER-2023,RY2,NHS ENGLAND NORTH WEST,BRIDGEWATER COMMUNITY HEALTHCARE NHS FOUNDATION TRUST,0,0,3303,0,0,353,0,0,171,0,0,9,0,0,0,0,0,0,,,,,,,2023-12-01,3303,171,,0
MSitAE-DECEMBER-2023,R1H,NHS ENGLAND LONDON,BARTS HEALTH NHS TRUST,24700,740,16882,0,0,0,12022,14,2453,0,0,0,1348,699,5433,0,0,1093,,,,,,,2023-12-01,42322,14489,51.3,6526
MSitAE-DECEMBER-2023,RBN,NHS ENGLAND NORTH WEST,MERSEY AND WEST LANCASHIRE TEACHING HOSPITALS NHS TRUST,17532,0,7181,389,0,0,7689,0,195,80,0,0,401,384,7146,0,0,527,,,,,,,2023-12-01,24713,7884,56.1,7673
MSitAE-DECEMBER-2023,RCD,NHS ENGLAND NORTH EAST AND YORKSHIRE,HARROGATE AND DISTRICT NHS FOUNDATION TRUST,4902,0,694,166,0,30,1851,0,0,52,0,0,410,73,1349,0,0,422,,,,,,,2023-12-01,5596,1851,62.2,1771
MSitAE-DECEMBER-2023,RGN,NHS ENGLAND EAST OF ENGLAND,NORTH WEST ANGLIA NHS FOUNDATION TRUST,12895,0,4085,48,0,416,6599,0,675,24,0,51,520,702,3084,0,125,1402,,,,,,,2023-12-01,16980,7274,48.8,4611
MSitAE-DECEMBER-2023,RK5,NHS ENGLAND MIDLANDS,SHERWOOD FOREST HOSPITALS NHS FOUNDATION TRUST,10133,0,5314,19,0,102,4989,0,458,8,0,6,985,284,3385,0,0,336,,,,,,,2023-12-01,15447,5447,50.8,3721
MSitAE-DECEMBER-2023,Y02428,NHS ENGLAND EAST OF ENGLAND,PUTNOE WALK IN CENTRE,0,0,3195,0,0,0,0,0,0,0,0,0,0,0,0,0,0,0,,,,,,,2023-12-01,3195,0,,0
MSitAE-DECEMBER-2023,RNS,NHS ENGLAND MIDLANDS,NORTHAMPTON GENERAL HOSPITAL NHS TRUST,8815,478,2135,97,0,29,4465,8,80,33,0,0,294,1009,1962,0,0,1356,,,,,,,2023-12-01,11428,4553,49.3,3318
MSitAE-DECEMBER-2023,RH5,NHS ENGLAND SOUTH WEST,SOMERSET NHS FOUNDATION TRUST,12463,0,8423,0,0,1,5263,0,308,0,0,0,667,93,3298,0,0,2044,,,,,,,2023-12-01,20886,5571,57.8,5342
MSitAE-DECEMBER-2023,RMC,NHS ENGLAND NORTH WEST,BOLTON NHS FOUNDATION TRUST,7875,0,3189,73,0,25,4251,0,550,30,0,2,531,614,2175,0,128,724,,,,,,,2023-12-01,11064,4801,46.0,3027
MSitAE-DECEMBER-2023,RAS,NHS ENGLAND LONDON,THE HILLINGDON HOSPITALS NHS FOUNDATION TRUST,5877,0,6060,0,0,0,4106,0,262,0,0,0,627,39,1991,0,0,156,,,,,,,2023-12-01,11937,4368,30.1,2147
MSitAE-DECEMBER-2023,RC9,NHS ENGLAND EAST OF ENGLAND,BEDFORDSHIRE HOSPITALS NHS FOUNDATION TRUST,15600,0,7740,0,0,669,6616,0,0,0,0,0,80,12,4902,0,0,2217,,,,,,,2023-12-01,23340,6616,57.6,7119
MSitAE-DECEMBER-2023,RM3,NHS ENGLAND NORTH WEST,NORTHERN CARE ALLIANCE NHS FOUNDATION TRUST,23991,0,7238,0,0,0,12562,0,521,0,0,0,1277,818,6939,0,418,1445,,,,,,,2023-12-01,31229,13083,47.6,8802
MSitAE-DECEMBER-2023,RN3,NHS ENGLAND SOUTH WEST,GREAT WESTERN HOSPITALS NHS FOUNDATION TRUST,5443,0,5394,0,0,229,2575,0,223,0,0,1,484,41,2598,0,0,1390,,,,,,,2023-12-01,10837,2798,52.7,3988
MSitAE-DECEMBER-2023,RP5,NHS ENGLAND NORTH EAST AND YORKSHIRE,DONCASTER AND BASSETLAW TEACHING HOSPITALS NHS FOUNDATION TRUST,12997,0,3336,0,0,0,6129,0,3,0,0,0,1280,305,3501,0,430,1143,,,,,,,2023-12-01,16333,6132,52.8,5074
MSitAE-DECEMBER-2023,RWW,NHS ENGLAND NORTH WEST,WARRINGTON AND HALTON TEACHING HOSPITALS NHS FOUNDATION TRUST,6882,0,2985,194,0,83,3658,0,191,74,0,6,754,767,1854,0,0,191,,,,,,,2023-12-01,9867,3849,46.8,2045
MSitAE-DECEMBER-2023,RBL,NHS ENGLAND NORTH WEST,WIRRAL UNIVERSITY TEACHING HOSPITAL NHS FOUNDATION TRUST,7846,0,3223,150,0,261,4156,0,83,53,0,12,669,573,2230,0,0,1564,,,,,,,2023-12-01,11069,4239,47.0,3794
MSitAE-DECEMBER-2023,RNA,NHS ENGLAND MIDLANDS,THE DUDLEY GROUP NHS FOUNDATION TRUST,9289,0,4677,143,0,760,4055,0,160,25,0,0,2301,161,3653,0,0,1757,,,,,,,2023-12-01,13966,4215,56.3,5410
MSitAE-DECEMBER-2023,RNQ,NHS ENGLAND MIDLANDS,KETTERING GENERAL HOSPITAL NHS FOUNDATION TRUST,9228,0,0,402,0,0,4610,0,0,0,0,0,1363,0,1960,0,0,177,,,,,,,2023-12-01,9228,4610,50.0,2137
MSitAE-DECEMBER-2023,RTF,NHS ENGLAND NORTH EAST AND YORKSHIRE,NORTHUMBRIA HEALTHCARE NHS FOUNDATION TRUST,10168,0,11599,0,0,0,2736,0,8,0,0,0,96,0,5221,0,60,1256,,,,,,,2023-12-01,21767,2744,73.1,6537
MSitAE-DECEMBER-2023,RJ7,NHS ENGLAND LONDON,ST GEORGE'S UNIVERSITY HOSPITALS NHS FOUNDATION TRUST,8674,0,2890,796,0,0,3072,0,0,148,0,0,490,629,2505,0,0,778,,,,,,,2023-12-01,11564,3072,64.6,3283
MSitAE-DECEMBER-2023,RHU,NHS ENGLAND SOUTH EAST,PORTSMOUTH HOSPITALS UNIVERSITY NATIONAL HEALTH SERVICE TRUST,9305,630,2542,1310,0,750,4970,7,54,698,0,10,1546,12,3687,0,0,2282,,,,,,,2023-12-01,12477,5031,46.6,5969
MSitAE-DECEMBER-2023,DT301,NHS ENGLAND EAST OF ENGLAND,HERTS URGENT CARE (ASCOTS LANE),0,0,2026,0,0,0,0,0,11,0,0,0,0,0,0,0,0,0,,,,,,,2023-12-01,2026,11,,0
MSitAE-DECEMBER-2023,RAT,NHS ENGLAND LONDON,NORTH EAST LONDON NHS FOUNDATION TRUST,0,0,1595,0,0,0,0,0,31,0,0,0,0,0,0,0,0,0,,,,,,,2023-12-01,1595,31,,0
MSitAE-DECEMBER-2023,RET,NHS ENGLAND NORTH WEST,THE WALTON CENTRE NHS FOUNDATION TRUST,0,0,0,0,0,0,0,0,0,0,0,0,0,0,0,0,0,165,,,,,,,2023-12-01,0,0,,165
MSitAE-DECEMBER-2023,RAL,NHS ENGLAND LONDON,ROYAL FREE LONDON NHS FOUNDATION TRUST,16241,0,10132,0,0,0,8202,0,1212,0,0,0,1408,724,4325,0,0,483,,,,,,,2023-12-01,26373,9414,49.5,4808
MSitAE-DECEMBER-2023,RWA,NHS ENGLAND NORTH EAST AND YORKSHIRE,HULL UNIVERSITY TEACHING HOSPITALS NHS TRUST,11128,0,0,0,0,0,6412,0,0,0,0,0,1033,496,3673,0,0,1699,,,,,,,2023-12-01,11128,6412,42.4,5372
MSitAE-DECEMBER-2023,RXR,NHS ENGLAND NORTH WEST,EAST LANCASHIRE HOSPITALS NHS TRUST,12088,0,8136,0,0,0,4489,0,792,0,0,0,363,1162,3882,0,84,2018,,,,,,,2023-12-01,20224,5281,62.9,5984
MSitAE-DECEMBER-2023,RYX,NHS ENGLAND LONDON,CENTRAL LONDON COMMUNITY HEALTHCARE NHS TRUST,0,0,8099,0,0,401,0,0,140,0,0,2,0,0,0,0,0,0,,,,,,,2023-12-01,8099,140,,0
MSitAE-DECEMBER-2023,RX1,NHS ENGLAND MIDLANDS,NOTTINGHAM UNIVERSITY HOSPITALS NHS TRUST,15157,1676,266,453,0,0,8492,332,15,245,0,0,597,901,3824,0,0,3537,,,,,,,2023-12-01,17099,8839,44.0,7361
MSitAE-DECEMBER-2023,RTH,NHS ENGLAND SOUTH EAST,OXFORD UNIVERSITY HOSPITALS NHS FOUNDATION TRUST,11656,1635,441,1433,0,117,5594,0,10,532,0,3,1145,3,4085,117,11,4215,,,,,,,2023-12-01,13732,5604,52.0,8428
MSitAE-DECEMBER-2023,NLX,NHS ENGLAND SOUTH WEST,SIRONA CARE & HEALTH,0,0,6844,0,0,198,0,0,280,0,0,77,0,0,0,0,0,0,,,,,,,2023-12-01,6844,280,,0
MSitAE-DECEMBER-2023,RVR,NHS ENGLAND LONDON,EPSOM AND ST HELIER UNIVERSITY HOSPITALS NHS TRUST,12601,259,0,277,0,0,3337,1,0,24,0,0,353,692,2057,0,0,122,,,,,,,2023-12-01,12860,3338,73.5,2179
MSitAE-DECEMBER-2023,RFS,NHS ENGLAND MIDLANDS,CHESTERFIELD ROYAL HOSPITAL NHS FOUNDATION TRUST,6715,0,1517,278,0,129,3099,0,248,92,0,21,942,145,2560,0,268,582,,,,,,,2023-12-01,8232,3347,53.8,3410
MSitAE-DECEMBER-2023,G0Q0L,NHS ENGLAND LONDON,BARKING HOSPITAL UTC,0,0,2692,0,0,0,0,0,212,0,0,0,0,0,0,0,0,0,,,,,,,2023-12-01,2692,212,,0
MSitAE-DECEMBER-2023,K6K0R,NHS ENGLAND LONDON,HAROLD WOOD POLYCLINIC UTC,0,0,2767,0,0,0,0,0,232,0,0,0,0,0,0,0,0,0,,,,,,,2023-12-01,2767,232,,0
MSitAE-DECEMBER-2023,RA9,NHS ENGLAND SOUTH WEST,TORBAY AND SOUTH DEVON NHS FOUNDATION TRUST,6131,0,2685,344,0,5,2816,0,6,135,0,0,679,121,2155,0,0,1178,,,,,,,2023-12-01,8816,2822,54.1,3333
MSitAE-FEBRUARY-2024,8J094,NHS ENGLAND MIDLANDS,BADGER LTD,0,0,0,0,0,2008,0,0,0,0,0,0,0,0,0,0,0,0,,,,,,,2024-02-01,0,0,,0
MSitAE-FEBRUARY-2024,L83087,NHS ENGLAND SOUTH WEST,OKEHAMPTON MEDICAL CENTRE,0,0,82,0,0,0,0,0,0,0,0,0,0,0,0,0,0,0,,,,,,,2024-02-01,82,0,,0
MSitAE-FEBRUARY-2024,NL7,NHS ENGLAND MIDLANDS,ASSURA VERTIS URGENT CARE CENTRES (BIRMINGHAM),0,0,4343,0,0,0,0,0,0,0,0,0,0,0,0,0,0,0,,,,,,,2024-02-01,4343,0,,0
MSitAE-FEBRUARY-2024,NQTE4,NHS ENGLAND MIDLANDS,SUMMERFIELD URGENT CARE CENTRE,0,0,3266,0,0,0,0,0,0,0,0,0,0,0,0,0,0,0,,,,,,,2024-02-01,3266,0,,0
MSitAE-FEBRUARY-2024,NTV0B,NHS ENGLAND SOUTH EAST,ASHFORD WALK-IN-CENTRE,0,0,2369,0,0,0,0,0,91,0,0,0,0,0,0,0,0,0,,,,,,,2024-02-01,2369,91,,0
MSitAE-FEBRUARY-2024,NTV0W,NHS ENGLAND SOUTH EAST,WOKING WALK IN CENTRE,0,0,2444,0,0,0,0,0,70,0,0,0,0,0,0,0,0,0,,,,,,,2024-02-01,2444,70,,0
MSitAE-FEBRUARY-2024,RAT,NHS ENGLAND LONDON,NORTH EAST LONDON NHS FOUNDATION TRUST,0,0,1194,0,0,0,0,0,43,0,0,0,0,0,0,0,0,0,,,,,,,2024-02-01,1194,43,,0
MSitAE-FEBRUARY-2024,RFF,NHS ENGLAND NORTH EAST AND YORKSHIRE,BARNSLEY HOSPITAL NHS FOUNDATION TRUST,7968,0,0,397,0,0,3093,0,0,0,0,0,533,0,2824,0,0,522,,,,,,,2024-02-01,7968,3093,61.2,3346
MSitAE-FEBRUARY-2024,RJ8,NHS ENGLAND SOUTH WEST,CORNWALL PARTNERSHIP NHS FOUNDATION TRUST,0,0,0,0,0,0,0,0,0,0,0,0,0,0,0,0,19,73,,,,,,,2024-02-01,0,0,,92
MSitAE-FEBRUARY-2024,RW1,NHS ENGLAND SOUTH EAST,SOUTHERN HEALTH NHS FOUNDATION TRUST,0,0,2810,0,0,0,0,0,52,0,0,0,0,0,0,0,1,136,,,,,,,2024-02-01,2810,52,,137
MSitAE-FEBRUARY-2024,Y02428,NHS ENGLAND EAST OF ENGLAND,PUTNOE WALK IN CENTRE,0,0,3073,0,0,0,0,0,0,0,0,0,0,0,0,0,0,0,,,,,,,2024-02-01,3073,0,,0
MSitAE-FEBRUARY-2024,Y02615,NHS ENGLAND MIDLANDS,SOUTH BIRMINGHAM GP WALK IN CENTRE,0,0,6506,0,0,0,0,0,0,0,0,0,0,0,0,0,0,0,,,,,,,2024-02-01,6506,0,,0
MSitAE-FEBRUARY-2024,Y03007,NHS ENGLAND MIDLANDS,ERDINGTON GP HEALTH & WELLBEING WIC,0,0,0,0,0,2007,0,0,0,0,0,0,0,0,0,0,0,0,,,,,,,2024-02-01,0,0,,0
MSitAE-FEBRUARY-2024,Y03218,NHS ENGLAND LONDON,THE PINN UNREGISTERED WIC,0,0,985,0,0,0,0,0,0,0,0,0,0,0,0,0,0,0,,,,,,,2024-02-01,985,0,,0
MSitAE-FEBRUARY-2024,ACH01,NHS ENGLAND SOUTH EAST,WHITSTABLE MEDICAL PRACTICE,0,0,4191,0,0,0,0,0,0,0,0,0,0,0,0,0,0,0,,,,,,,2024-02-01,4191,0,,0
MSitAE-FEBRUARY-2024,AQN04,NHS ENGLAND SOUTH EAST,PHL LYMINGTON UTC,0,0,2543,0,0,7,0,0,15,0,0,0,0,0,0,0,0,0,,,,,,,2024-02-01,2543,15,,0
MSitAE-FEBRUARY-2024,C82038,NHS ENGLAND MIDLANDS,LATHAM HOUSE MEDICAL PRACTICE,0,0,251,0,0,0,0,0,0,0,0,0,0,0,0,0,0,0,,,,,,,2024-02-01,251,0,,0
MSitAE-FEBRUARY-2024,RNU,NHS ENGLAND SOUTH EAST,OXFORD HEALTH NHS FOUNDATION TRUST,0,0,3370,0,0,0,0,0,299,0,0,0,0,0,0,0,0,0,,,,,,,2024-02-01,3370,299,,0
MSitAE-FEBRUARY-2024,RXQ,NHS ENGLAND SOUTH EAST,BUCKINGHAMSHIRE HEALTHCARE NHS TRUST,9367,1201,3246,1,0,0,4023,0,144,1,0,0,339,331,3880,864,0,922,,,,,,,2024-02-01,13814,4167,57.1,5666
MSitAE-FEBRUARY-2024,Y02532,NHS ENGLAND NORTH WEST,MIRIAM MINOR EMERGENCY,0,0,1641,0,0,0,0,0,9,0,0,0,0,0,0,0,0,0,,,,,,,2024-02-01,1641,9,,0
MSitAE-FEBRUARY-2024,Y02676,NHS ENGLAND SOUTH EAST,BRIGHTON STATION HEALTH CENTRE,0,0,1890,0,0,0,0,0,0,0,0,0,0,0,0,0,0,0,,,,,,,2024-02-01,1890,0,,0
MSitAE-FEBRUARY-2024,DT301,NHS ENGLAND EAST OF ENGLAND,HERTS URGENT CARE (ASCOTS LANE),0,0,2232,0,0,0,0,0,8,0,0,0,0,0,0,0,0,0,,,,,,,2024-02-01,2232,8,,0
MSitAE-FEBRUARY-2024,RAN,NHS ENGLAND LONDON,ROYAL NATIONAL ORTHOPAEDIC HOSPITAL NHS TRUST,0,0,0,0,0,0,0,0,0,0,0,0,0,0,0,0,0,34,,,,,,,2024-02-01,0,0,,34
MSitAE-FEBRUARY-2024,RDY,NHS ENGLAND SOUTH WEST,DORSET HEALTHCARE UNIVERSITY NHS FOUNDATION TRUST,0,0,0,0,0,0,0,0,0,0,0,0,0,0,0,0,1,0,,,,,,,2024-02-01,0,0,,1
MSitAE-FEBRUARY-2024,RXL,NHS ENGLAND NORTH WEST,BLACKPOOL TEACHING HOSPITALS NHS FOUNDATION TRUST,8190,0,10598,227,0,209,3787,0,63,75,0,0,438,606,2465,0,0,1419,,,,,,,2024-02-01,18788,3850,53.8,3884
MSitAE-FEBRUARY-2024,RY8,NHS ENGLAND MIDLANDS,DERBYSHIRE COMMUNITY HEALTH SERVICES NHS FOUNDATION TRUST,0,0,6090,0,0,1731,0,0,3,0,0,0,0,0,0,0,0,0,,,,,,,2024-02-01,6090,3,,0
MSitAE-FEBRUARY-2024,RYY,NHS ENGLAND SOUTH EAST,KENT COMMUNITY HEALTH NHS FOUNDATION TRUST,0,0,9421,0,0,0,0,0,24,0,0,0,0,0,0,0,0,0,,,,,,,2024-02-01,9421,24,,0
MSitAE-FEBRUARY-2024,C82009,NHS ENGLAND MIDLANDS,MARKET HARBOROUGH MED.CTR,0,0,318,0,0,0,0,0,0,0,0,0,0,0,0,0,0,0,,,,,,,2024-02-01,318,0,,0
MSitAE-FEBRUARY-2024,C83023,NHS ENGLAND MIDLANDS,SLEAFORD MEDICAL GROUP,0,0,484,0,0,0,0,0,0,0,0,0,0,0,0,0,0,8,,,,,,,2024-02-01,484,0,,8
MSitAE-FEBRUARY-2024,RQX,NHS ENGLAND LONDON,HOMERTON HEALTHCARE NHS FOUNDATION TRUST,10309,0,0,13,0,0,1948,0,0,0,0,0,173,23,1720,0,0,354,,,,,,,2024-02-01,10309,1948,81.1,2074
MSitAE-FEBRUARY-2024,RYR,NHS ENGLAND SOUTH EAST,UNIVERSITY HOSPITALS SUSSEX NHS FOUNDATION TRUST,21031,1515,4819,1181,0,951,9821,61,528,398,0,44,1590,1268,7331,32,34,1406,,,,,,,2024-02-01,27365,10410,53.3,8803
MSitAE-FEBRUARY-2024,RWY,NHS ENGLAND NORTH EAST AND YORKSHIRE,CALDERDALE AND HUDDERSFIELD NHS FOUNDATION TRUST,14131,0,0,0,0,0,4695,0,0,0,0,0,1177,0,3082,0,0,798,,,,,,,2024-02-01,14131,4695,66.8,3880
MSitAE-FEBRUARY-2024,NDJ,NHS ENGLAND SOUTH EAST,FIRST COMMUNITY HEALTH AND CARE CIC,0,0,1945,0,0,0,0,0,0,0,0,0,0,0,0,0,0,0,,,,,,,2024-02-01,1945,0,,0
MSitAE-FEBRUARY-2024,RGR,NHS ENGLAND EAST OF ENGLAND,WEST SUFFOLK NHS FOUNDATION TRUST,6889,0,782,19,0,0,2757,0,0,0,0,0,545,351,1980,0,0,693,,,,,,,2024-02-01,7671,2757,60.0,2673
MSitAE-FEBRUARY-2024,RHU,NHS ENGLAND SOUTH EAST,PORTSMOUTH HOSPITALS UNIVERSITY NATIONAL HEALTH SERVICE TRUST,9563,811,2630,1340,0,791,5319,7,40,704,0,8,1526,17,3479,0,0,2517,,,,,,,2024-02-01,13004,5366,44.4,5996
MSitAE-FEBRUARY-2024,RJN,NHS ENGLAND NORTH WEST,EAST CHESHIRE NHS TRUST,4070,0,0,58,0,28,2112,0,0,0,0,0,216,302,875,0,0,212,,,,,,,2024-02-01,4070,2112,48.1,1087
MSitAE-FEBRUARY-2024,RWE,NHS ENGLAND MIDLANDS,UNIVERSITY HOSPITALS OF LEICESTER NHS TRUST,20160,1827,0,0,0,0,9521,138,0,0,0,0,1374,1285,5371,4,0,3517,,,,,,,2024-02-01,21987,9659,52.8,8892
MSitAE-FEBRUARY-2024,RXK,NHS ENGLAND MIDLANDS,SANDWELL AND WEST BIRMINGHAM HOSPITALS NHS TRUST,13436,1091,9801,1007,0,0,6511,155,648,204,0,0,1621,371,2689,0,0,483,,,,,,,2024-02-01,24328,7314,51.5,3172
MSitAE-FEBRUARY-2024,AJN,NHS ENGLAND NORTH EAST AND YORKSHIRE,WORKINGTON HEALTH LIMITED,0,0,306,0,0,0,0,0,0,0,0,0,0,0,0,0,0,0,,,,,,,2024-02-01,306,0,,0
MSitAE-FEBRUARY-2024,AXG,NHS ENGLAND SOUTH WEST,WILTSHIRE HEALTH & CARE,0,0,2185,0,0,34,0,0,16,0,0,0,0,0,0,0,0,0,,,,,,,2024-02-01,2185,16,,0
MSitAE-FEBRUARY-2024,NQT5F,NHS ENGLAND NORTH WEST,SKELMERSDALE WALK IN CENTRE,0,0,1887,0,0,0,0,0,45,0,0,0,0,0,0,0,0,0,,,,,,,2024-02-01,1887,45,,0
MSitAE-FEBRUARY-2024,NQT5H,NHS ENGLAND SOUTH WEST,PAULTON MEMORIAL HOSPITAL,0,0,812,0,0,0,0,0,2,0,0,0,0,0,0,0,0,0,,,,,,,2024-02-01,812,2,,0
MSitAE-FEBRUARY-2024,NTP11,NHS ENGLAND SOUTH EAST,PRACTICE PLUS GROUP HOSPITAL - SOUTHAMPTON,0,0,5128,0,0,0,0,0,320,0,0,0,0,0,0,0,0,0,,,,,,,2024-02-01,5128,320,,0
MSitAE-FEBRUARY-2024,RA2,NHS ENGLAND SOUTH EAST,ROYAL SURREY COUNTY HOSPITAL NHS FOUNDATION TRUST,6102,0,1190,654,0,6,2187,0,0,196,0,0,317,22,2211,0,0,969,,,,,,,2024-02-01,7292,2187,64.2,3180
MSitAE-FEBRUARY-2024,RCD,NHS ENGLAND NORTH EAST AND YORKSHIRE,HARROGATE AND DISTRICT NHS FOUNDATION TRUST,4597,0,693,173,0,33,1493,0,0,42,0,0,216,42,1269,0,0,406,,,,,,,2024-02-01,5290,1493,67.5,1675
MSitAE-FEBRUARY-2024,REF,NHS ENGLAND SOUTH WEST,ROYAL CORNWALL HOSPITALS NHS TRUST,5595,0,10117,0,0,0,3326,0,510,0,0,0,368,671,1928,0,34,1068,,,,,,,2024-02-01,15712,3836,40.6,3030
MSitAE-FEBRUARY-2024,RGN,NHS ENGLAND EAST OF ENGLAND,NORTH WEST ANGLIA NHS FOUNDATION TRUST,12573,0,4219,75,0,386,5877,0,694,27,0,42,554,644,3012,0,132,1735,,,,,,,2024-02-01,16792,6571,53.3,4879
MSitAE-FEBRUARY-2024,RJ6,NHS ENGLAND LONDON,CROYDON HEALTH SERVICES NHS TRUST,12260,0,5093,11,0,0,5073,0,0,4,0,0,399,602,1313,0,0,133,,,,,,,2024-02-01,17353,5073,58.6,1446
MSitAE-FEBRUARY-2024,RK9,NHS ENGLAND SOUTH WEST,UNIVERSITY HOSPITALS PLYMOUTH NHS TRUST,8188,138,4137,0,0,0,5257,0,343,0,0,0,621,642,2583,0,0,1249,,,,,,,2024-02-01,12463,5600,35.8,3832
MSitAE-FEBRUARY-2024,RPC,NHS ENGLAND SOUTH EAST,QUEEN VICTORIA HOSPITAL NHS FOUNDATION TRUST,0,0,1285,0,0,0,0,0,3,0,0,0,0,0,0,0,0,424,,,,,,,2024-02-01,1285,3,,424
MSitAE-FEBRUARY-2024,RQ3,NHS ENGLAND MIDLANDS,BIRMINGHAM WOMEN'S AND CHILDREN'S NHS FOUNDATION TRUST,5014,0,0,0,0,0,1095,0,0,0,0,0,0,16,979,0,0,241,,,,,,,2024-02-01,5014,1095,78.2,1220
MSitAE-FEBRUARY-2024,RR7,NHS ENGLAND NORTH EAST AND YORKSHIRE,GATESHEAD HEALTH NHS FOUNDATION TRUST,5633,0,3626,52,0,30,2831,0,45,17,0,0,916,0,1618,0,0,748,,,,,,,2024-02-01,9259,2876,49.7,2366
MSitAE-FEBRUARY-2024,RWF,NHS ENGLAND SOUTH EAST,MAIDSTONE AND TUNBRIDGE WELLS NHS TRUST,17666,0,2012,667,0,114,3231,0,5,65,0,0,1017,29,5101,0,0,1007,,,,,,,2024-02-01,19678,3236,81.7,6108
MSitAE-FEBRUARY-2024,RY7,NHS ENGLAND NORTH WEST,WIRRAL COMMUNITY HEALTH AND CARE NHS FOUNDATION TRUST,0,0,4296,0,0,0,0,0,246,0,0,0,0,0,0,0,0,0,,,,,,,2024-02-01,4296,246,,0
MSitAE-FEBRUARY-2024,RYF,NHS ENGLAND SOUTH WEST,SOUTH WESTERN AMBULANCE SERVICE NHS FOUNDATION TRUST,0,0,1587,0,0,11,0,0,82,0,0,2,0,0,0,0,0,0,,,,,,,2024-02-01,1587,82,,0
MSitAE-FEBRUARY-2024,ARN03,NHS ENGLAND NORTH EAST AND YORKSHIRE,LOCAL CARE DIRECT,0,0,2256,0,0,280,0,0,0,0,0,0,0,0,0,0,0,0,,,,,,,2024-02-01,2256,0,,0
MSitAE-FEBRUARY-2024,NNJ07,NHS ENGLAND MIDLANDS,LOUGHBOROUGH URGENT CARE CENTRE,0,0,5026,0,0,784,0,0,19,0,0,1,0,0,0,0,0,0,,,,,,,2024-02-01,5026,19,,0
MSitAE-FEBRUARY-2024,NNJ0H,NHS ENGLAND MIDLANDS,LLR EA - THE MERLYN VAZ HEALTH & SOCIAL CARE CENTRE,0,0,190,0,0,2074,0,0,0,0,0,0,0,0,0,0,0,0,,,,,,,2024-02-01,190,0,,0
MSitAE-FEBRUARY-2024,NNJ12,NHS ENGLAND MIDLANDS,MARKET HARBOROUGH,0,0,87,0,0,305,0,0,0,0,0,0,0,0,0,0,0,0,,,,,,,2024-02-01,87,0,,0
MSitAE-FEBRUARY-2024,NNJ13,NHS ENGLAND MIDLANDS,MELTON MOWBRAY,0,0,66,0,0,325,0,0,0,0,0,0,0,0,0,0,0,0,,,,,,,2024-02-01,66,0,,0
MSitAE-FEBRUARY-2024,NNJ14,NHS ENGLAND MIDLANDS,OADBY,0,0,1413,0,0,2465,0,0,0,0,0,0,0,0,0,0,0,0,,,,,,,2024-02-01,1413,0,,0
MSitAE-FEBRUARY-2024,NNJ15,NHS ENGLAND MIDLANDS,OAKHAM,0,0,82,0,0,359,0,0,0,0,0,0,0,0,0,0,0,0,,,,,,,2024-02-01,82,0,,0
MSitAE-FEBRUARY-2024,NNJ,NHS ENGLAND MIDLANDS,DHU HEALTH CARE C.I.C,0,0,2003,0,0,0,0,0,18,0,0,0,0,0,0,0,0,0,,,,,,,2024-02-01,2003,18,,0
MSitAE-FEBRUARY-2024,NV693,NHS ENGLAND NORTH WEST,ROSSENDALE MIU & OOH,0,0,896,0,0,0,0,0,8,0,0,0,0,0,0,0,0,0,,,,,,,2024-02-01,896,8,,0
MSitAE-FEBRUARY-2024,R0A,NHS ENGLAND NORTH WEST,MANCHESTER UNIVERSITY NHS FOUNDATION TRUST,23809,3209,11175,3198,396,914,12120,105,974,1574,13,170,4018,554,5234,185,173,476,,,,,,,2024-02-01,38193,13199,49.1,6068
MSitAE-FEBRUARY-2024,R1D,NHS ENGLAND MIDLANDS,SHROPSHIRE COMMUNITY HEALTH NHS TRUST,0,0,2780,0,0,0,0,0,8,0,0,0,0,0,0,0,0,3,,,,,,,2024-02-01,2780,8,,3
MSitAE-FEBRUARY-2024,R1K,NHS ENGLAND LONDON,LONDON NORTH WEST UNIVERSITY HEALTHCARE NHS TRUST,12887,0,13861,0,0,0,5808,0,231,0,0,0,777,556,6289,0,0,435,,,,,,,2024-02-01,26748,6039,54.9,6724
MSitAE-FEBRUARY-2024,RBD,NHS ENGLAND SOUTH WEST,DORSET COUNTY HOSPITAL NHS FOUNDATION TRUST,4015,0,0,346,0,3466,1443,0,0,66,0,6,193,34,1707,0,0,478,,,,,,,2024-02-01,4015,1443,64.1,2185
MSitAE-FEBRUARY-2024,RC9,NHS ENGLAND EAST OF ENGLAND,BEDFORDSHIRE HOSPITALS NHS FOUNDATION TRUST,15577,0,7126,0,0,980,6170,0,0,0,0,0,81,6,4614,0,0,2563,,,,,,,2024-02-01,22703,6170,60.4,7177
MSitAE-FEBRUARY-2024,RD8,NHS ENGLAND EAST OF ENGLAND,MILTON KEYNES UNIVERSITY HOSPITAL NHS FOUNDATION TRUST,7842,0,5215,534,0,130,2796,0,196,175,0,0,619,0,2032,0,0,383,,,,,,,2024-02-01,13057,2992,64.3,2415
MSitAE-FEBRUARY-2024,REM,NHS ENGLAND NORTH WEST,LIVERPOOL UNIVERSITY HOSPITALS NHS FOUNDATION TRUST,16580,244,8333,507,0,0,8147,0,1269,101,0,0,2071,1248,4722,0,0,2525,,,,,,,2024-02-01,25157,9416,50.9,7247
MSitAE-FEBRUARY-2024,RH8,NHS ENGLAND SOUTH WEST,ROYAL DEVON UNIVERSITY HEALTHCARE NHS FOUNDATION TRUST,10991,0,3704,1094,0,60,4843,0,29,380,0,0,937,97,3579,0,0,2239,,,,,,,2024-02-01,14695,4872,55.9,5818
MSitAE-FEBRUARY-2024,RJE,NHS ENGLAND MIDLANDS,UNIVERSITY HOSPITALS OF NORTH MIDLANDS NHS TRUST,12525,445,7553,495,0,356,7015,0,441,234,0,18,882,947,5617,0,0,2967,,,,,,,2024-02-01,20523,7456,44.0,8584
MSitAE-FEBRUARY-2024,RJL,NHS ENGLAND NORTH EAST AND YORKSHIRE,NORTHERN LINCOLNSHIRE AND GOOLE NHS FOUNDATION TRUST,14484,0,0,0,0,0,5870,0,0,0,0,0,519,1002,3651,0,0,502,,,,,,,2024-02-01,14484,5870,59.5,4153
MSitAE-FEBRUARY-2024,RJR,NHS ENGLAND NORTH WEST,COUNTESS OF CHESTER HOSPITAL NHS FOUNDATION TRUST,5853,0,787,0,0,0,3273,0,91,0,0,0,380,677,1772,0,0,1208,,,,,,,2024-02-01,6640,3364,44.1,2980
MSitAE-FEBRUARY-2024,RKE,NHS ENGLAND LONDON,WHITTINGTON HEALTH NHS TRUST,8364,0,0,0,0,0,2445,0,0,0,0,0,340,221,983,0,0,58,,,,,,,2024-02-01,8364,2445,70.8,1041
MSitAE-FEBRUARY-2024,RNS,NHS ENGLAND MIDLANDS,NORTHAMPTON GENERAL HOSPITAL NHS TRUST,9458,568,2006,117,0,42,4136,13,126,22,0,1,163,1037,1712,0,0,1385,,,,,,,2024-02-01,12032,4275,56.3,3097
MSitAE-FEBRUARY-2024,RP5,NHS ENGLAND NORTH EAST AND YORKSHIRE,DONCASTER AND BASSETLAW TEACHING HOSPITALS NHS FOUNDATION TRUST,12603,0,3545,0,0,0,5506,0,0,0,0,0,1050,260,3271,0,438,1068,,,,,,,2024-02-01,16148,5506,56.3,4777
MSitAE-FEBRUARY-2024,RRK,NHS ENGLAND MIDLANDS,UNIVERSITY HOSPITALS BIRMINGHAM NHS FOUNDATION TRUST,32208,0,1329,84,0,183,14800,0,25,45,0,0,2771,1792,10656,0,0,5582,,,,,,,2024-02-01,33537,14825,54.0,16238
MSitAE-FEBRUARY-2024,RTD,NHS ENGLAND NORTH EAST AND YORKSHIRE,THE NEWCASTLE UPON TYNE HOSPITALS NHS FOUNDATION TRUST,12216,1563,5254,0,0,839,4895,97,0,0,0,0,461,12,3280,19,0,2766,,,,,,,2024-02-01,19033,4992,59.9,6065
MSitAE-FEBRUARY-2024,RTP,NHS ENGLAND SOUTH EAST,SURREY AND SUSSEX HEALTHCARE NHS TRUST,9974,0,0,0,0,0,3262,0,0,0,0,0,606,503,2943,0,0,884,,,,,,,2024-02-01,9974,3262,67.3,3827
MSitAE-FEBRUARY-2024,RTQ,NHS ENGLAND SOUTH WEST,GLOUCESTERSHIRE HEALTH AND CARE NHS FOUNDATION TRUST,0,0,5871,0,0,0,0,0,21,0,0,0,0,0,0,0,0,18,,,,,,,2024-02-01,5871,21,,18
MSitAE-FEBRUARY-2024,RTR,NHS ENGLAND NORTH EAST AND YORKSHIRE,SOUTH TEES HOSPITALS NHS FOUNDATION TRUST,9875,0,4704,0,0,343,4520,0,278,0,0,11,589,62,2591,0,138,2199,,,,,,,2024-02-01,14579,4798,54.2,4928
MSitAE-FEBRUARY-2024,RV9,NHS ENGLAND NORTH EAST AND YORKSHIRE,HUMBER TEACHING NHS FOUNDATION TRUST,0,0,1021,0,0,31,0,0,2,0,0,0,0,0,0,0,0,0,,,,,,,2024-02-01,1021,2,,0
MSitAE-FEBRUARY-2024,RVW,NHS ENGLAND NORTH EAST AND YORKSHIRE,NORTH TEES AND HARTLEPOOL NHS FOUNDATION TRUST,4626,0,11325,0,0,0,2145,0,89,0,0,0,176,8,1646,0,509,2057,,,,,,,2024-02-01,15951,2234,53.6,4212
MSitAE-FEBRUARY-2024,RXG,NHS ENGLAND NORTH EAST AND YORKSHIRE,SOUTH WEST YORKSHIRE PARTNERSHIP NHS FOUNDATION TRUST,0,0,0,0,0,0,0,0,0,0,0,0,0,0,0,0,0,107,,,,,,,2024-02-01,0,0,,107
MSitAE-FEBRUARY-2024,RXR,NHS ENGLAND NORTH WEST,EAST LANCASHIRE HOSPITALS NHS TRUST,11941,0,8495,0,0,0,4107,0,667,0,0,0,438,1085,3345,0,100,1730,,,,,,,2024-02-01,20436,4774,65.6,5175
MSitAE-FEBRUARY-2024,RY4,NHS ENGLAND EAST OF ENGLAND,HERTFORDSHIRE COMMUNITY NHS TRUST,0,0,908,0,0,0,0,0,5,0,0,0,0,0,0,0,0,0,,,,,,,2024-02-01,908,5,,0
MSitAE-FEBRUARY-2024,RY5,NHS ENGLAND MIDLANDS,LINCOLNSHIRE COMMUNITY HEALTH SERVICES NHS TRUST,0,0,6366,0,0,0,0,0,229,0,0,0,0,0,0,0,0,0,,,,,,,2024-02-01,6366,229,,0
MSitAE-FEBRUARY-2024,NTPAD,NHS ENGLAND SOUTH EAST,PRACTICE PLUS GROUP SURGICAL CENTRE - ST MARYS PORTSMOUTH,0,0,5461,0,0,205,0,0,332,0,0,12,0,0,0,0,0,0,,,,,,,2024-02-01,5461,332,,0
MSitAE-FEBRUARY-2024,R0B,NHS ENGLAND NORTH EAST AND YORKSHIRE,SOUTH TYNESIDE AND SUNDERLAND NHS FOUNDATION TRUST,11821,1315,5865,421,0,1249,6182,28,334,229,0,71,922,3,4260,17,0,1228,,,,,,,2024-02-01,19001,6544,47.7,5505
MSitAE-FEBRUARY-2024,R0D,NHS ENGLAND SOUTH WEST,UNIVERSITY HOSPITALS DORSET NHS FOUNDATION TRUST,12680,0,3546,0,0,0,5871,0,0,0,0,0,925,187,3733,1,0,2251,,,,,,,2024-02-01,16226,5871,53.7,5985
MSitAE-FEBRUARY-2024,RA7,NHS ENGLAND SOUTH WEST,UNIVERSITY HOSPITALS BRISTOL AND WESTON NHS FOUNDATION TRUST,14860,2252,0,0,0,0,6125,130,0,0,0,0,1260,255,4996,13,0,1654,,,,,,,2024-02-01,17112,6255,58.8,6663
MSitAE-FEBRUARY-2024,RAE,NHS ENGLAND NORTH EAST AND YORKSHIRE,BRADFORD TEACHING HOSPITALS NHS FOUNDATION TRUST,8991,0,2953,0,0,0,2160,0,0,0,0,0,669,29,2242,0,115,1529,,,,,,,2024-02-01,11944,2160,76.0,3886
MSitAE-FEBRUARY-2024,RAJ,NHS ENGLAND EAST OF ENGLAND,MID AND SOUTH ESSEX NHS FOUNDATION TRUST,28969,0,3015,498,0,104,10197,0,65,143,0,1,2671,38,8240,0,150,1261,,,,,,,2024-02-01,31984,10262,64.8,9651
MSitAE-FEBRUARY-2024,RBQ,NHS ENGLAND NORTH WEST,LIVERPOOL HEART AND CHEST HOSPITAL NHS FOUNDATION TRUST,0,0,0,0,0,0,0,0,0,0,0,0,0,0,0,0,0,200,,,,,,,2024-02-01,0,0,,200
MSitAE-FEBRUARY-2024,RBS,NHS ENGLAND NORTH WEST,ALDER HEY CHILDREN'S NHS FOUNDATION TRUST,6262,0,0,0,0,0,1341,0,0,0,0,0,0,0,942,0,0,379,,,,,,,2024-02-01,6262,1341,78.6,1321
MSitAE-FEBRUARY-2024,RCB,NHS ENGLAND NORTH EAST AND YORKSHIRE,YORK AND SCARBOROUGH TEACHING HOSPITALS NHS FOUNDATION TRUST,10202,350,7952,0,0,769,5687,0,308,0,0,0,849,794,4255,4,0,1626,,,,,,,2024-02-01,18504,5995,44.3,5885
MSitAE-FEBRUARY-2024,RFS,NHS ENGLAND MIDLANDS,CHESTERFIELD ROYAL HOSPITAL NHS FOUNDATION TRUST,6808,0,1432,222,0,106,3076,0,328,80,0,26,876,141,2451,0,258,642,,,,,,,2024-02-01,8240,3404,54.8,3351
MSitAE-FEBRUARY-2024,RK5,NHS ENGLAND MIDLANDS,SHERWOOD FOREST HOSPITALS NHS FOUNDATION TRUST,10187,0,5417,23,0,148,4979,0,756,9,0,6,824,143,3317,0,0,411,,,,,,,2024-02-01,15604,5735,51.1,3728
MSitAE-FEBRUARY-2024,RLQ,NHS ENGLAND MIDLANDS,WYE VALLEY NHS TRUST,5559,0,0,171,0,0,2532,0,0,51,0,0,377,306,1869,0,0,595,,,,,,,2024-02-01,5559,2532,54.5,2464
MSitAE-FEBRUARY-2024,RNA,NHS ENGLAND MIDLANDS,THE DUDLEY GROUP NHS FOUNDATION TRUST,9252,0,4378,151,0,669,3636,0,130,20,0,0,2127,57,3463,0,0,1940,,,,,,,2024-02-01,13630,3766,60.7,5403
MSitAE-FEBRUARY-2024,RNN,NHS ENGLAND NORTH EAST AND YORKSHIRE,NORTH CUMBRIA INTEGRATED CARE NHS FOUNDATION TRUST,8277,0,1599,318,0,31,3554,0,16,85,0,1,665,625,2136,0,0,776,,,,,,,2024-02-01,9876,3570,57.1,2912
MSitAE-FEBRUARY-2024,RQW,NHS ENGLAND EAST OF ENGLAND,THE PRINCESS ALEXANDRA HOSPITAL NHS TRUST,7745,0,2197,0,0,824,4319,0,0,0,0,0,611,167,2082,0,0,362,,,,,,,2024-02-01,9942,4319,44.2,2444
MSitAE-FEBRUARY-2024,RR8,NHS ENGLAND NORTH EAST AND YORKSHIRE,LEEDS TEACHING HOSPITALS NHS TRUST,16971,0,11725,45,0,52,7655,0,82,7,0,0,1367,782,3573,0,0,1246,,,,,,,2024-02-01,28696,7737,54.9,4819
MSitAE-FEBRUARY-2024,RRV,NHS ENGLAND LONDON,UNIVERSITY COLLEGE LONDON HOSPITALS NHS FOUNDATION TRUST,12067,0,0,492,0,0,4307,0,0,0,0,0,393,87,1351,0,0,260,,,,,,,2024-02-01,12067,4307,64.3,1611
MSitAE-FEBRUARY-2024,RTE,NHS ENGLAND SOUTH WEST,GLOUCESTERSHIRE HOSPITALS NHS FOUNDATION TRUST,11814,0,0,226,0,0,5162,0,0,88,0,0,369,934,2764,0,0,1708,,,,,,,2024-02-01,11814,5162,56.3,4472
MSitAE-FEBRUARY-2024,RTK,NHS ENGLAND SOUTH EAST,ASHFORD AND ST PETER'S HOSPITALS NHS FOUNDATION TRUST,9479,0,0,0,0,0,3625,0,0,0,0,0,694,269,2850,0,0,450,,,,,,,2024-02-01,9479,3625,61.8,3300
MSitAE-FEBRUARY-2024,RW4,NHS ENGLAND NORTH WEST,MERSEY CARE NHS FOUNDATION TRUST,0,0,11668,0,0,0,0,0,1441,0,0,0,0,0,0,0,0,76,,,,,,,2024-02-01,11668,1441,,76
MSitAE-FEBRUARY-2024,RWA,NHS ENGLAND NORTH EAST AND YORKSHIRE,HULL UNIVERSITY TEACHING HOSPITALS NHS TRUST,10023,0,2826,0,0,0,5191,0,22,0,0,0,1015,383,3247,0,0,1789,,,,,,,2024-02-01,12849,5213,48.2,5036
MSitAE-FEBRUARY-2024,RWJ,NHS ENGLAND NORTH WEST,STOCKPORT NHS FOUNDATION TRUST,8443,0,0,553,0,0,3781,0,0,208,0,0,722,516,2402,0,0,713,,,,,,,2024-02-01,8443,3781,55.2,3115
MSitAE-FEBRUARY-2024,RXC,NHS ENGLAND SOUTH EAST,EAST SUSSEX HEALTHCARE NHS TRUST,8961,0,2349,952,0,815,3614,0,37,0,0,0,244,1,3486,0,0,529,,,,,,,2024-02-01,11310,3651,59.7,4015
MSitAE-FEBRUARY-2024,RXP,NHS ENGLAND NORTH EAST AND YORKSHIRE,COUNTY DURHAM AND DARLINGTON NHS FOUNDATION TRUST,12878,0,4077,0,0,6529,6752,0,0,0,0,0,2116,9,4432,0,0,745,,,,,,,2024-02-01,16955,6752,47.6,5177
MSitAE-FEBRUARY-2024,RXW,NHS ENGLAND MIDLANDS,THE SHREWSBURY AND TELFORD HOSPITAL NHS TRUST,9787,0,1970,65,0,428,5838,0,269,29,0,5,414,860,2760,0,43,2241,,,,,,,2024-02-01,11757,6107,40.3,5044
MSitAE-FEBRUARY-2024,RYG,NHS ENGLAND MIDLANDS,COVENTRY AND WARWICKSHIRE PARTNERSHIP NHS TRUST,0,0,0,0,0,0,0,0,0,0,0,0,0,0,0,0,4,67,,,,,,,2024-02-01,0,0,,71
MSitAE-FEBRUARY-2024,Y02147,NHS ENGLAND LONDON,URGENT CARE CENTRE (QMS),0,0,7241,0,0,550,0,0,296,0,0,8,0,0,0,0,0,0,,,,,,,2024-02-01,7241,296,,0
MSitAE-FEBRUARY-2024,NNF09,NHS ENGLAND NORTH EAST AND YORKSHIRE,BRANSHOLME HEALTH CENTRE,0,0,3847,0,0,0,0,0,649,0,0,0,0,0,0,0,0,0,,,,,,,2024-02-01,3847,649,,0
MSitAE-FEBRUARY-2024,NNF76,NHS ENGLAND NORTH EAST AND YORKSHIRE,THE WILBERFORCE HEALTH CENTRE,0,0,411,0,0,0,0,0,0,0,0,0,0,0,0,0,0,0,,,,,,,2024-02-01,411,0,,0
MSitAE-FEBRUARY-2024,NNF94,NHS ENGLAND NORTH EAST AND YORKSHIRE,EAST RIDING COMMUNITY HOSPITAL,0,0,2430,0,0,0,0,0,330,0,0,0,0,0,0,0,0,0,,,,,,,2024-02-01,2430,330,,0
MSitAE-FEBRUARY-2024,NNFA7,NHS ENGLAND NORTH EAST AND YORKSHIRE,GOOLE & DISTRICT HOSPITAL,0,0,1329,0,0,0,0,0,20,0,0,0,0,0,0,0,0,0,,,,,,,2024-02-01,1329,20,,0
MSitAE-FEBRUARY-2024,R1H,NHS ENGLAND LONDON,BARTS HEALTH NHS TRUST,23473,889,16606,0,0,0,10962,23,3452,0,0,0,1018,674,4974,0,0,1199,,,,,,,2024-02-01,40968,14437,53.3,6173
MSitAE-FEBRUARY-2024,RAS,NHS ENGLAND LONDON,THE HILLINGDON HOSPITALS NHS FOUNDATION TRUST,5387,0,6144,0,0,0,2938,0,115,0,0,0,507,20,2199,0,0,191,,,,,,,2024-02-01,11531,3053,45.5,2390
MSitAE-FEBRUARY-2024,RBK,NHS ENGLAND MIDLANDS,WALSALL HEALTHCARE NHS TRUST,8341,0,3888,373,0,141,2863,0,147,73,0,0,1128,40,3730,0,0,793,,,,,,,2024-02-01,12229,3010,65.7,4523
MSitAE-FEBRUARY-2024,RBT,NHS ENGLAND NORTH WEST,MID CHESHIRE HOSPITALS NHS FOUNDATION TRUST,6934,0,2561,109,0,59,3602,0,47,22,0,0,608,369,2314,0,0,1103,,,,,,,2024-02-01,9495,3649,48.1,3417
MSitAE-FEBRUARY-2024,RCF,NHS ENGLAND NORTH EAST AND YORKSHIRE,AIREDALE NHS FOUNDATION TRUST,5220,241,14,480,0,0,2584,0,0,0,0,0,340,113,1619,0,0,560,,,,,,,2024-02-01,5475,2584,50.5,2179
MSitAE-FEBRUARY-2024,RCU,NHS ENGLAND NORTH EAST AND YORKSHIRE,SHEFFIELD CHILDREN'S NHS FOUNDATION TRUST,4531,0,290,275,0,20,434,0,0,24,0,0,8,0,944,0,0,89,,,,,,,2024-02-01,4821,434,90.4,1033
MSitAE-FEBRUARY-2024,RD1,NHS ENGLAND SOUTH WEST,ROYAL UNITED HOSPITALS BATH NHS FOUNDATION TRUST,7961,0,0,0,0,0,3147,0,0,0,0,0,668,24,2375,0,4,1571,,,,,,,2024-02-01,7961,3147,60.5,3950
MSitAE-FEBRUARY-2024,RDE,NHS ENGLAND EAST OF ENGLAND,EAST SUFFOLK AND NORTH ESSEX NHS FOUNDATION TRUST,13792,0,12717,637,0,266,7243,0,382,0,0,0,1236,504,5504,0,375,1135,,,,,,,2024-02-01,26509,7625,47.5,7014
MSitAE-FEBRUARY-2024,RDR,NHS ENGLAND SOUTH EAST,SUSSEX COMMUNITY NHS FOUNDATION TRUST,0,0,11336,0,0,0,0,0,126,0,0,0,0,0,0,0,0,0,,,,,,,2024-02-01,11336,126,,0
MSitAE-FEBRUARY-2024,REP,NHS ENGLAND NORTH WEST,LIVERPOOL WOMEN'S NHS FOUNDATION TRUST,0,1289,0,0,144,0,0,222,0,0,0,0,0,0,0,107,0,16,,,,,,,2024-02-01,1289,222,,123
MSitAE-FEBRUARY-2024,RF4,NHS ENGLAND LONDON,"BARKING, HAVERING AND REDBRIDGE UNIVERSITY HOSPITALS NHS TRUST",12499,2403,13269,0,0,0,5924,680,417,0,0,0,687,604,7225,0,0,379,,,,,,,2024-02-01,28171,7021,52.6,7604
MSitAE-FEBRUARY-2024,RHM,NHS ENGLAND SOUTH EAST,UNIVERSITY HOSPITAL SOUTHAMPTON NHS FOUNDATION TRUST,10933,1230,0,154,0,0,3918,115,0,48,0,0,374,9,3247,10,0,1449,,,,,,,2024-02-01,12163,4033,64.2,4706
MSitAE-FEBRUARY-2024,RHQ,NHS ENGLAND NORTH EAST AND YORKSHIRE,SHEFFIELD TEACHING HOSPITALS NHS FOUNDATION TRUST,8623,1100,6757,419,4,1082,4408,0,284,202,0,16,1116,8,3577,0,0,2645,,,,,,,2024-02-01,16480,4692,48.9,6222
MSitAE-FEBRUARY-2024,RJ1,NHS ENGLAND LONDON,GUY'S AND ST THOMAS' NHS FOUNDATION TRUST,10446,788,6178,0,0,0,4716,0,410,0,0,0,180,59,1918,0,0,246,,,,,,,2024-02-01,17412,5126,54.9,2164
MSitAE-FEBRUARY-2024,RJZ,NHS ENGLAND LONDON,KING'S COLLEGE HOSPITAL NHS FOUNDATION TRUST,14703,0,8469,56,0,1214,7527,0,656,16,0,133,1628,674,3521,0,0,498,,,,,,,2024-02-01,23172,8183,48.8,4019
MSitAE-FEBRUARY-2024,RKB,NHS ENGLAND MIDLANDS,UNIVERSITY HOSPITALS COVENTRY AND WARWICKSHIRE NHS TRUST,11247,1817,7288,47,0,140,5263,170,255,21,0,0,274,100,2797,80,103,1400,,,,,,,2024-02-01,20352,5688,53.2,4380
MSitAE-FEBRUARY-2024,RL1,NHS ENGLAND MIDLANDS,THE ROBERT JONES AND AGNES HUNT ORTHOPAEDIC HOSPITAL NHS FOUNDATION TRUST,0,0,0,0,0,0,0,0,0,0,0,0,0,0,0,0,0,19,,,,,,,2024-02-01,0,0,,19
MSitAE-FEBRUARY-2024,RL4,NHS ENGLAND MIDLANDS,THE ROYAL WOLVERHAMPTON NHS TRUST,12311,0,6511,166,0,759,4302,0,479,0,0,0,601,216,5731,0,0,918,,,,,,,2024-02-01,18822,4781,65.1,6649
MSitAE-FEBRUARY-2024,RN5,NHS ENGLAND SOUTH EAST,HAMPSHIRE HOSPITALS NHS FOUNDATION TRUST,11468,0,374,0,0,157,4840,0,0,0,0,0,901,77,3877,0,0,1240,,,,,,,2024-02-01,11842,4840,57.8,5117
MSitAE-FEBRUARY-2024,RN7,NHS ENGLAND SOUTH EAST,DARTFORD AND GRAVESHAM NHS TRUST,11076,0,3339,0,0,0,4303,0,50,0,0,0,1096,69,2836,0,0,400,,,,,,,2024-02-01,14415,4353,61.2,3236
MSitAE-FEBRUARY-2024,RNQ,NHS ENGLAND MIDLANDS,KETTERING GENERAL HOSPITAL NHS FOUNDATION TRUST,9086,0,0,420,0,0,3981,0,0,0,0,0,1278,0,2000,0,0,199,,,,,,,2024-02-01,9086,3981,56.2,2199
MSitAE-FEBRUARY-2024,RNZ,NHS ENGLAND SOUTH WEST,SALISBURY NHS FOUNDATION TRUST,3977,355,1657,280,0,0,1708,0,0,131,0,0,461,3,1186,0,0,800,,,,,,,2024-02-01,5989,1708,57.1,1986
MSitAE-FEBRUARY-2024,RP6,NHS ENGLAND LONDON,MOORFIELDS EYE HOSPITAL NHS FOUNDATION TRUST,0,5708,0,0,0,0,0,60,0,0,0,0,0,0,0,1,0,186,,,,,,,2024-02-01,5708,60,,187
MSitAE-FEBRUARY-2024,RQM,NHS ENGLAND LONDON,CHELSEA AND WESTMINSTER HOSPITAL NHS FOUNDATION TRUST,18567,0,5514,582,0,0,4359,0,135,0,0,0,1031,51,2576,0,0,336,,,,,,,2024-02-01,24081,4494,76.5,2912
MSitAE-FEBRUARY-2024,RRF,NHS ENGLAND NORTH WEST,"WRIGHTINGTON, WIGAN AND LEIGH NHS FOUNDATION TRUST",7090,0,5315,0,0,0,3753,0,49,0,0,0,1089,428,2034,0,0,825,,,,,,,2024-02-01,12405,3802,47.1,2859
MSitAE-FEBRUARY-2024,RTG,NHS ENGLAND MIDLANDS,UNIVERSITY HOSPITALS OF DERBY AND BURTON NHS FOUNDATION TRUST,19933,0,9901,347,0,59,8656,0,38,145,0,2,1007,692,3897,0,7,2280,,,,,,,2024-02-01,29834,8694,56.6,6184
MSitAE-FEBRUARY-2024,RTH,NHS ENGLAND SOUTH EAST,OXFORD UNIVERSITY HOSPITALS NHS FOUNDATION TRUST,11327,1765,423,1424,0,114,4805,0,5,464,0,1,991,1,3975,124,12,4207,,,,,,,2024-02-01,13515,4810,57.6,8318
MSitAE-FEBRUARY-2024,RTX,NHS ENGLAND NORTH WEST,UNIVERSITY HOSPITALS OF MORECAMBE BAY NHS FOUNDATION TRUST,7635,0,4029,82,0,650,3275,0,162,47,0,48,664,651,2846,0,35,915,,,,,,,2024-02-01,11664,3437,57.1,3796
MSitAE-FEBRUARY-2024,RVJ,NHS ENGLAND SOUTH WEST,NORTH BRISTOL NHS TRUST,8577,0,0,22,0,0,3009,0,0,12,0,0,679,168,2639,0,0,2014,,,,,,,2024-02-01,8577,3009,64.9,4653
MSitAE-FEBRUARY-2024,RWG,NHS ENGLAND EAST OF ENGLAND,WEST HERTFORDSHIRE TEACHING HOSPITALS NHS TRUST,7476,0,7501,0,0,665,3909,0,652,0,0,0,1323,38,3439,0,0,533,,,,,,,2024-02-01,14977,4561,47.7,3972
MSitAE-FEBRUARY-2024,RWP,NHS ENGLAND MIDLANDS,WORCESTERSHIRE ACUTE HOSPITALS NHS TRUST,11829,0,5215,127,0,0,6637,0,23,48,0,0,980,302,3338,0,0,1512,,,,,,,2024-02-01,17044,6660,43.9,4850
MSitAE-FEBRUARY-2024,RWW,NHS ENGLAND NORTH WEST,WARRINGTON AND HALTON TEACHING HOSPITALS NHS FOUNDATION TRUST,6669,0,3103,229,0,58,3735,0,295,95,0,3,591,811,1765,0,0,218,,,,,,,2024-02-01,9772,4030,44.0,1983
MSitAE-FEBRUARY-2024,RXF,NHS ENGLAND NORTH EAST AND YORKSHIRE,MID YORKSHIRE TEACHING NHS TRUST,15953,0,5828,116,0,60,6246,0,502,16,0,1,2149,143,3274,0,140,961,,,,,,,2024-02-01,21781,6748,60.8,4375
MSitAE-FEBRUARY-2024,RXN,NHS ENGLAND NORTH WEST,LANCASHIRE TEACHING HOSPITALS NHS FOUNDATION TRUST,11585,0,3904,205,0,99,4855,0,158,51,0,1,1140,385,2985,0,177,1352,,,,,,,2024-02-01,15489,5013,58.1,4514
MSitAE-FEBRUARY-2024,RY2,NHS ENGLAND NORTH WEST,BRIDGEWATER COMMUNITY HEALTHCARE NHS FOUNDATION TRUST,0,0,3437,0,0,173,0,0,217,0,0,6,0,0,0,0,0,0,,,,,,,2024-02-01,3437,217,,0
MSitAE-FEBRUARY-2024,RYX,NHS ENGLAND LONDON,CENTRAL LONDON COMMUNITY HEALTHCARE NHS TRUST,0,0,9769,0,0,488,0,0,280,0,0,10,0,0,0,0,0,0,,,,,,,2024-02-01,9769,280,,0
MSitAE-FEBRUARY-2024,Y03571,NHS ENGLAND MIDLANDS,CORBY URGENT CARE CENTRE,0,0,8366,0,0,612,0,0,90,0,0,0,0,0,0,0,0,0,,,,,,,2024-02-01,8366,90,,0
MSitAE-FEBRUARY-2024,NR3,NHS ENGLAND MIDLANDS,NOTTINGHAM CITYCARE PARTNERSHIP,0,0,5270,0,0,251,0,0,1023,0,0,1,0,0,0,0,0,0,,,,,,,2024-02-01,5270,1023,,0
MSitAE-FEBRUARY-2024,R1F,NHS ENGLAND SOUTH EAST,ISLE OF WIGHT NHS TRUST,3804,0,1666,20,0,29,1756,0,0,10,0,0,222,86,973,0,0,271,,,,,,,2024-02-01,5470,1756,53.8,1244
MSitAE-FEBRUARY-2024,RAP,NHS ENGLAND LONDON,NORTH MIDDLESEX UNIVERSITY HOSPITAL NHS TRUST,8011,415,6973,86,0,148,4613,2,1275,44,0,27,263,788,1568,0,0,135,,,,,,,2024-02-01,15399,5890,42.4,1703
MSitAE-FEBRUARY-2024,RAX,NHS ENGLAND LONDON,KINGSTON HOSPITAL NHS FOUNDATION TRUST,6980,0,7530,0,0,0,3545,0,231,0,0,0,323,388,1830,0,105,655,,,,,,,2024-02-01,14510,3776,49.2,2590
MSitAE-FEBRUARY-2024,RCX,NHS ENGLAND EAST OF ENGLAND,"THE QUEEN ELIZABETH HOSPITAL, KING'S LYNN, NHS FOUNDATION TRUST",6130,0,1068,26,0,0,2785,0,0,11,0,0,371,125,2698,0,0,546,,,,,,,2024-02-01,7198,2785,54.6,3244
MSitAE-FEBRUARY-2024,RFR,NHS ENGLAND NORTH EAST AND YORKSHIRE,THE ROTHERHAM NHS FOUNDATION TRUST,7952,0,0,0,0,0,3401,0,0,0,0,0,863,4,2678,0,0,560,,,,,,,2024-02-01,7952,3401,57.2,3238
MSitAE-FEBRUARY-2024,RGP,NHS ENGLAND EAST OF ENGLAND,JAMES PAGET UNIVERSITY HOSPITALS NHS FOUNDATION TRUST,6228,0,1499,118,0,0,2941,0,0,48,0,0,620,262,1638,0,0,470,,,,,,,2024-02-01,7727,2941,52.8,2108
MSitAE-FEBRUARY-2024,RGT,NHS ENGLAND EAST OF ENGLAND,CAMBRIDGE UNIVERSITY HOSPITALS NHS FOUNDATION TRUST,9810,0,5807,621,0,522,5672,0,111,304,0,33,716,711,2628,0,19,462,,,,,,,2024-02-01,15617,5783,42.2,3109
MSitAE-FEBRUARY-2024,RJC,NHS ENGLAND MIDLANDS,SOUTH WARWICKSHIRE UNIVERSITY NHS FOUNDATION TRUST,7744,0,340,15,0,0,1858,0,0,0,0,0,290,18,2085,0,0,736,,,,,,,2024-02-01,8084,1858,76.0,2821
MSitAE-FEBRUARY-2024,RLT,NHS ENGLAND MIDLANDS,GEORGE ELIOT HOSPITAL NHS TRUST,6577,0,1543,0,0,0,2281,0,28,0,0,0,587,267,958,0,0,22,,,,,,,2024-02-01,8120,2309,65.3,980
MSitAE-FEBRUARY-2024,RM1,NHS ENGLAND EAST OF ENGLAND,NORFOLK AND NORWICH UNIVERSITY HOSPITALS NHS FOUNDATION TRUST,10898,0,8870,372,0,1,4029,0,2,85,0,0,776,325,2324,0,0,1744,,,,,,,2024-02-01,19768,4031,63.0,4068
MSitAE-FEBRUARY-2024,RTF,NHS ENGLAND NORTH EAST AND YORKSHIRE,NORTHUMBRIA HEALTHCARE NHS FOUNDATION TRUST,9494,0,11096,0,0,0,2918,0,9,0,0,0,41,0,4622,0,57,1514,,,,,,,2024-02-01,20590,2927,69.3,6193
MSitAE-FEBRUARY-2024,RWD,NHS ENGLAND MIDLANDS,UNITED LINCOLNSHIRE HOSPITALS NHS TRUST,9846,0,9097,3,0,0,6873,0,1736,2,0,0,877,1120,4121,0,0,1087,,,,,,,2024-02-01,18943,8609,30.2,5208
MSitAE-FEBRUARY-2024,RWH,NHS ENGLAND EAST OF ENGLAND,EAST AND NORTH HERTFORDSHIRE NHS TRUST,8896,0,6436,0,0,361,4872,0,13,0,0,0,180,108,2821,0,59,276,,,,,,,2024-02-01,15332,4885,45.2,3156
MSitAE-FEBRUARY-2024,RWX,NHS ENGLAND SOUTH EAST,BERKSHIRE HEALTHCARE NHS FOUNDATION TRUST,0,0,1347,0,0,0,0,0,8,0,0,0,0,0,0,0,29,0,,,,,,,2024-02-01,1347,8,,29
MSitAE-FEBRUARY-2024,RYJ,NHS ENGLAND LONDON,IMPERIAL COLLEGE HEALTHCARE NHS TRUST,11485,3651,6655,0,0,342,4660,24,486,0,0,0,517,77,3685,0,0,1112,,,,,,,2024-02-01,21791,5170,59.4,4797
MSitAE-FEBRUARY-2024,RBV,NHS ENGLAND NORTH WEST,THE CHRISTIE NHS FOUNDATION TRUST,0,0,0,0,0,0,0,0,0,0,0,0,0,0,0,0,0,682,,,,,,,2024-02-01,0,0,,682
MSitAE-FEBRUARY-2024,RET,NHS ENGLAND NORTH WEST,THE WALTON CENTRE NHS FOUNDATION TRUST,0,0,0,0,0,0,0,0,0,0,0,0,0,0,0,0,0,163,,,,,,,2024-02-01,0,0,,163
MSitAE-FEBRUARY-2024,RMP,NHS ENGLAND NORTH WEST,TAMESIDE AND GLOSSOP INTEGRATED CARE NHS FOUNDATION TRUST,7626,0,2808,393,0,211,4102,0,0,0,0,0,505,214,2521,0,0,571,,,,,,,2024-02-01,10434,4102,46.2,3092
MSitAE-FEBRUARY-2024,RN3,NHS ENGLAND SOUTH WEST,GREAT WESTERN HOSPITALS NHS FOUNDATION TRUST,5275,0,5423,0,0,182,2603,0,536,0,0,6,467,69,2423,0,0,1659,,,,,,,2024-02-01,10698,3139,50.7,4082
MSitAE-FEBRUARY-2024,RM3,NHS ENGLAND NORTH WEST,NORTHERN CARE ALLIANCE NHS FOUNDATION TRUST,23660,0,7005,0,0,0,11185,0,310,0,0,0,1199,1050,6704,0,351,1461,,,,,,,2024-02-01,30665,11495,52.7,8516
MSitAE-FEBRUARY-2024,RX1,NHS ENGLAND MIDLANDS,NOTTINGHAM UNIVERSITY HOSPITALS NHS TRUST,14754,1889,304,527,0,0,8481,312,16,323,0,0,689,588,3604,0,0,3816,,,,,,,2024-02-01,16947,8809,42.5,7420
MSitAE-FEBRUARY-2024,AAH,NHS ENGLAND SOUTH WEST,TETBURY HOSPITAL TRUST LTD,0,0,455,0,0,0,0,0,2,0,0,0,0,0,0,0,0,0,,,,,,,2024-02-01,455,2,,0
MSitAE-FEBRUARY-2024,NQT51,NHS ENGLAND SOUTH EAST,STATION PLAZA HEALTH CENTRE,0,0,1288,0,0,0,0,0,0,0,0,0,0,0,0,0,0,0,,,,,,,2024-02-01,1288,0,,0
MSitAE-FEBRUARY-2024,RBL,NHS ENGLAND NORTH WEST,WIRRAL UNIVERSITY TEACHING HOSPITAL NHS FOUNDATION TRUST,7285,0,2980,99,0,169,3724,0,132,33,0,9,574,741,2015,0,0,1690,,,,,,,2024-02-01,10265,3856,48.9,3705
MSitAE-FEBRUARY-2024,RMC,NHS ENGLAND NORTH WEST,BOLTON NHS FOUNDATION TRUST,7619,0,3036,27,0,17,4493,0,656,21,0,2,416,701,2033,0,149,668,,,,,,,2024-02-01,10655,5149,41.0,2850
MSitAE-FEBRUARY-2024,RVV,NHS ENGLAND SOUTH EAST,EAST KENT HOSPITALS UNIVERSITY NHS FOUNDATION TRUST,12580,0,11935,0,0,0,6902,0,259,0,0,0,492,1111,3336,0,460,1015,,,,,,,2024-02-01,24515,7161,45.1,4811
MSitAE-FEBRUARY-2024,RBN,NHS ENGLAND NORTH WEST,MERSEY AND WEST LANCASHIRE TEACHING HOSPITALS NHS TRUST,17234,0,7189,382,0,0,7534,0,634,75,0,0,435,431,7110,0,0,586,,,,,,,2024-02-01,24423,8168,56.3,7696
MSitAE-FEBRUARY-2024,RH5,NHS ENGLAND SOUTH WEST,SOMERSET NHS FOUNDATION TRUST,12203,0,8789,0,0,0,4983,0,430,0,0,0,467,38,3089,0,0,2015,,,,,,,2024-02-01,20992,5413,59.2,5104
MSitAE-FEBRUARY-2024,RHW,NHS ENGLAND SOUTH EAST,ROYAL BERKSHIRE NHS FOUNDATION TRUST,11277,2302,0,837,0,0,4609,28,0,0,0,0,694,9,2461,2,0,735,,,,,,,2024-02-01,13579,4637,59.1,3198
MSitAE-FEBRUARY-2024,Y00751,NHS ENGLAND SOUTH EAST,EAST BERKS PRIMARY CARE OOH(WAM),0,0,0,0,0,0,0,0,0,0,0,0,0,0,0,0,0,0,,,,,,,2024-02-01,0,0,,0
MSitAE-FEBRUARY-2024,RJ2,NHS ENGLAND LONDON,LEWISHAM AND GREENWICH NHS TRUST,13330,0,11407,33,0,0,7699,0,1961,11,0,0,1004,860,3375,0,0,1280,,,,,,,2024-02-01,24737,9660,42.2,4655
MSitAE-FEBRUARY-2024,RJ7,NHS ENGLAND LONDON,ST GEORGE'S UNIVERSITY HOSPITALS NHS FOUNDATION TRUST,8184,0,2994,801,0,0,2626,0,0,93,0,0,530,680,2355,0,0,757,,,,,,,2024-02-01,11178,2626,67.9,3112
MSitAE-FEBRUARY-2024,AD913,NHS ENGLAND LONDON,BECKENHAM BEACON UCC,0,0,3571,0,0,175,0,0,18,0,0,0,0,0,0,0,0,0,,,,,,,2024-02-01,3571,18,,0
MSitAE-FEBRUARY-2024,RAL,NHS ENGLAND LONDON,ROYAL FREE LONDON NHS FOUNDATION TRUST,17814,0,7872,0,0,0,8179,0,241,0,0,0,968,749,3707,0,0,548,,,,,,,2024-02-01,25686,8420,54.1,4255
MSitAE-FEBRUARY-2024,RDU,NHS ENGLAND SOUTH EAST,FRIMLEY HEALTH NHS FOUNDATION TRUST,21684,639,8386,0,0,0,9591,0,107,0,0,0,2188,166,6169,0,0,300,,,,,,,2024-02-01,30709,9698,55.8,6469
MSitAE-FEBRUARY-2024,RPA,NHS ENGLAND SOUTH EAST,MEDWAY NHS FOUNDATION TRUST,7888,0,6352,313,0,1187,2921,0,1317,75,0,0,326,797,2139,0,0,1088,,,,,,,2024-02-01,14240,4238,63.0,3227
MSitAE-FEBRUARY-2024,NLX,NHS ENGLAND SOUTH WEST,SIRONA CARE & HEALTH,0,0,7368,0,0,226,0,0,389,0,0,43,0,0,0,0,0,0,,,,,,,2024-02-01,7368,389,,0
MSitAE-FEBRUARY-2024,RVR,NHS ENGLAND LONDON,EPSOM AND ST HELIER UNIVERSITY HOSPITALS NHS TRUST,12035,314,0,354,0,0,3140,0,0,45,0,0,252,694,1969,2,0,107,,,,,,,2024-02-01,12349,3140,73.9,2078
MSitAE-FEBRUARY-2024,RA9,NHS ENGLAND SOUTH WEST,TORBAY AND SOUTH DEVON NHS FOUNDATION TRUST,5782,0,2615,338,0,5,3073,0,20,154,0,0,321,101,1946,0,0,1210,,,,,,,2024-02-01,8397,3093,46.9,3156
MSitAE-FEBRUARY-2024,G0Q0L,NHS ENGLAND LONDON,BARKING HOSPITAL UTC,0,0,2551,0,0,0,0,0,35,0,0,0,0,0,0,0,0,0,,,,,,,2024-02-01,2551,35,,0
MSitAE-FEBRUARY-2024,K6K0R,NHS ENGLAND LONDON,HAROLD WOOD POLYCLINIC UTC,0,0,2719,0,0,0,0,0,53,0,0,0,0,0,0,0,0,0,,,,,,,2024-02-01,2719,53,,0
MSitAE-JANUARY-2024,NQT5H,NHS ENGLAND SOUTH WEST,PAULTON MEMORIAL HOSPITAL,0,0,816,0,0,0,0,0,11,0,0,0,0,0,0,0,0,0,,,,,,,2024-01-01,816,11,,0
MSitAE-JANUARY-2024,AAH,NHS ENGLAND SOUTH WEST,TETBURY HOSPITAL TRUST LTD,0,0,452,0,0,0,0,0,0,0,0,0,0,0,0,0,0,0,,,,,,,2024-01-01,452,0,,0
MSitAE-JANUARY-2024,AJN,NHS ENGLAND NORTH EAST AND YORKSHIRE,WORKINGTON HEALTH LIMITED,0,0,369,0,0,0,0,0,0,0,0,0,0,0,0,0,0,0,,,,,,,2024-01-01,369,0,,0
MSitAE-JANUARY-2024,AQN04,NHS ENGLAND SOUTH EAST,PHL LYMINGTON UTC,0,0,2574,0,0,7,0,0,21,0,0,0,0,0,0,0,0,0,,,,,,,2024-01-01,2574,21,,0
MSitAE-JANUARY-2024,C82038,NHS ENGLAND MIDLANDS,LATHAM HOUSE MEDICAL PRACTICE,0,0,270,0,0,0,0,0,0,0,0,0,0,0,0,0,0,0,,,,,,,2024-01-01,270,0,,0
MSitAE-JANUARY-2024,NQT5F,NHS ENGLAND NORTH WEST,SKELMERSDALE WALK IN CENTRE,0,0,2057,0,0,0,0,0,69,0,0,0,0,0,0,0,0,0,,,,,,,2024-01-01,2057,69,,0
MSitAE-JANUARY-2024,NQTE4,NHS ENGLAND MIDLANDS,SUMMERFIELD URGENT CARE CENTRE,0,0,3413,0,0,0,0,0,0,0,0,0,0,0,0,0,0,0,,,,,,,2024-01-01,3413,0,,0
MSitAE-JANUARY-2024,RJ8,NHS ENGLAND SOUTH WEST,CORNWALL PARTNERSHIP NHS FOUNDATION TRUST,0,0,0,0,0,0,0,0,0,0,0,0,0,0,0,0,16,59,,,,,,,2024-01-01,0,0,,75
MSitAE-JANUARY-2024,RXL,NHS ENGLAND NORTH WEST,BLACKPOOL TEACHING HOSPITALS NHS FOUNDATION TRUST,8134,0,10516,195,0,154,3636,0,57,61,0,0,211,395,2513,0,0,1559,,,,,,,2024-01-01,18650,3693,55.3,4072
MSitAE-JANUARY-2024,RYY,NHS ENGLAND SOUTH EAST,KENT COMMUNITY HEALTH NHS FOUNDATION TRUST,0,0,10055,0,0,0,0,0,43,0,0,0,0,0,0,0,0,0,,,,,,,2024-01-01,10055,43,,0
MSitAE-JANUARY-2024,Y00751,NHS ENGLAND SOUTH EAST,EAST BERKS PRIMARY CARE OOH(WAM),0,0,0,0,0,0,0,0,0,0,0,0,0,0,0,0,0,0,,,,,,,2024-01-01,0,0,,0
MSitAE-JANUARY-2024,Y02532,NHS ENGLAND NORTH WEST,MIRIAM MINOR EMERGENCY,0,0,1717,0,0,0,0,0,0,0,0,0,0,0,0,0,0,0,,,,,,,2024-01-01,1717,0,,0
MSitAE-JANUARY-2024,Y02615,NHS ENGLAND MIDLANDS,SOUTH BIRMINGHAM GP WALK IN CENTRE,0,0,7050,0,0,0,0,0,0,0,0,0,0,0,0,0,0,0,,,,,,,2024-01-01,7050,0,,0
MSitAE-JANUARY-2024,8J094,NHS ENGLAND MIDLANDS,BADGER LTD,0,0,0,0,0,2179,0,0,0,0,0,0,0,0,0,0,0,0,,,,,,,2024-01-01,0,0,,0
MSitAE-JANUARY-2024,ACH01,NHS ENGLAND SOUTH EAST,WHITSTABLE MEDICAL PRACTICE,0,0,4424,0,0,0,0,0,0,0,0,0,0,0,0,0,0,0,,,,,,,2024-01-01,4424,0,,0
MSitAE-JANUARY-2024,NL7,NHS ENGLAND MIDLANDS,ASSURA VERTIS URGENT CARE CENTRES (BIRMINGHAM),0,0,4325,0,0,0,0,0,0,0,0,0,0,0,0,0,0,0,,,,,,,2024-01-01,4325,0,,0
MSitAE-JANUARY-2024,NNJ,NHS ENGLAND MIDLANDS,DHU HEALTH CARE C.I.C,0,0,2093,0,0,0,0,0,0,0,0,0,0,0,0,0,0,0,,,,,,,2024-01-01,2093,0,,0
MSitAE-JANUARY-2024,NTV0B,NHS ENGLAND SOUTH EAST,ASHFORD WALK-IN-CENTRE,0,0,2351,0,0,0,0,0,179,0,0,0,0,0,0,0,0,0,,,,,,,2024-01-01,2351,179,,0
MSitAE-JANUARY-2024,NTV0W,NHS ENGLAND SOUTH EAST,WOKING WALK IN CENTRE,0,0,2604,0,0,0,0,0,95,0,0,0,0,0,0,0,0,0,,,,,,,2024-01-01,2604,95,,0
MSitAE-JANUARY-2024,R0B,NHS ENGLAND NORTH EAST AND YORKSHIRE,SOUTH TYNESIDE AND SUNDERLAND NHS FOUNDATION TRUST,12200,1213,5939,475,0,1281,6213,15,262,241,0,68,979,44,4570,14,0,1353,,,,,,,2024-01-01,19352,6490,49.1,5937
MSitAE-JANUARY-2024,RBQ,NHS ENGLAND NORTH WEST,LIVERPOOL HEART AND CHEST HOSPITAL NHS FOUNDATION TRUST,0,0,0,0,0,0,0,0,0,0,0,0,0,0,0,0,0,220,,,,,,,2024-01-01,0,0,,220
MSitAE-JANUARY-2024,RGT,NHS ENGLAND EAST OF ENGLAND,CAMBRIDGE UNIVERSITY HOSPITALS NHS FOUNDATION TRUST,10028,0,5201,784,0,487,5793,0,122,367,0,30,726,700,2915,0,22,506,,,,,,,2024-01-01,15229,5915,42.2,3443
MSitAE-JANUARY-2024,RRV,NHS ENGLAND LONDON,UNIVERSITY COLLEGE LONDON HOSPITALS NHS FOUNDATION TRUST,12263,0,0,567,0,0,3614,0,0,0,0,0,378,136,1356,0,0,287,,,,,,,2024-01-01,12263,3614,70.5,1643
MSitAE-JANUARY-2024,RXF,NHS ENGLAND NORTH EAST AND YORKSHIRE,MID YORKSHIRE TEACHING NHS TRUST,16613,0,5953,124,0,82,7190,0,511,10,0,2,2403,660,3438,0,156,967,,,,,,,2024-01-01,22566,7701,56.7,4561
MSitAE-JANUARY-2024,RXQ,NHS ENGLAND SOUTH EAST,BUCKINGHAMSHIRE HEALTHCARE NHS TRUST,10053,1207,3366,2,0,0,4315,0,145,1,0,0,255,538,4173,831,0,1125,,,,,,,2024-01-01,14626,4460,57.1,6129
MSitAE-JANUARY-2024,RY5,NHS ENGLAND MIDLANDS,LINCOLNSHIRE COMMUNITY HEALTH SERVICES NHS TRUST,0,0,8230,0,0,0,0,0,281,0,0,0,0,0,0,0,0,0,,,,,,,2024-01-01,8230,281,,0
MSitAE-JANUARY-2024,Y02676,NHS ENGLAND SOUTH EAST,BRIGHTON STATION HEALTH CENTRE,0,0,1812,0,0,0,0,0,0,0,0,0,0,0,0,0,0,0,,,,,,,2024-01-01,1812,0,,0
MSitAE-JANUARY-2024,Y03007,NHS ENGLAND MIDLANDS,ERDINGTON GP HEALTH & WELLBEING WIC,0,0,0,0,0,2208,0,0,0,0,0,0,0,0,0,0,0,0,,,,,,,2024-01-01,0,0,,0
MSitAE-JANUARY-2024,C83023,NHS ENGLAND MIDLANDS,SLEAFORD MEDICAL GROUP,0,0,584,0,0,0,0,0,0,0,0,0,0,0,0,0,0,0,,,,,,,2024-01-01,584,0,,0
MSitAE-JANUARY-2024,RBV,NHS ENGLAND NORTH WEST,THE CHRISTIE NHS FOUNDATION TRUST,0,0,0,0,0,0,0,0,0,0,0,0,0,0,0,0,0,724,,,,,,,2024-01-01,0,0,,724
MSitAE-JANUARY-2024,RGP,NHS ENGLAND EAST OF ENGLAND,JAMES PAGET UNIVERSITY HOSPITALS NHS FOUNDATION TRUST,6299,0,1541,108,0,0,2764,0,0,38,0,0,657,358,1696,0,0,516,,,,,,,2024-01-01,7840,2764,56.1,2212
MSitAE-JANUARY-2024,RLQ,NHS ENGLAND MIDLANDS,WYE VALLEY NHS TRUST,5485,0,0,179,0,0,2633,0,0,49,0,0,371,299,1936,0,0,603,,,,,,,2024-01-01,5485,2633,52.0,2539
MSitAE-JANUARY-2024,RQX,NHS ENGLAND LONDON,HOMERTON HEALTHCARE NHS FOUNDATION TRUST,10728,0,0,20,0,0,1719,0,0,0,0,0,186,42,1756,0,0,365,,,,,,,2024-01-01,10728,1719,84.0,2121
MSitAE-JANUARY-2024,RR7,NHS ENGLAND NORTH EAST AND YORKSHIRE,GATESHEAD HEALTH NHS FOUNDATION TRUST,6010,0,3767,42,0,21,3029,0,45,17,0,0,1109,1,1695,0,0,743,,,,,,,2024-01-01,9777,3074,49.6,2438
MSitAE-JANUARY-2024,RVW,NHS ENGLAND NORTH EAST AND YORKSHIRE,NORTH TEES AND HARTLEPOOL NHS FOUNDATION TRUST,4715,0,12156,0,0,0,2516,0,64,0,0,0,326,18,1758,0,566,2338,,,,,,,2024-01-01,16871,2580,46.6,4662
MSitAE-JANUARY-2024,RXK,NHS ENGLAND MIDLANDS,SANDWELL AND WEST BIRMINGHAM HOSPITALS NHS TRUST,14028,1145,9960,991,0,0,7397,128,728,250,0,0,1704,451,2806,0,0,519,,,,,,,2024-01-01,25133,8253,47.3,3325
MSitAE-JANUARY-2024,Y03218,NHS ENGLAND LONDON,THE PINN UNREGISTERED WIC,0,0,1000,0,0,0,0,0,0,0,0,0,0,0,0,0,0,0,,,,,,,2024-01-01,1000,0,,0
MSitAE-JANUARY-2024,ARN03,NHS ENGLAND NORTH EAST AND YORKSHIRE,LOCAL CARE DIRECT,0,0,2352,0,0,278,0,0,0,0,0,0,0,0,0,0,0,0,,,,,,,2024-01-01,2352,0,,0
MSitAE-JANUARY-2024,RJZ,NHS ENGLAND LONDON,KING'S COLLEGE HOSPITAL NHS FOUNDATION TRUST,15566,0,8442,81,0,1325,8454,0,913,23,0,174,1694,991,3589,0,0,516,,,,,,,2024-01-01,24008,9367,45.7,4105
MSitAE-JANUARY-2024,RWE,NHS ENGLAND MIDLANDS,UNIVERSITY HOSPITALS OF LEICESTER NHS TRUST,20840,1771,0,0,0,0,9699,80,0,0,0,0,1319,1625,5709,1,0,3650,,,,,,,2024-01-01,22611,9779,53.5,9360
MSitAE-JANUARY-2024,AD913,NHS ENGLAND LONDON,BECKENHAM BEACON UCC,0,0,3743,0,0,258,0,0,44,0,0,0,0,0,0,0,0,0,,,,,,,2024-01-01,3743,44,,0
MSitAE-JANUARY-2024,NTPAD,NHS ENGLAND SOUTH EAST,PRACTICE PLUS GROUP SURGICAL CENTRE - ST MARYS PORTSMOUTH,0,0,5645,0,0,289,0,0,241,0,0,9,0,0,0,0,0,0,,,,,,,2024-01-01,5645,241,,0
MSitAE-JANUARY-2024,NV693,NHS ENGLAND NORTH WEST,ROSSENDALE MIU & OOH,0,0,905,0,0,0,0,0,0,0,0,0,0,0,0,0,0,0,,,,,,,2024-01-01,905,0,,0
MSitAE-JANUARY-2024,R0D,NHS ENGLAND SOUTH WEST,UNIVERSITY HOSPITALS DORSET NHS FOUNDATION TRUST,13579,0,3563,0,0,0,6538,0,0,0,0,0,1341,460,3924,1,0,2438,,,,,,,2024-01-01,17142,6538,51.9,6363
MSitAE-JANUARY-2024,RJN,NHS ENGLAND NORTH WEST,EAST CHESHIRE NHS TRUST,4255,0,0,40,0,53,2144,0,0,0,0,0,195,566,915,0,0,221,,,,,,,2024-01-01,4255,2144,49.6,1136
MSitAE-JANUARY-2024,RYR,NHS ENGLAND SOUTH EAST,UNIVERSITY HOSPITALS SUSSEX NHS FOUNDATION TRUST,21793,1494,4920,1269,0,1055,9623,7,529,377,0,30,1730,1386,7691,32,44,1415,,,,,,,2024-01-01,28207,10159,55.8,9182
MSitAE-JANUARY-2024,NDJ,NHS ENGLAND SOUTH EAST,FIRST COMMUNITY HEALTH AND CARE CIC,0,0,2140,0,0,0,0,0,0,0,0,0,0,0,0,0,0,0,,,,,,,2024-01-01,2140,0,,0
MSitAE-JANUARY-2024,RAN,NHS ENGLAND LONDON,ROYAL NATIONAL ORTHOPAEDIC HOSPITAL NHS TRUST,0,0,0,0,0,0,0,0,0,0,0,0,0,0,0,0,0,35,,,,,,,2024-01-01,0,0,,35
MSitAE-JANUARY-2024,RAX,NHS ENGLAND LONDON,KINGSTON HOSPITAL NHS FOUNDATION TRUST,7187,0,8091,0,0,0,3563,0,347,0,0,0,241,592,2083,0,150,601,,,,,,,2024-01-01,15278,3910,50.4,2834
MSitAE-JANUARY-2024,RDY,NHS ENGLAND SOUTH WEST,DORSET HEALTHCARE UNIVERSITY NHS FOUNDATION TRUST,0,0,0,0,0,0,0,0,0,0,0,0,0,0,0,0,3,3,,,,,,,2024-01-01,0,0,,6
MSitAE-JANUARY-2024,REF,NHS ENGLAND SOUTH WEST,ROYAL CORNWALL HOSPITALS NHS TRUST,6010,0,10528,0,0,0,3524,0,554,0,0,0,445,804,2203,0,30,1073,,,,,,,2024-01-01,16538,4078,41.4,3306
MSitAE-JANUARY-2024,RNQ,NHS ENGLAND MIDLANDS,KETTERING GENERAL HOSPITAL NHS FOUNDATION TRUST,9301,0,0,425,0,0,4476,0,0,0,0,0,1397,0,2060,0,0,186,,,,,,,2024-01-01,9301,4476,51.9,2246
MSitAE-JANUARY-2024,RNS,NHS ENGLAND MIDLANDS,NORTHAMPTON GENERAL HOSPITAL NHS TRUST,8700,574,2059,130,0,30,4230,15,78,28,0,1,175,1087,1855,0,0,1389,,,,,,,2024-01-01,11333,4323,51.4,3244
MSitAE-JANUARY-2024,RPC,NHS ENGLAND SOUTH EAST,QUEEN VICTORIA HOSPITAL NHS FOUNDATION TRUST,0,0,1334,0,0,0,0,0,3,0,0,0,0,0,0,0,1,479,,,,,,,2024-01-01,1334,3,,480
MSitAE-JANUARY-2024,RTP,NHS ENGLAND SOUTH EAST,SURREY AND SUSSEX HEALTHCARE NHS TRUST,10231,0,0,0,0,0,3373,0,0,0,0,0,541,566,3095,0,0,898,,,,,,,2024-01-01,10231,3373,67.0,3993
MSitAE-JANUARY-2024,RW1,NHS ENGLAND SOUTH EAST,SOUTHERN HEALTH NHS FOUNDATION TRUST,0,0,2759,0,0,0,0,0,44,0,0,0,0,0,0,0,0,176,,,,,,,2024-01-01,2759,44,,176
MSitAE-JANUARY-2024,RW4,NHS ENGLAND NORTH WEST,MERSEY CARE NHS FOUNDATION TRUST,0,0,12134,0,0,0,0,0,1714,0,0,0,0,0,0,0,0,78,,,,,,,2024-01-01,12134,1714,,78
MSitAE-JANUARY-2024,RWP,NHS ENGLAND MIDLANDS,WORCESTERSHIRE ACUTE HOSPITALS NHS TRUST,12354,0,5173,109,0,0,6908,0,13,52,0,0,1136,316,3643,0,0,1639,,,,,,,2024-01-01,17527,6921,44.1,5282
MSitAE-JANUARY-2024,RWY,NHS ENGLAND NORTH EAST AND YORKSHIRE,CALDERDALE AND HUDDERSFIELD NHS FOUNDATION TRUST,15054,0,0,0,0,0,5038,0,0,0,0,0,1514,1,3075,0,0,884,,,,,,,2024-01-01,15054,5038,66.5,3959
MSitAE-JANUARY-2024,RY8,NHS ENGLAND MIDLANDS,DERBYSHIRE COMMUNITY HEALTH SERVICES NHS FOUNDATION TRUST,0,0,6042,0,0,1830,0,0,3,0,0,0,0,0,0,0,0,0,,,,,,,2024-01-01,6042,3,,0
MSitAE-JANUARY-2024,RYF,NHS ENGLAND SOUTH WEST,SOUTH WESTERN AMBULANCE SERVICE NHS FOUNDATION TRUST,0,0,1595,0,0,0,0,0,75,0,0,0,0,0,0,0,0,0,,,,,,,2024-01-01,1595,75,,0
MSitAE-JANUARY-2024,Y02428,NHS ENGLAND EAST OF ENGLAND,PUTNOE WALK IN CENTRE,0,0,3026,0,0,0,0,0,0,0,0,0,0,0,0,0,0,0,,,,,,,2024-01-01,3026,0,,0
MSitAE-JANUARY-2024,C82009,NHS ENGLAND MIDLANDS,MARKET HARBOROUGH MED.CTR,0,0,254,0,0,0,0,0,0,0,0,0,0,0,0,0,0,0,,,,,,,2024-01-01,254,0,,0
MSitAE-JANUARY-2024,L83087,NHS ENGLAND SOUTH WEST,OKEHAMPTON MEDICAL CENTRE,0,0,68,0,0,0,0,0,0,0,0,0,0,0,0,0,0,0,,,,,,,2024-01-01,68,0,,0
MSitAE-JANUARY-2024,NNJ07,NHS ENGLAND MIDLANDS,LOUGHBOROUGH URGENT CARE CENTRE,0,0,5132,0,0,823,0,0,8,0,0,0,0,0,0,0,0,0,,,,,,,2024-01-01,5132,8,,0
MSitAE-JANUARY-2024,NNJ0H,NHS ENGLAND MIDLANDS,LLR EA - THE MERLYN VAZ HEALTH & SOCIAL CARE CENTRE,0,0,259,0,0,2271,0,0,0,0,0,1,0,0,0,0,0,0,,,,,,,2024-01-01,259,0,,0
MSitAE-JANUARY-2024,NNJ12,NHS ENGLAND MIDLANDS,MARKET HARBOROUGH,0,0,98,0,0,392,0,0,0,0,0,0,0,0,0,0,0,0,,,,,,,2024-01-01,98,0,,0
MSitAE-JANUARY-2024,NNJ13,NHS ENGLAND MIDLANDS,MELTON MOWBRAY,0,0,44,0,0,338,0,0,0,0,0,0,0,0,0,0,0,0,,,,,,,2024-01-01,44,0,,0
MSitAE-JANUARY-2024,NNJ14,NHS ENGLAND MIDLANDS,OADBY,0,0,1390,0,0,2577,0,0,0,0,0,1,0,0,0,0,0,0,,,,,,,2024-01-01,1390,0,,0
MSitAE-JANUARY-2024,NNJ15,NHS ENGLAND MIDLANDS,OAKHAM,0,0,81,0,0,407,0,0,0,0,0,0,0,0,0,0,0,0,,,,,,,2024-01-01,81,0,,0
MSitAE-JANUARY-2024,R1H,NHS ENGLAND LONDON,BARTS HEALTH NHS TRUST,24262,922,17124,0,0,0,11196,30,2917,0,0,0,986,717,5256,0,0,1232,,,,,,,2024-01-01,42308,14143,53.9,6488
MSitAE-JANUARY-2024,RAT,NHS ENGLAND LONDON,NORTH EAST LONDON NHS FOUNDATION TRUST,0,0,1233,0,0,0,0,0,11,0,0,0,0,0,0,0,0,0,,,,,,,2024-01-01,1233,11,,0
MSitAE-JANUARY-2024,RBK,NHS ENGLAND MIDLANDS,WALSALL HEALTHCARE NHS TRUST,8394,0,4015,466,0,151,3411,0,184,95,0,0,1278,139,3664,0,0,799,,,,,,,2024-01-01,12409,3595,59.4,4463
MSitAE-JANUARY-2024,RC9,NHS ENGLAND EAST OF ENGLAND,BEDFORDSHIRE HOSPITALS NHS FOUNDATION TRUST,15677,0,7769,0,0,1167,6863,0,0,0,0,0,82,15,4897,0,0,2366,,,,,,,2024-01-01,23446,6863,56.2,7263
MSitAE-JANUARY-2024,RD8,NHS ENGLAND EAST OF ENGLAND,MILTON KEYNES UNIVERSITY HOSPITAL NHS FOUNDATION TRUST,7909,0,5108,589,0,130,2925,0,189,217,0,0,941,0,2155,0,0,463,,,,,,,2024-01-01,13017,3114,63.0,2618
MSitAE-JANUARY-2024,RDU,NHS ENGLAND SOUTH EAST,FRIMLEY HEALTH NHS FOUNDATION TRUST,22368,0,4563,0,0,0,10176,0,22,0,0,0,2658,312,6518,0,0,271,,,,,,,2024-01-01,26931,10198,54.5,6789
MSitAE-JANUARY-2024,RGR,NHS ENGLAND EAST OF ENGLAND,WEST SUFFOLK NHS FOUNDATION TRUST,7108,0,684,78,0,0,3143,0,0,0,0,0,342,740,1937,0,0,689,,,,,,,2024-01-01,7792,3143,55.8,2626
MSitAE-JANUARY-2024,RH8,NHS ENGLAND SOUTH WEST,ROYAL DEVON UNIVERSITY HEALTHCARE NHS FOUNDATION TRUST,11174,0,3387,1144,0,58,5132,0,45,420,0,3,938,148,3774,0,0,2358,,,,,,,2024-01-01,14561,5177,54.1,6132
MSitAE-JANUARY-2024,RHM,NHS ENGLAND SOUTH EAST,UNIVERSITY HOSPITAL SOUTHAMPTON NHS FOUNDATION TRUST,11485,1233,0,106,0,0,4182,139,0,26,0,0,704,18,3334,12,0,1590,,,,,,,2024-01-01,12718,4321,63.6,4936
MSitAE-JANUARY-2024,RHQ,NHS ENGLAND NORTH EAST AND YORKSHIRE,SHEFFIELD TEACHING HOSPITALS NHS FOUNDATION TRUST,8948,1123,7000,438,0,1148,4418,0,355,186,0,24,1269,18,3832,0,0,2775,,,,,,,2024-01-01,17071,4773,50.6,6607
MSitAE-JANUARY-2024,RHW,NHS ENGLAND SOUTH EAST,ROYAL BERKSHIRE NHS FOUNDATION TRUST,11657,2142,0,775,0,0,4480,14,0,0,0,0,810,0,2668,0,0,811,,,,,,,2024-01-01,13799,4494,61.6,3479
MSitAE-JANUARY-2024,RJ2,NHS ENGLAND LONDON,LEWISHAM AND GREENWICH NHS TRUST,13771,0,12471,54,0,0,8126,0,1802,20,0,0,1202,993,3593,0,0,1299,,,,,,,2024-01-01,26242,9928,41.0,4892
MSitAE-JANUARY-2024,RNU,NHS ENGLAND SOUTH EAST,OXFORD HEALTH NHS FOUNDATION TRUST,0,0,3472,0,0,0,0,0,370,0,0,0,0,0,0,0,0,0,,,,,,,2024-01-01,3472,370,,0
MSitAE-JANUARY-2024,RP6,NHS ENGLAND LONDON,MOORFIELDS EYE HOSPITAL NHS FOUNDATION TRUST,0,5345,0,0,0,0,0,16,0,0,0,0,0,0,0,4,0,171,,,,,,,2024-01-01,5345,16,,175
MSitAE-JANUARY-2024,RQM,NHS ENGLAND LONDON,CHELSEA AND WESTMINSTER HOSPITAL NHS FOUNDATION TRUST,19383,0,5876,577,0,0,4705,0,260,0,0,0,1108,24,2603,0,0,354,,,,,,,2024-01-01,25259,4965,75.7,2957
MSitAE-JANUARY-2024,RTD,NHS ENGLAND NORTH EAST AND YORKSHIRE,THE NEWCASTLE UPON TYNE HOSPITALS NHS FOUNDATION TRUST,11981,1564,5627,0,0,781,5042,82,0,0,0,0,556,102,3512,8,0,3022,,,,,,,2024-01-01,19172,5124,57.9,6542
MSitAE-JANUARY-2024,RTK,NHS ENGLAND SOUTH EAST,ASHFORD AND ST PETER'S HOSPITALS NHS FOUNDATION TRUST,9823,0,0,0,0,0,4353,0,0,0,0,0,844,215,2579,0,0,436,,,,,,,2024-01-01,9823,4353,55.7,3015
MSitAE-JANUARY-2024,RTQ,NHS ENGLAND SOUTH WEST,GLOUCESTERSHIRE HEALTH AND CARE NHS FOUNDATION TRUST,0,0,6001,0,0,0,0,0,11,0,0,0,0,0,0,0,0,19,,,,,,,2024-01-01,6001,11,,19
MSitAE-JANUARY-2024,RWD,NHS ENGLAND MIDLANDS,UNITED LINCOLNSHIRE HOSPITALS NHS TRUST,9783,0,9568,1,0,0,6616,0,1535,1,0,0,768,1342,4349,0,0,1239,,,,,,,2024-01-01,19351,8151,32.4,5588
MSitAE-JANUARY-2024,RWW,NHS ENGLAND NORTH WEST,WARRINGTON AND HALTON TEACHING HOSPITALS NHS FOUNDATION TRUST,7182,0,3203,210,0,89,3754,0,182,69,0,5,623,904,1841,0,0,248,,,,,,,2024-01-01,10385,3936,47.7,2089
MSitAE-JANUARY-2024,RXG,NHS ENGLAND NORTH EAST AND YORKSHIRE,SOUTH WEST YORKSHIRE PARTNERSHIP NHS FOUNDATION TRUST,0,0,0,0,0,0,0,0,0,0,0,0,0,0,0,0,0,131,,,,,,,2024-01-01,0,0,,131
MSitAE-JANUARY-2024,RY7,NHS ENGLAND NORTH WEST,WIRRAL COMMUNITY HEALTH AND CARE NHS FOUNDATION TRUST,0,0,4400,0,0,0,0,0,228,0,0,0,0,0,0,0,0,0,,,,,,,2024-01-01,4400,228,,0
MSitAE-JANUARY-2024,Y03571,NHS ENGLAND MIDLANDS,CORBY URGENT CARE CENTRE,0,0,8537,0,0,626,0,0,166,0,0,0,0,0,0,0,0,0,,,,,,,2024-01-01,8537,166,,0
MSitAE-JANUARY-2024,AXG,NHS ENGLAND SOUTH WEST,WILTSHIRE HEALTH & CARE,0,0,2182,0,0,39,0,0,22,0,0,0,0,0,0,0,0,0,,,,,,,2024-01-01,2182,22,,0
MSitAE-JANUARY-2024,NNF09,NHS ENGLAND NORTH EAST AND YORKSHIRE,BRANSHOLME HEALTH CENTRE,0,0,4103,0,0,0,0,0,543,0,0,0,0,0,0,0,0,0,,,,,,,2024-01-01,4103,543,,0
MSitAE-JANUARY-2024,NNF76,NHS ENGLAND NORTH EAST AND YORKSHIRE,THE WILBERFORCE HEALTH CENTRE,0,0,3309,0,0,0,0,0,0,0,0,0,0,0,0,0,0,0,,,,,,,2024-01-01,3309,0,,0
MSitAE-JANUARY-2024,NNF94,NHS ENGLAND NORTH EAST AND YORKSHIRE,EAST RIDING COMMUNITY HOSPITAL,0,0,2514,0,0,0,0,0,244,0,0,0,0,0,0,0,0,0,,,,,,,2024-01-01,2514,244,,0
MSitAE-JANUARY-2024,NNFA7,NHS ENGLAND NORTH EAST AND YORKSHIRE,GOOLE & DISTRICT HOSPITAL,0,0,1365,0,0,0,0,0,7,0,0,0,0,0,0,0,0,0,,,,,,,2024-01-01,1365,7,,0
MSitAE-JANUARY-2024,RA2,NHS ENGLAND SOUTH EAST,ROYAL SURREY COUNTY HOSPITAL NHS FOUNDATION TRUST,6393,0,1336,632,0,11,2817,0,0,187,0,0,487,78,2256,0,0,1116,,,,,,,2024-01-01,7729,2817,55.9,3372
MSitAE-JANUARY-2024,RA7,NHS ENGLAND SOUTH WEST,UNIVERSITY HOSPITALS BRISTOL AND WESTON NHS FOUNDATION TRUST,15559,2243,0,0,0,0,6216,77,0,0,0,0,1308,327,5454,7,0,1694,,,,,,,2024-01-01,17802,6293,60.0,7155
MSitAE-JANUARY-2024,RBT,NHS ENGLAND NORTH WEST,MID CHESHIRE HOSPITALS NHS FOUNDATION TRUST,7233,0,2453,97,0,19,3850,0,43,21,0,0,670,655,2546,0,0,1176,,,,,,,2024-01-01,9686,3893,46.8,3722
MSitAE-JANUARY-2024,RCF,NHS ENGLAND NORTH EAST AND YORKSHIRE,AIREDALE NHS FOUNDATION TRUST,5592,247,18,521,0,0,3142,0,0,0,0,0,527,220,1550,0,0,584,,,,,,,2024-01-01,5857,3142,43.8,2134
MSitAE-JANUARY-2024,RCX,NHS ENGLAND EAST OF ENGLAND,"THE QUEEN ELIZABETH HOSPITAL, KING'S LYNN, NHS FOUNDATION TRUST",6366,0,1014,34,0,0,3310,0,0,13,0,0,313,183,2259,0,0,619,,,,,,,2024-01-01,7380,3310,48.0,2878
MSitAE-JANUARY-2024,RDR,NHS ENGLAND SOUTH EAST,SUSSEX COMMUNITY NHS FOUNDATION TRUST,0,0,11743,0,0,0,0,0,141,0,0,0,0,0,0,0,0,0,,,,,,,2024-01-01,11743,141,,0
MSitAE-JANUARY-2024,REM,NHS ENGLAND NORTH WEST,LIVERPOOL UNIVERSITY HOSPITALS NHS FOUNDATION TRUST,17237,262,8327,431,0,0,7739,0,1018,94,0,0,2233,1427,5262,0,0,2497,,,,,,,2024-01-01,25826,8757,55.1,7759
MSitAE-JANUARY-2024,REP,NHS ENGLAND NORTH WEST,LIVERPOOL WOMEN'S NHS FOUNDATION TRUST,0,1343,0,0,157,0,0,199,0,0,0,0,0,0,0,99,0,18,,,,,,,2024-01-01,1343,199,,117
MSitAE-JANUARY-2024,RGN,NHS ENGLAND EAST OF ENGLAND,NORTH WEST ANGLIA NHS FOUNDATION TRUST,12930,0,4464,88,0,414,6522,0,573,32,0,39,569,816,3244,0,127,1684,,,,,,,2024-01-01,17394,7095,49.6,5055
MSitAE-JANUARY-2024,RJE,NHS ENGLAND MIDLANDS,UNIVERSITY HOSPITALS OF NORTH MIDLANDS NHS TRUST,12986,479,7829,575,0,408,7429,0,226,310,0,16,800,1209,6153,0,0,3118,,,,,,,2024-01-01,21294,7655,42.8,9271
MSitAE-JANUARY-2024,RJR,NHS ENGLAND NORTH WEST,COUNTESS OF CHESTER HOSPITAL NHS FOUNDATION TRUST,6378,0,539,0,0,0,3373,0,94,0,0,0,292,652,1636,0,0,1362,,,,,,,2024-01-01,6917,3467,47.1,2998
MSitAE-JANUARY-2024,RK9,NHS ENGLAND SOUTH WEST,UNIVERSITY HOSPITALS PLYMOUTH NHS TRUST,8690,117,4174,0,0,0,5586,0,379,0,0,0,666,746,2629,0,0,1177,,,,,,,2024-01-01,12981,5965,35.7,3806
MSitAE-JANUARY-2024,RKE,NHS ENGLAND LONDON,WHITTINGTON HEALTH NHS TRUST,8704,0,0,0,0,0,3202,0,0,0,0,0,211,440,1013,0,0,49,,,,,,,2024-01-01,8704,3202,63.2,1062
MSitAE-JANUARY-2024,RL1,NHS ENGLAND MIDLANDS,THE ROBERT JONES AND AGNES HUNT ORTHOPAEDIC HOSPITAL NHS FOUNDATION TRUST,0,0,0,0,0,0,0,0,0,0,0,0,0,0,0,0,0,20,,,,,,,2024-01-01,0,0,,20
MSitAE-JANUARY-2024,RL4,NHS ENGLAND MIDLANDS,THE ROYAL WOLVERHAMPTON NHS TRUST,12977,0,6308,167,0,869,4520,0,418,0,0,0,644,541,6126,0,0,954,,,,,,,2024-01-01,19285,4938,65.2,7080
MSitAE-JANUARY-2024,RNN,NHS ENGLAND NORTH EAST AND YORKSHIRE,NORTH CUMBRIA INTEGRATED CARE NHS FOUNDATION TRUST,8478,0,1642,360,0,46,3870,0,18,102,0,0,651,732,2297,0,0,866,,,,,,,2024-01-01,10120,3888,54.4,3163
MSitAE-JANUARY-2024,RRK,NHS ENGLAND MIDLANDS,UNIVERSITY HOSPITALS BIRMINGHAM NHS FOUNDATION TRUST,33224,0,1386,93,0,199,16268,0,12,34,0,0,2408,2453,10470,0,0,7741,,,,,,,2024-01-01,34610,16280,51.0,18211
MSitAE-JANUARY-2024,RTG,NHS ENGLAND MIDLANDS,UNIVERSITY HOSPITALS OF DERBY AND BURTON NHS FOUNDATION TRUST,20504,0,9829,289,0,75,9186,0,55,125,0,3,1079,866,4315,0,7,2351,,,,,,,2024-01-01,30333,9241,55.2,6673
MSitAE-JANUARY-2024,RTR,NHS ENGLAND NORTH EAST AND YORKSHIRE,SOUTH TEES HOSPITALS NHS FOUNDATION TRUST,10307,0,4795,0,0,371,4556,0,368,0,0,12,691,70,2708,0,148,2322,,,,,,,2024-01-01,15102,4924,55.8,5178
MSitAE-JANUARY-2024,RV9,NHS ENGLAND NORTH EAST AND YORKSHIRE,HUMBER TEACHING NHS FOUNDATION TRUST,0,0,1015,0,0,31,0,0,1,0,0,0,0,0,0,0,0,0,,,,,,,2024-01-01,1015,1,,0
MSitAE-JANUARY-2024,RWJ,NHS ENGLAND NORTH WEST,STOCKPORT NHS FOUNDATION TRUST,8798,0,0,684,0,0,3866,0,0,222,0,0,805,603,2632,0,0,772,,,,,,,2024-01-01,8798,3866,56.1,3404
MSitAE-JANUARY-2024,RXN,NHS ENGLAND NORTH WEST,LANCASHIRE TEACHING HOSPITALS NHS FOUNDATION TRUST,12090,0,3997,191,0,123,5247,0,185,41,0,7,1249,505,3127,0,179,1448,,,,,,,2024-01-01,16087,5432,56.6,4754
MSitAE-JANUARY-2024,RXP,NHS ENGLAND NORTH EAST AND YORKSHIRE,COUNTY DURHAM AND DARLINGTON NHS FOUNDATION TRUST,13117,0,4210,0,0,7378,6872,0,0,0,0,0,2302,14,4682,0,0,841,,,,,,,2024-01-01,17327,6872,47.6,5523
MSitAE-JANUARY-2024,RY4,NHS ENGLAND EAST OF ENGLAND,HERTFORDSHIRE COMMUNITY NHS TRUST,0,0,932,0,0,0,0,0,17,0,0,0,0,0,0,0,0,0,,,,,,,2024-01-01,932,17,,0
MSitAE-JANUARY-2024,RYG,NHS ENGLAND MIDLANDS,COVENTRY AND WARWICKSHIRE PARTNERSHIP NHS TRUST,0,0,0,0,0,0,0,0,0,0,0,0,0,0,0,0,6,67,,,,,,,2024-01-01,0,0,,73
MSitAE-JANUARY-2024,RBD,NHS ENGLAND SOUTH WEST,DORSET COUNTY HOSPITAL NHS FOUNDATION TRUST,4319,0,0,291,0,3445,1325,0,0,53,0,11,178,50,2060,0,0,543,,,,,,,2024-01-01,4319,1325,69.3,2603
MSitAE-JANUARY-2024,RBS,NHS ENGLAND NORTH WEST,ALDER HEY CHILDREN'S NHS FOUNDATION TRUST,6405,0,0,0,0,0,1152,0,0,0,0,0,0,0,920,0,0,385,,,,,,,2024-01-01,6405,1152,82.0,1305
MSitAE-JANUARY-2024,RCD,NHS ENGLAND NORTH EAST AND YORKSHIRE,HARROGATE AND DISTRICT NHS FOUNDATION TRUST,4978,0,750,203,0,24,1659,0,0,39,0,0,443,124,1336,0,0,431,,,,,,,2024-01-01,5728,1659,66.7,1767
MSitAE-JANUARY-2024,RCU,NHS ENGLAND NORTH EAST AND YORKSHIRE,SHEFFIELD CHILDREN'S NHS FOUNDATION TRUST,4327,0,451,270,0,30,505,0,0,37,0,1,7,0,966,0,0,93,,,,,,,2024-01-01,4778,505,88.3,1059
MSitAE-JANUARY-2024,RDE,NHS ENGLAND EAST OF ENGLAND,EAST SUFFOLK AND NORTH ESSEX NHS FOUNDATION TRUST,14252,0,12617,310,0,269,7261,0,357,0,0,0,1252,516,5971,0,344,1040,,,,,,,2024-01-01,26869,7618,49.1,7355
MSitAE-JANUARY-2024,RF4,NHS ENGLAND LONDON,"BARKING, HAVERING AND REDBRIDGE UNIVERSITY HOSPITALS NHS TRUST",12768,2424,13676,0,0,0,6303,476,705,0,0,0,731,528,7503,0,0,348,,,,,,,2024-01-01,28868,7484,50.6,7851
MSitAE-JANUARY-2024,RFF,NHS ENGLAND NORTH EAST AND YORKSHIRE,BARNSLEY HOSPITAL NHS FOUNDATION TRUST,8327,0,0,481,0,0,3924,0,0,0,0,0,705,1,2926,0,0,538,,,,,,,2024-01-01,8327,3924,52.9,3464
MSitAE-JANUARY-2024,RFR,NHS ENGLAND NORTH EAST AND YORKSHIRE,THE ROTHERHAM NHS FOUNDATION TRUST,8317,0,0,0,0,0,3712,0,0,0,0,0,935,30,2773,0,0,512,,,,,,,2024-01-01,8317,3712,55.4,3285
MSitAE-JANUARY-2024,RFS,NHS ENGLAND MIDLANDS,CHESTERFIELD ROYAL HOSPITAL NHS FOUNDATION TRUST,6907,0,1539,199,0,120,3006,0,298,58,0,19,895,141,2520,0,312,727,,,,,,,2024-01-01,8446,3304,56.5,3559
MSitAE-JANUARY-2024,RJ1,NHS ENGLAND LONDON,GUY'S AND ST THOMAS' NHS FOUNDATION TRUST,10317,776,6382,0,0,0,3915,0,217,0,0,0,181,34,1977,0,0,252,,,,,,,2024-01-01,17475,4132,62.1,2229
MSitAE-JANUARY-2024,RJC,NHS ENGLAND MIDLANDS,SOUTH WARWICKSHIRE UNIVERSITY NHS FOUNDATION TRUST,7873,0,380,16,0,0,2474,0,0,0,0,0,374,10,2295,0,0,757,,,,,,,2024-01-01,8253,2474,68.6,3052
MSitAE-JANUARY-2024,RJL,NHS ENGLAND NORTH EAST AND YORKSHIRE,NORTHERN LINCOLNSHIRE AND GOOLE NHS FOUNDATION TRUST,15096,0,0,0,0,0,5984,0,0,0,0,0,632,1000,4716,0,0,566,,,,,,,2024-01-01,15096,5984,60.4,5282
MSitAE-JANUARY-2024,RK5,NHS ENGLAND MIDLANDS,SHERWOOD FOREST HOSPITALS NHS FOUNDATION TRUST,10653,0,5295,19,0,135,4980,0,492,10,0,9,831,244,3578,0,1,384,,,,,,,2024-01-01,15948,5472,53.3,3963
MSitAE-JANUARY-2024,RKB,NHS ENGLAND MIDLANDS,UNIVERSITY HOSPITALS COVENTRY AND WARWICKSHIRE NHS TRUST,11496,1825,7436,45,0,135,5822,131,319,26,0,0,333,100,3063,69,94,1716,,,,,,,2024-01-01,20757,6272,49.4,4942
MSitAE-JANUARY-2024,RLT,NHS ENGLAND MIDLANDS,GEORGE ELIOT HOSPITAL NHS TRUST,6696,0,1723,0,0,0,2346,0,41,0,0,0,693,279,998,0,0,24,,,,,,,2024-01-01,8419,2387,65.0,1022
MSitAE-JANUARY-2024,RM1,NHS ENGLAND EAST OF ENGLAND,NORFOLK AND NORWICH UNIVERSITY HOSPITALS NHS FOUNDATION TRUST,11230,0,8968,381,0,0,4555,0,14,99,0,0,849,200,2700,0,0,1685,,,,,,,2024-01-01,20198,4569,59.4,4385
MSitAE-JANUARY-2024,RMP,NHS ENGLAND NORTH WEST,TAMESIDE AND GLOSSOP INTEGRATED CARE NHS FOUNDATION TRUST,8468,0,3249,411,0,197,5128,0,0,0,0,0,680,376,2710,0,0,585,,,,,,,2024-01-01,11717,5128,39.4,3295
MSitAE-JANUARY-2024,RN5,NHS ENGLAND SOUTH EAST,HAMPSHIRE HOSPITALS NHS FOUNDATION TRUST,12022,0,420,0,0,143,4915,0,1,0,0,0,953,131,4186,0,0,1119,,,,,,,2024-01-01,12442,4916,59.1,5305
MSitAE-JANUARY-2024,RNZ,NHS ENGLAND SOUTH WEST,SALISBURY NHS FOUNDATION TRUST,4050,319,1860,320,0,0,1769,0,0,131,0,0,505,6,1280,0,0,819,,,,,,,2024-01-01,6229,1769,56.3,2099
MSitAE-JANUARY-2024,RQW,NHS ENGLAND EAST OF ENGLAND,THE PRINCESS ALEXANDRA HOSPITAL NHS TRUST,8258,0,2055,0,0,915,4633,0,0,0,0,0,654,212,2255,0,0,393,,,,,,,2024-01-01,10313,4633,43.9,2648
MSitAE-JANUARY-2024,RR8,NHS ENGLAND NORTH EAST AND YORKSHIRE,LEEDS TEACHING HOSPITALS NHS TRUST,17277,0,12254,102,0,52,7062,0,37,28,0,0,1626,473,3848,0,0,1238,,,,,,,2024-01-01,29531,7099,59.1,5086
MSitAE-JANUARY-2024,RRF,NHS ENGLAND NORTH WEST,"WRIGHTINGTON, WIGAN AND LEIGH NHS FOUNDATION TRUST",7464,0,5248,0,0,0,4322,0,84,0,0,0,1156,512,2030,0,0,804,,,,,,,2024-01-01,12712,4406,42.1,2834
MSitAE-JANUARY-2024,RTE,NHS ENGLAND SOUTH WEST,GLOUCESTERSHIRE HOSPITALS NHS FOUNDATION TRUST,11962,0,0,258,0,0,5257,0,0,83,0,0,391,974,2788,0,0,1802,,,,,,,2024-01-01,11962,5257,56.1,4590
MSitAE-JANUARY-2024,RVJ,NHS ENGLAND SOUTH WEST,NORTH BRISTOL NHS TRUST,8995,0,0,34,0,0,3305,0,0,9,0,0,838,318,2910,0,0,2034,,,,,,,2024-01-01,8995,3305,63.3,4944
MSitAE-JANUARY-2024,RVV,NHS ENGLAND SOUTH EAST,EAST KENT HOSPITALS UNIVERSITY NHS FOUNDATION TRUST,13343,0,12161,0,0,0,7620,0,346,0,0,0,521,1368,3682,0,488,990,,,,,,,2024-01-01,25504,7966,42.9,5160
MSitAE-JANUARY-2024,RWA,NHS ENGLAND NORTH EAST AND YORKSHIRE,HULL UNIVERSITY TEACHING HOSPITALS NHS TRUST,11274,0,0,0,0,0,6189,0,0,0,0,0,1018,493,3654,0,0,1830,,,,,,,2024-01-01,11274,6189,45.1,5484
MSitAE-JANUARY-2024,RWG,NHS ENGLAND EAST OF ENGLAND,WEST HERTFORDSHIRE TEACHING HOSPITALS NHS TRUST,7892,0,8441,0,0,259,4632,0,426,0,0,0,1761,63,3474,0,0,570,,,,,,,2024-01-01,16333,5058,41.3,4044
MSitAE-JANUARY-2024,RWH,NHS ENGLAND EAST OF ENGLAND,EAST AND NORTH HERTFORDSHIRE NHS TRUST,9395,0,5883,2,0,402,5321,0,10,2,0,0,178,73,2979,0,36,275,,,,,,,2024-01-01,15278,5331,43.4,3290
MSitAE-JANUARY-2024,RWX,NHS ENGLAND SOUTH EAST,BERKSHIRE HEALTHCARE NHS FOUNDATION TRUST,0,0,1390,0,0,0,0,0,8,0,0,0,0,0,0,0,40,52,,,,,,,2024-01-01,1390,8,,92
MSitAE-JANUARY-2024,RXR,NHS ENGLAND NORTH WEST,EAST LANCASHIRE HOSPITALS NHS TRUST,12335,0,8903,0,0,0,4647,0,920,0,0,0,310,1215,3332,0,82,1757,,,,,,,2024-01-01,21238,5567,62.3,5171
MSitAE-JANUARY-2024,RXW,NHS ENGLAND MIDLANDS,THE SHREWSBURY AND TELFORD HOSPITAL NHS TRUST,10020,0,2036,109,0,495,5946,0,270,55,0,10,393,957,2719,0,52,2535,,,,,,,2024-01-01,12056,6216,40.7,5306
MSitAE-JANUARY-2024,RYJ,NHS ENGLAND LONDON,IMPERIAL COLLEGE HEALTHCARE NHS TRUST,11940,3733,6547,0,0,343,5278,38,432,0,0,0,674,164,3618,1,0,1024,,,,,,,2024-01-01,22220,5748,55.8,4643
MSitAE-JANUARY-2024,NR3,NHS ENGLAND MIDLANDS,NOTTINGHAM CITYCARE PARTNERSHIP,0,0,5427,0,0,279,0,0,1094,0,0,0,0,0,0,0,0,0,,,,,,,2024-01-01,5427,1094,,0
MSitAE-JANUARY-2024,R1D,NHS ENGLAND MIDLANDS,SHROPSHIRE COMMUNITY HEALTH NHS TRUST,0,0,2847,0,0,0,0,0,6,0,0,0,0,0,0,0,0,5,,,,,,,2024-01-01,2847,6,,5
MSitAE-JANUARY-2024,R1F,NHS ENGLAND SOUTH EAST,ISLE OF WIGHT NHS TRUST,3752,0,1668,37,0,29,1890,0,0,15,0,0,316,220,1103,0,0,304,,,,,,,2024-01-01,5420,1890,49.6,1407
MSitAE-JANUARY-2024,RAE,NHS ENGLAND NORTH EAST AND YORKSHIRE,BRADFORD TEACHING HOSPITALS NHS FOUNDATION TRUST,9500,0,3298,0,0,0,2306,0,0,0,0,0,658,31,2399,0,141,1522,,,,,,,2024-01-01,12798,2306,75.7,4062
MSitAE-JANUARY-2024,RAJ,NHS ENGLAND EAST OF ENGLAND,MID AND SOUTH ESSEX NHS FOUNDATION TRUST,31336,0,1844,544,0,14,10747,0,144,129,0,1,3319,66,8879,0,185,1210,,,,,,,2024-01-01,33180,10891,65.7,10274
MSitAE-JANUARY-2024,RAP,NHS ENGLAND LONDON,NORTH MIDDLESEX UNIVERSITY HOSPITAL NHS TRUST,8712,507,7033,80,1,95,5140,4,1420,58,0,14,254,900,1589,0,0,191,,,,,,,2024-01-01,16252,6564,41.0,1780
MSitAE-JANUARY-2024,RAS,NHS ENGLAND LONDON,THE HILLINGDON HOSPITALS NHS FOUNDATION TRUST,5900,0,6092,0,0,0,3694,0,134,0,0,0,587,60,2062,0,0,176,,,,,,,2024-01-01,11992,3828,37.4,2238
MSitAE-JANUARY-2024,RCB,NHS ENGLAND NORTH EAST AND YORKSHIRE,YORK AND SCARBOROUGH TEACHING HOSPITALS NHS FOUNDATION TRUST,10691,355,8078,0,0,818,6240,0,285,0,0,0,974,1100,4617,0,0,1667,,,,,,,2024-01-01,19124,6525,41.6,6284
MSitAE-JANUARY-2024,RH5,NHS ENGLAND SOUTH WEST,SOMERSET NHS FOUNDATION TRUST,12542,0,8730,0,0,1,5506,0,347,0,0,0,839,124,3155,0,0,2104,,,,,,,2024-01-01,21272,5853,56.1,5259
MSitAE-JANUARY-2024,RN7,NHS ENGLAND SOUTH EAST,DARTFORD AND GRAVESHAM NHS TRUST,11721,0,3556,0,0,0,4292,0,26,0,0,0,1270,43,3052,0,0,388,,,,,,,2024-01-01,15277,4318,63.4,3440
MSitAE-JANUARY-2024,RWF,NHS ENGLAND SOUTH EAST,MAIDSTONE AND TUNBRIDGE WELLS NHS TRUST,18780,0,2069,753,0,148,3589,0,9,80,0,3,1081,47,5405,0,0,1002,,,,,,,2024-01-01,20849,3598,80.9,6407
MSitAE-JANUARY-2024,RYX,NHS ENGLAND LONDON,CENTRAL LONDON COMMUNITY HEALTHCARE NHS TRUST,0,0,10356,0,0,414,0,0,110,0,0,1,0,0,0,0,0,0,,,,,,,2024-01-01,10356,110,,0
MSitAE-JANUARY-2024,RTX,NHS ENGLAND NORTH WEST,UNIVERSITY HOSPITALS OF MORECAMBE BAY NHS FOUNDATION TRUST,8096,0,3916,156,0,560,3252,0,185,32,0,40,671,509,3098,0,45,970,,,,,,,2024-01-01,12012,3437,59.8,4113
MSitAE-JANUARY-2024,RBN,NHS ENGLAND NORTH WEST,MERSEY AND WEST LANCASHIRE TEACHING HOSPITALS NHS TRUST,17886,0,7799,447,0,0,7912,0,396,84,0,0,504,436,7414,0,0,640,,,,,,,2024-01-01,25685,8308,55.8,8054
MSitAE-JANUARY-2024,DT301,NHS ENGLAND EAST OF ENGLAND,HERTS URGENT CARE (ASCOTS LANE),0,0,2256,0,0,0,0,0,7,0,0,0,0,0,0,0,0,0,,,,,,,2024-01-01,2256,7,,0
MSitAE-JANUARY-2024,NQT51,NHS ENGLAND SOUTH EAST,STATION PLAZA HEALTH CENTRE,0,0,1098,0,0,0,0,0,0,0,0,0,0,0,0,0,0,0,,,,,,,2024-01-01,1098,0,,0
MSitAE-JANUARY-2024,NTP11,NHS ENGLAND SOUTH EAST,PRACTICE PLUS GROUP HOSPITAL - SOUTHAMPTON,0,0,5349,0,0,0,0,0,383,0,0,0,0,0,0,0,0,0,,,,,,,2024-01-01,5349,383,,0
MSitAE-JANUARY-2024,RNA,NHS ENGLAND MIDLANDS,THE DUDLEY GROUP NHS FOUNDATION TRUST,9490,0,4474,155,0,742,4021,0,128,30,0,0,2757,211,3678,0,0,1917,,,,,,,2024-01-01,13964,4149,57.6,5595
MSitAE-JANUARY-2024,RQ3,NHS ENGLAND MIDLANDS,BIRMINGHAM WOMEN'S AND CHILDREN'S NHS FOUNDATION TRUST,5243,0,0,0,0,0,1319,0,0,0,0,0,0,8,921,0,0,215,,,,,,,2024-01-01,5243,1319,74.8,1136
MSitAE-JANUARY-2024,RY2,NHS ENGLAND NORTH WEST,BRIDGEWATER COMMUNITY HEALTHCARE NHS FOUNDATION TRUST,0,0,3421,0,0,172,0,0,476,0,0,12,0,0,0,0,0,0,,,,,,,2024-01-01,3421,476,,0
MSitAE-JANUARY-2024,RD1,NHS ENGLAND SOUTH WEST,ROYAL UNITED HOSPITALS BATH NHS FOUNDATION TRUST,8434,0,0,0,0,0,3529,0,0,0,0,0,777,21,2556,0,6,1687,,,,,,,2024-01-01,8434,3529,58.2,4249
MSitAE-JANUARY-2024,RJ7,NHS ENGLAND LONDON,ST GEORGE'S UNIVERSITY HOSPITALS NHS FOUNDATION TRUST,8682,0,3098,867,0,0,3728,0,0,177,0,0,588,626,2616,0,0,753,,,,,,,2024-01-01,11780,3728,57.1,3369
MSitAE-JANUARY-2024,RN3,NHS ENGLAND SOUTH WEST,GREAT WESTERN HOSPITALS NHS FOUNDATION TRUST,5402,0,5511,0,0,247,2639,0,320,0,0,2,479,102,2419,0,0,1522,,,,,,,2024-01-01,10913,2959,51.1,3941
MSitAE-JANUARY-2024,RP5,NHS ENGLAND NORTH EAST AND YORKSHIRE,DONCASTER AND BASSETLAW TEACHING HOSPITALS NHS FOUNDATION TRUST,13313,0,3651,0,0,0,6491,0,0,0,0,0,1253,383,3470,0,451,1151,,,,,,,2024-01-01,16964,6491,51.2,5072
MSitAE-JANUARY-2024,RPA,NHS ENGLAND SOUTH EAST,MEDWAY NHS FOUNDATION TRUST,8279,0,7001,318,0,1201,3429,0,1428,89,0,0,293,953,2201,0,0,1155,,,,,,,2024-01-01,15280,4857,58.6,3356
MSitAE-JANUARY-2024,RTH,NHS ENGLAND SOUTH EAST,OXFORD UNIVERSITY HOSPITALS NHS FOUNDATION TRUST,11721,1839,465,1448,0,126,5158,0,9,489,0,0,1086,0,4299,152,21,4502,,,,,,,2024-01-01,14025,5167,56.0,8974
MSitAE-JANUARY-2024,Y02147,NHS ENGLAND LONDON,URGENT CARE CENTRE (QMS),0,0,8087,0,0,439,0,0,152,0,0,3,0,0,0,0,0,0,,,,,,,2024-01-01,8087,152,,0
MSitAE-JANUARY-2024,Y04538,NHS ENGLAND SOUTH EAST,BRACKNELL URGENT CARE CENTRE WIC,0,0,2338,0,0,0,0,0,43,0,0,0,0,0,0,0,0,0,,,,,,,2024-01-01,2338,43,,0
MSitAE-JANUARY-2024,R0A,NHS ENGLAND NORTH WEST,MANCHESTER UNIVERSITY NHS FOUNDATION TRUST,24536,3187,11847,3235,475,889,12407,108,1149,1519,10,177,3890,710,5662,166,159,426,,,,,,,2024-01-01,39570,13664,49.4,6413
MSitAE-JANUARY-2024,R1K,NHS ENGLAND LONDON,LONDON NORTH WEST UNIVERSITY HEALTHCARE NHS TRUST,13197,0,14655,0,0,0,6939,0,274,0,0,0,886,657,6866,0,0,646,,,,,,,2024-01-01,27852,7213,47.4,7512
MSitAE-JANUARY-2024,RAL,NHS ENGLAND LONDON,ROYAL FREE LONDON NHS FOUNDATION TRUST,17338,0,9177,0,0,0,8391,0,586,0,0,0,1112,1038,4118,0,0,561,,,,,,,2024-01-01,26515,8977,51.6,4679
MSitAE-JANUARY-2024,RJ6,NHS ENGLAND LONDON,CROYDON HEALTH SERVICES NHS TRUST,13012,0,5222,4,0,0,5076,0,0,2,0,0,398,746,1406,0,0,133,,,,,,,2024-01-01,18234,5076,61.0,1539
MSitAE-JANUARY-2024,RM3,NHS ENGLAND NORTH WEST,NORTHERN CARE ALLIANCE NHS FOUNDATION TRUST,24625,0,7423,0,0,0,12569,0,394,0,0,0,1418,862,6892,0,457,1798,,,,,,,2024-01-01,32048,12963,49.0,9147
MSitAE-JANUARY-2024,RMC,NHS ENGLAND NORTH WEST,BOLTON NHS FOUNDATION TRUST,7849,0,3321,25,0,23,4365,0,651,14,0,6,366,757,2058,0,128,705,,,,,,,2024-01-01,11170,5016,44.4,2891
MSitAE-JANUARY-2024,RBL,NHS ENGLAND NORTH WEST,WIRRAL UNIVERSITY TEACHING HOSPITAL NHS FOUNDATION TRUST,7892,0,2922,146,0,195,4209,0,50,66,0,1,405,915,2085,0,0,1736,,,,,,,2024-01-01,10814,4259,46.7,3821
MSitAE-JANUARY-2024,RHU,NHS ENGLAND SOUTH EAST,PORTSMOUTH HOSPITALS UNIVERSITY NATIONAL HEALTH SERVICE TRUST,9616,767,2631,1214,0,796,5325,6,58,615,0,12,1757,89,3536,0,0,2335,,,,,,,2024-01-01,13014,5389,44.6,5871
MSitAE-JANUARY-2024,RX1,NHS ENGLAND MIDLANDS,NOTTINGHAM UNIVERSITY HOSPITALS NHS TRUST,14774,1769,235,486,0,0,8296,160,7,280,0,0,684,902,3838,0,0,3958,,,,,,,2024-01-01,16778,8463,43.8,7796
MSitAE-JANUARY-2024,NLX,NHS ENGLAND SOUTH WEST,SIRONA CARE & HEALTH,0,0,7636,0,0,203,0,0,313,0,0,49,0,0,0,0,0,0,,,,,,,2024-01-01,7636,313,,0
MSitAE-JANUARY-2024,RVR,NHS ENGLAND LONDON,EPSOM AND ST HELIER UNIVERSITY HOSPITALS NHS TRUST,12672,277,0,326,0,0,3072,1,0,35,0,0,213,811,1949,2,0,125,,,,,,,2024-01-01,12949,3073,75.8,2076
MSitAE-JANUARY-2024,RXC,NHS ENGLAND SOUTH EAST,EAST SUSSEX HEALTHCARE NHS TRUST,9286,0,2360,815,0,1152,3849,0,48,0,0,0,327,1,3762,0,0,559,,,,,,,2024-01-01,11646,3897,58.6,4321
MSitAE-JANUARY-2024,RTF,NHS ENGLAND NORTH EAST AND YORKSHIRE,NORTHUMBRIA HEALTHCARE NHS FOUNDATION TRUST,10131,0,11264,0,0,0,2889,0,3,0,0,0,95,6,4908,0,64,1671,,,,,,,2024-01-01,21395,2892,71.5,6643
MSitAE-JANUARY-2024,RA9,NHS ENGLAND SOUTH WEST,TORBAY AND SOUTH DEVON NHS FOUNDATION TRUST,6015,0,2746,354,0,5,3048,0,10,158,0,0,422,126,2103,0,0,1210,,,,,,,2024-01-01,8761,3058,49.3,3313
MSitAE-JANUARY-2024,G0Q0L,NHS ENGLAND LONDON,BARKING HOSPITAL UTC,0,0,2737,0,0,0,0,0,66,0,0,0,0,0,0,0,0,0,,,,,,,2024-01-01,2737,66,,0
MSitAE-JANUARY-2024,K6K0R,NHS ENGLAND LONDON,HAROLD WOOD POLYCLINIC UTC,0,0,2829,0,0,0,0,0,70,0,0,0,0,0,0,0,0,0,,,,,,,2024-01-01,2829,70,,0
MSitAE-JULY-2023,RJ8,NHS ENGLAND SOUTH WEST,CORNWALL PARTNERSHIP NHS FOUNDATION TRUST,0,0,0,0,0,0,0,0,0,0,0,0,0,0,0,0,9,51,,,,,,,2023-07-01,0,0,,60
MSitAE-JULY-2023,Y00751,NHS ENGLAND SOUTH EAST,EAST BERKS PRIMARY CARE OOH(WAM),0,0,0,0,0,0,0,0,0,0,0,0,0,0,0,0,0,0,,,,,,,2023-07-01,0,0,,0
MSitAE-JULY-2023,Y02532,NHS ENGLAND NORTH WEST,MIRIAM MINOR EMERGENCY,0,0,1687,0,0,0,0,0,1,0,0,0,0,0,0,0,0,0,,,,,,,2023-07-01,1687,1,,0
MSitAE-JULY-2023,AQN04,NHS ENGLAND SOUTH EAST,PHL LYMINGTON UTC,0,0,3047,0,0,25,0,0,37,0,0,0,0,0,0,0,0,0,,,,,,,2023-07-01,3047,37,,0
MSitAE-JULY-2023,C82038,NHS ENGLAND MIDLANDS,LATHAM HOUSE MEDICAL PRACTICE,0,0,340,0,0,0,0,0,0,0,0,0,0,0,0,0,0,0,,,,,,,2023-07-01,340,0,,0
MSitAE-JULY-2023,L83087,NHS ENGLAND SOUTH WEST,OKEHAMPTON MEDICAL CENTRE,0,0,111,0,0,0,0,0,0,0,0,0,0,0,0,0,0,0,,,,,,,2023-07-01,111,0,,0
MSitAE-JULY-2023,NQT51,NHS ENGLAND SOUTH EAST,STATION PLAZA HEALTH CENTRE,0,0,1768,0,0,0,0,0,0,0,0,0,0,0,0,0,0,0,,,,,,,2023-07-01,1768,0,,0
MSitAE-JULY-2023,NQT5F,NHS ENGLAND NORTH WEST,SKELMERSDALE WALK IN CENTRE,0,0,1906,0,0,0,0,0,6,0,0,0,0,0,0,0,0,0,,,,,,,2023-07-01,1906,6,,0
MSitAE-JULY-2023,NQT5H,NHS ENGLAND SOUTH WEST,PAULTON MEMORIAL HOSPITAL,0,0,858,0,0,0,0,0,10,0,0,0,0,0,0,0,0,0,,,,,,,2023-07-01,858,10,,0
MSitAE-JULY-2023,NQTE4,NHS ENGLAND MIDLANDS,SUMMERFIELD URGENT CARE CENTRE,0,0,3995,0,0,0,0,0,0,0,0,0,0,0,0,0,0,0,,,,,,,2023-07-01,3995,0,,0
MSitAE-JULY-2023,RGP,NHS ENGLAND EAST OF ENGLAND,JAMES PAGET UNIVERSITY HOSPITALS NHS FOUNDATION TRUST,7224,0,1153,144,0,0,2513,0,0,40,0,0,448,95,1607,0,0,487,,,,,,,2023-07-01,8377,2513,65.2,2094
MSitAE-JULY-2023,RPC,NHS ENGLAND SOUTH EAST,QUEEN VICTORIA HOSPITAL NHS FOUNDATION TRUST,0,0,1691,0,0,0,0,0,9,0,0,0,0,0,0,0,4,540,,,,,,,2023-07-01,1691,9,,544
MSitAE-JULY-2023,RXF,NHS ENGLAND NORTH EAST AND YORKSHIRE,MID YORKSHIRE TEACHING NHS TRUST,17003,0,6115,124,0,19,6240,0,570,23,0,0,1391,9,3976,0,185,862,,,,,,,2023-07-01,23118,6810,63.3,5023
MSitAE-JULY-2023,AAH,NHS ENGLAND SOUTH WEST,TETBURY HOSPITAL TRUST LTD,0,0,416,0,0,0,0,0,0,0,0,0,0,0,0,0,0,0,,,,,,,2023-07-01,416,0,,0
MSitAE-JULY-2023,NL7,NHS ENGLAND MIDLANDS,ASSURA VERTIS URGENT CARE CENTRES (BIRMINGHAM),0,0,4822,0,0,0,0,0,0,0,0,0,0,0,0,0,0,0,,,,,,,2023-07-01,4822,0,,0
MSitAE-JULY-2023,RFF,NHS ENGLAND NORTH EAST AND YORKSHIRE,BARNSLEY HOSPITAL NHS FOUNDATION TRUST,8473,0,0,397,0,0,2901,0,0,0,0,0,404,0,2556,0,0,472,,,,,,,2023-07-01,8473,2901,65.8,3028
MSitAE-JULY-2023,RR7,NHS ENGLAND NORTH EAST AND YORKSHIRE,GATESHEAD HEALTH NHS FOUNDATION TRUST,6160,0,3510,17,0,33,2701,0,31,6,0,1,877,11,1626,0,0,776,,,,,,,2023-07-01,9670,2732,56.2,2402
MSitAE-JULY-2023,RWY,NHS ENGLAND NORTH EAST AND YORKSHIRE,CALDERDALE AND HUDDERSFIELD NHS FOUNDATION TRUST,14907,0,0,0,0,0,4380,0,0,0,0,0,1006,0,2943,0,0,923,,,,,,,2023-07-01,14907,4380,70.6,3866
MSitAE-JULY-2023,RY4,NHS ENGLAND EAST OF ENGLAND,HERTFORDSHIRE COMMUNITY NHS TRUST,0,0,1114,0,0,0,0,0,84,0,0,0,0,0,0,0,0,0,,,,,,,2023-07-01,1114,84,,0
MSitAE-JULY-2023,NTPAD,NHS ENGLAND SOUTH EAST,PRACTICE PLUS GROUP SURGICAL CENTRE - ST MARYS PORTSMOUTH,0,0,5278,0,0,324,0,0,65,0,0,3,0,0,0,0,0,0,,,,,,,2023-07-01,5278,65,,0
MSitAE-JULY-2023,NTV0B,NHS ENGLAND SOUTH EAST,ASHFORD WALK-IN-CENTRE,0,0,2610,0,0,0,0,0,96,0,0,0,0,0,0,0,0,0,,,,,,,2023-07-01,2610,96,,0
MSitAE-JULY-2023,NTV0W,NHS ENGLAND SOUTH EAST,WOKING WALK IN CENTRE,0,0,2910,0,0,0,0,0,93,0,0,0,0,0,0,0,0,0,,,,,,,2023-07-01,2910,93,,0
MSitAE-JULY-2023,RF4,NHS ENGLAND LONDON,"BARKING, HAVERING AND REDBRIDGE UNIVERSITY HOSPITALS NHS TRUST",11606,2580,11948,0,0,0,5658,485,3480,0,0,0,558,310,6828,0,0,396,,,,,,,2023-07-01,26134,9623,51.2,7224
MSitAE-JULY-2023,RJN,NHS ENGLAND NORTH WEST,EAST CHESHIRE NHS TRUST,4325,0,0,54,0,20,1563,0,0,0,0,0,219,44,949,0,0,183,,,,,,,2023-07-01,4325,1563,63.9,1132
MSitAE-JULY-2023,RQX,NHS ENGLAND LONDON,HOMERTON HEALTHCARE NHS FOUNDATION TRUST,10368,0,0,34,0,0,2287,0,0,0,0,0,182,23,1681,0,0,181,,,,,,,2023-07-01,10368,2287,77.9,1862
MSitAE-JULY-2023,RW4,NHS ENGLAND NORTH WEST,MERSEY CARE NHS FOUNDATION TRUST,0,0,11600,0,0,0,0,0,213,0,0,0,0,0,0,0,0,82,,,,,,,2023-07-01,11600,213,,82
MSitAE-JULY-2023,Y02676,NHS ENGLAND SOUTH EAST,BRIGHTON STATION HEALTH CENTRE,0,0,1668,0,0,0,0,0,1,0,0,0,0,0,0,0,0,0,,,,,,,2023-07-01,1668,1,,0
MSitAE-JULY-2023,ACH01,NHS ENGLAND SOUTH EAST,WHITSTABLE MEDICAL PRACTICE,0,0,4855,0,0,0,0,0,0,0,0,0,0,0,0,0,0,0,,,,,,,2023-07-01,4855,0,,0
MSitAE-JULY-2023,AD913,NHS ENGLAND LONDON,BECKENHAM BEACON UCC,0,0,3390,0,0,277,0,0,51,0,0,0,0,0,0,0,0,0,,,,,,,2023-07-01,3390,51,,0
MSitAE-JULY-2023,AJN,NHS ENGLAND NORTH EAST AND YORKSHIRE,WORKINGTON HEALTH LIMITED,0,0,460,0,0,0,0,0,0,0,0,0,0,0,0,0,0,0,,,,,,,2023-07-01,460,0,,0
MSitAE-JULY-2023,NTP11,NHS ENGLAND SOUTH EAST,PRACTICE PLUS GROUP HOSPITAL - SOUTHAMPTON,0,0,5414,0,0,0,0,0,72,0,0,0,0,0,0,0,0,0,,,,,,,2023-07-01,5414,72,,0
MSitAE-JULY-2023,RAE,NHS ENGLAND NORTH EAST AND YORKSHIRE,BRADFORD TEACHING HOSPITALS NHS FOUNDATION TRUST,9239,0,2928,0,0,0,2886,0,0,0,0,0,784,5,2848,0,128,1462,,,,,,,2023-07-01,12167,2886,68.8,4438
MSitAE-JULY-2023,RK5,NHS ENGLAND MIDLANDS,SHERWOOD FOREST HOSPITALS NHS FOUNDATION TRUST,10548,0,5235,31,0,107,3383,0,270,8,0,3,433,32,3285,0,0,397,,,,,,,2023-07-01,15783,3653,67.9,3682
MSitAE-JULY-2023,RWE,NHS ENGLAND MIDLANDS,UNIVERSITY HOSPITALS OF LEICESTER NHS TRUST,19384,1855,0,0,0,0,8185,82,0,0,0,0,1394,654,5130,6,0,3293,,,,,,,2023-07-01,21239,8267,57.8,8429
MSitAE-JULY-2023,Y02428,NHS ENGLAND EAST OF ENGLAND,PUTNOE WALK IN CENTRE,0,0,2358,0,0,0,0,0,0,0,0,0,0,0,0,0,0,0,,,,,,,2023-07-01,2358,0,,0
MSitAE-JULY-2023,RJC,NHS ENGLAND MIDLANDS,SOUTH WARWICKSHIRE UNIVERSITY NHS FOUNDATION TRUST,7358,0,361,16,0,0,1838,0,0,0,0,0,189,0,2118,0,0,603,,,,,,,2023-07-01,7719,1838,75.0,2721
MSitAE-JULY-2023,RY5,NHS ENGLAND MIDLANDS,LINCOLNSHIRE COMMUNITY HEALTH SERVICES NHS TRUST,0,0,9203,0,0,0,0,0,380,0,0,0,0,0,0,0,0,0,,,,,,,2023-07-01,9203,380,,0
MSitAE-JULY-2023,RYF,NHS ENGLAND SOUTH WEST,SOUTH WESTERN AMBULANCE SERVICE NHS FOUNDATION TRUST,0,0,1795,0,0,0,0,0,178,0,0,0,0,0,0,0,0,0,,,,,,,2023-07-01,1795,178,,0
MSitAE-JULY-2023,RYY,NHS ENGLAND SOUTH EAST,KENT COMMUNITY HEALTH NHS FOUNDATION TRUST,0,0,9583,0,0,0,0,0,96,0,0,0,0,0,0,0,0,0,,,,,,,2023-07-01,9583,96,,0
MSitAE-JULY-2023,Y02147,NHS ENGLAND LONDON,URGENT CARE CENTRE (QMS),0,0,7406,0,0,494,0,0,204,0,0,1,0,0,0,0,0,0,,,,,,,2023-07-01,7406,204,,0
MSitAE-JULY-2023,NDA57,NHS ENGLAND SOUTH EAST,HASLEMERE MINOR INJURIES UNIT,0,0,1554,0,0,14,0,0,0,0,0,0,0,0,0,0,0,0,,,,,,,2023-07-01,1554,0,,0
MSitAE-JULY-2023,NR3,NHS ENGLAND MIDLANDS,NOTTINGHAM CITYCARE PARTNERSHIP,0,0,4979,0,0,256,0,0,364,0,0,1,0,0,0,0,0,0,,,,,,,2023-07-01,4979,364,,0
MSitAE-JULY-2023,RA2,NHS ENGLAND SOUTH EAST,ROYAL SURREY COUNTY HOSPITAL NHS FOUNDATION TRUST,6345,0,0,467,0,0,2052,0,0,103,0,0,229,3,2288,0,0,1006,,,,,,,2023-07-01,6345,2052,67.7,3294
MSitAE-JULY-2023,RBD,NHS ENGLAND SOUTH WEST,DORSET COUNTY HOSPITAL NHS FOUNDATION TRUST,4670,0,0,296,0,3857,1740,0,0,84,0,4,145,18,1532,0,0,430,,,,,,,2023-07-01,4670,1740,62.7,1962
MSitAE-JULY-2023,RCF,NHS ENGLAND NORTH EAST AND YORKSHIRE,AIREDALE NHS FOUNDATION TRUST,5756,328,12,424,0,0,2335,0,0,0,0,0,168,0,1457,0,0,608,,,,,,,2023-07-01,6096,2335,59.4,2065
MSitAE-JULY-2023,RCU,NHS ENGLAND NORTH EAST AND YORKSHIRE,SHEFFIELD CHILDREN'S NHS FOUNDATION TRUST,4224,0,214,267,0,23,261,0,0,13,0,0,3,0,835,0,0,98,,,,,,,2023-07-01,4438,261,93.8,933
MSitAE-JULY-2023,REM,NHS ENGLAND NORTH WEST,LIVERPOOL UNIVERSITY HOSPITALS NHS FOUNDATION TRUST,17012,223,8224,356,0,0,7622,0,321,68,0,0,2053,1254,5216,0,0,1982,,,,,,,2023-07-01,25459,7943,55.2,7198
MSitAE-JULY-2023,RJ1,NHS ENGLAND LONDON,GUY'S AND ST THOMAS' NHS FOUNDATION TRUST,12749,882,2508,0,0,1992,4213,0,8,0,0,0,23,44,3508,0,0,911,,,,,,,2023-07-01,16139,4221,67.0,4419
MSitAE-JULY-2023,RJZ,NHS ENGLAND LONDON,KING'S COLLEGE HOSPITAL NHS FOUNDATION TRUST,14846,0,8269,86,0,1289,6777,0,793,27,0,273,1566,286,3938,0,0,498,,,,,,,2023-07-01,23115,7570,54.4,4436
MSitAE-JULY-2023,RL4,NHS ENGLAND MIDLANDS,THE ROYAL WOLVERHAMPTON NHS TRUST,12881,0,6456,0,0,856,4014,0,235,0,0,0,722,21,6061,0,0,863,,,,,,,2023-07-01,19337,4249,68.8,6924
MSitAE-JULY-2023,RNZ,NHS ENGLAND SOUTH WEST,SALISBURY NHS FOUNDATION TRUST,4219,313,1747,248,0,0,1210,0,0,75,0,0,304,1,1301,0,0,772,,,,,,,2023-07-01,6279,1210,71.3,2073
MSitAE-JULY-2023,RP6,NHS ENGLAND LONDON,MOORFIELDS EYE HOSPITAL NHS FOUNDATION TRUST,0,6144,0,0,0,0,0,51,0,0,0,0,0,0,0,6,0,219,,,,,,,2023-07-01,6144,51,,225
MSitAE-JULY-2023,RTP,NHS ENGLAND SOUTH EAST,SURREY AND SUSSEX HEALTHCARE NHS TRUST,10243,0,0,0,0,0,2764,0,0,0,0,0,723,139,3053,0,0,801,,,,,,,2023-07-01,10243,2764,73.0,3854
MSitAE-JULY-2023,RWA,NHS ENGLAND NORTH EAST AND YORKSHIRE,HULL UNIVERSITY TEACHING HOSPITALS NHS TRUST,11137,0,0,0,0,0,5158,0,0,0,0,0,803,127,3306,0,0,1839,,,,,,,2023-07-01,11137,5158,53.7,5145
MSitAE-JULY-2023,RXL,NHS ENGLAND NORTH WEST,BLACKPOOL TEACHING HOSPITALS NHS FOUNDATION TRUST,8808,0,11249,220,0,211,4109,0,24,46,0,0,555,856,2513,0,0,1473,,,,,,,2023-07-01,20057,4133,53.3,3986
MSitAE-JULY-2023,RXQ,NHS ENGLAND SOUTH EAST,BUCKINGHAMSHIRE HEALTHCARE NHS TRUST,9026,1176,3365,0,0,0,3555,0,139,0,0,0,358,123,3853,791,0,1140,,,,,,,2023-07-01,13567,3694,60.6,5784
MSitAE-JULY-2023,Y02615,NHS ENGLAND MIDLANDS,SOUTH BIRMINGHAM GP WALK IN CENTRE,0,0,7199,0,0,0,0,0,0,0,0,0,0,0,0,0,0,0,,,,,,,2023-07-01,7199,0,,0
MSitAE-JULY-2023,Y04538,NHS ENGLAND SOUTH EAST,BRACKNELL URGENT CARE CENTRE WIC,0,0,2815,0,0,0,0,0,67,0,0,0,0,0,0,0,0,0,,,,,,,2023-07-01,2815,67,,0
MSitAE-JULY-2023,AXG,NHS ENGLAND SOUTH WEST,WILTSHIRE HEALTH & CARE,0,0,2373,0,0,53,0,0,74,0,0,1,0,0,0,0,0,0,,,,,,,2023-07-01,2373,74,,0
MSitAE-JULY-2023,C83023,NHS ENGLAND MIDLANDS,SLEAFORD MEDICAL GROUP,0,0,558,0,0,0,0,0,0,0,0,0,0,0,0,0,0,11,,,,,,,2023-07-01,558,0,,11
MSitAE-JULY-2023,NNF09,NHS ENGLAND NORTH EAST AND YORKSHIRE,BRANSHOLME HEALTH CENTRE,0,0,3843,0,0,0,0,0,775,0,0,0,0,0,0,0,0,0,,,,,,,2023-07-01,3843,775,,0
MSitAE-JULY-2023,NNF76,NHS ENGLAND NORTH EAST AND YORKSHIRE,THE WILBERFORCE HEALTH CENTRE,0,0,2783,0,0,0,0,0,0,0,0,0,0,0,0,0,0,0,,,,,,,2023-07-01,2783,0,,0
MSitAE-JULY-2023,NNF94,NHS ENGLAND NORTH EAST AND YORKSHIRE,EAST RIDING COMMUNITY HOSPITAL,0,0,2978,0,0,0,0,0,409,0,0,0,0,0,0,0,0,0,,,,,,,2023-07-01,2978,409,,0
MSitAE-JULY-2023,NNFA7,NHS ENGLAND NORTH EAST AND YORKSHIRE,GOOLE & DISTRICT HOSPITAL,0,0,1547,0,0,0,0,0,16,0,0,0,0,0,0,0,0,0,,,,,,,2023-07-01,1547,16,,0
MSitAE-JULY-2023,NNJ07,NHS ENGLAND MIDLANDS,LOUGHBOROUGH URGENT CARE CENTRE,0,0,4983,0,0,494,0,0,17,0,0,0,0,0,0,0,0,0,,,,,,,2023-07-01,4983,17,,0
MSitAE-JULY-2023,NNJ0H,NHS ENGLAND MIDLANDS,LLR EA - THE MERLYN VAZ HEALTH & SOCIAL CARE CENTRE,0,0,176,0,0,1454,0,0,0,0,0,0,0,0,0,0,0,0,,,,,,,2023-07-01,176,0,,0
MSitAE-JULY-2023,NNJ12,NHS ENGLAND MIDLANDS,MARKET HARBOROUGH,0,0,108,0,0,336,0,0,0,0,0,0,0,0,0,0,0,0,,,,,,,2023-07-01,108,0,,0
MSitAE-JULY-2023,NNJ13,NHS ENGLAND MIDLANDS,MELTON MOWBRAY,0,0,59,0,0,384,0,0,0,0,0,0,0,0,0,0,0,0,,,,,,,2023-07-01,59,0,,0
MSitAE-JULY-2023,NNJ14,NHS ENGLAND MIDLANDS,OADBY,0,0,852,0,0,1492,0,0,0,0,0,0,0,0,0,0,0,0,,,,,,,2023-07-01,852,0,,0
MSitAE-JULY-2023,NNJ15,NHS ENGLAND MIDLANDS,OAKHAM,0,0,59,0,0,315,0,0,0,0,0,0,0,0,0,0,0,0,,,,,,,2023-07-01,59,0,,0
MSitAE-JULY-2023,NNJ,NHS ENGLAND MIDLANDS,DHU HEALTH CARE C.I.C,0,0,1962,0,0,0,0,0,1,0,0,0,0,0,0,0,0,0,,,,,,,2023-07-01,1962,1,,0
MSitAE-JULY-2023,R0A,NHS ENGLAND NORTH WEST,MANCHESTER UNIVERSITY NHS FOUNDATION TRUST,21357,3395,14496,2062,427,1193,8899,148,1672,710,9,335,2851,91,5558,184,330,505,,,,,,,2023-07-01,39248,10719,58.3,6577
MSitAE-JULY-2023,R1D,NHS ENGLAND MIDLANDS,SHROPSHIRE COMMUNITY HEALTH NHS TRUST,0,0,3581,0,0,0,0,0,8,0,0,0,0,0,0,0,0,3,,,,,,,2023-07-01,3581,8,,3
MSitAE-JULY-2023,RAN,NHS ENGLAND LONDON,ROYAL NATIONAL ORTHOPAEDIC HOSPITAL NHS TRUST,0,0,0,0,0,0,0,0,0,0,0,0,0,0,0,0,0,31,,,,,,,2023-07-01,0,0,,31
MSitAE-JULY-2023,RAX,NHS ENGLAND LONDON,KINGSTON HOSPITAL NHS FOUNDATION TRUST,6820,0,2894,0,0,0,2889,0,132,0,0,0,307,88,1845,0,136,527,,,,,,,2023-07-01,9714,3021,57.6,2508
MSitAE-JULY-2023,RBK,NHS ENGLAND MIDLANDS,WALSALL HEALTHCARE NHS TRUST,7904,0,4007,296,0,135,2933,0,46,59,0,0,618,47,3147,0,0,741,,,,,,,2023-07-01,11911,2979,62.9,3888
MSitAE-JULY-2023,RBV,NHS ENGLAND NORTH WEST,THE CHRISTIE NHS FOUNDATION TRUST,0,0,0,0,0,0,0,0,0,0,0,0,0,0,0,0,0,642,,,,,,,2023-07-01,0,0,,642
MSitAE-JULY-2023,RCB,NHS ENGLAND NORTH EAST AND YORKSHIRE,YORK AND SCARBOROUGH TEACHING HOSPITALS NHS FOUNDATION TRUST,10221,375,8838,0,0,416,5519,0,382,0,0,10,894,255,4212,6,0,1437,,,,,,,2023-07-01,19434,5901,46.0,5655
MSitAE-JULY-2023,RDU,NHS ENGLAND SOUTH EAST,FRIMLEY HEALTH NHS FOUNDATION TRUST,21913,0,0,0,0,0,8055,0,0,0,0,0,1351,0,5867,0,0,313,,,,,,,2023-07-01,21913,8055,63.2,6180
MSitAE-JULY-2023,RFR,NHS ENGLAND NORTH EAST AND YORKSHIRE,THE ROTHERHAM NHS FOUNDATION TRUST,8025,0,0,0,0,0,2905,0,0,0,0,0,387,0,2886,0,0,655,,,,,,,2023-07-01,8025,2905,63.8,3541
MSitAE-JULY-2023,RGN,NHS ENGLAND EAST OF ENGLAND,NORTH WEST ANGLIA NHS FOUNDATION TRUST,12740,0,4535,41,0,401,5061,0,485,14,0,22,558,530,3099,0,107,1315,,,,,,,2023-07-01,17275,5546,60.3,4521
MSitAE-JULY-2023,RGR,NHS ENGLAND EAST OF ENGLAND,WEST SUFFOLK NHS FOUNDATION TRUST,7033,0,658,240,0,0,2286,0,0,0,0,0,425,115,1907,0,0,583,,,,,,,2023-07-01,7691,2286,67.5,2490
MSitAE-JULY-2023,RH5,NHS ENGLAND SOUTH WEST,SOMERSET NHS FOUNDATION TRUST,12677,0,9085,0,0,0,4244,0,279,0,0,0,308,3,3287,0,0,1470,,,,,,,2023-07-01,21762,4523,66.5,4757
MSitAE-JULY-2023,RH8,NHS ENGLAND SOUTH WEST,ROYAL DEVON UNIVERSITY HEALTHCARE NHS FOUNDATION TRUST,12107,0,3093,1089,0,45,5526,0,51,409,0,3,669,28,3743,0,0,2164,,,,,,,2023-07-01,15200,5577,54.4,5907
MSitAE-JULY-2023,RJR,NHS ENGLAND NORTH WEST,COUNTESS OF CHESTER HOSPITAL NHS FOUNDATION TRUST,6692,0,431,0,0,0,2953,0,7,0,0,0,496,594,1568,0,0,966,,,,,,,2023-07-01,7123,2960,55.9,2534
MSitAE-JULY-2023,RL1,NHS ENGLAND MIDLANDS,THE ROBERT JONES AND AGNES HUNT ORTHOPAEDIC HOSPITAL NHS FOUNDATION TRUST,0,0,0,0,0,0,0,0,0,0,0,0,0,0,0,0,0,27,,,,,,,2023-07-01,0,0,,27
MSitAE-JULY-2023,RLQ,NHS ENGLAND MIDLANDS,WYE VALLEY NHS TRUST,5753,0,0,183,0,0,2527,0,0,67,0,0,145,178,1605,0,0,554,,,,,,,2023-07-01,5753,2527,56.1,2159
MSitAE-JULY-2023,RN7,NHS ENGLAND SOUTH EAST,DARTFORD AND GRAVESHAM NHS TRUST,11017,0,3597,0,0,0,3134,0,59,0,0,0,653,1,2776,0,0,390,,,,,,,2023-07-01,14614,3193,71.6,3166
MSitAE-JULY-2023,RP5,NHS ENGLAND NORTH EAST AND YORKSHIRE,DONCASTER AND BASSETLAW TEACHING HOSPITALS NHS FOUNDATION TRUST,13323,0,3922,0,0,0,5486,0,1,0,0,0,989,38,3654,0,441,1156,,,,,,,2023-07-01,17245,5487,58.8,5251
MSitAE-JULY-2023,RQW,NHS ENGLAND EAST OF ENGLAND,THE PRINCESS ALEXANDRA HOSPITAL NHS TRUST,9331,0,0,1097,0,0,4642,0,0,0,0,0,568,92,2066,0,0,387,,,,,,,2023-07-01,9331,4642,50.3,2453
MSitAE-JULY-2023,RRV,NHS ENGLAND LONDON,UNIVERSITY COLLEGE LONDON HOSPITALS NHS FOUNDATION TRUST,12120,0,0,554,0,0,3360,0,0,0,0,0,191,34,1417,0,0,285,,,,,,,2023-07-01,12120,3360,72.3,1702
MSitAE-JULY-2023,RTD,NHS ENGLAND NORTH EAST AND YORKSHIRE,THE NEWCASTLE UPON TYNE HOSPITALS NHS FOUNDATION TRUST,11839,1562,5413,0,0,681,4086,80,0,0,0,0,296,8,3299,14,0,2845,,,,,,,2023-07-01,18814,4166,65.5,6158
MSitAE-JULY-2023,RVW,NHS ENGLAND NORTH EAST AND YORKSHIRE,NORTH TEES AND HARTLEPOOL NHS FOUNDATION TRUST,4368,0,11195,0,0,0,2201,0,150,0,0,0,93,1,1515,0,469,2101,,,,,,,2023-07-01,15563,2351,49.6,4085
MSitAE-JULY-2023,RW1,NHS ENGLAND SOUTH EAST,SOUTHERN HEALTH NHS FOUNDATION TRUST,0,0,2885,0,0,0,0,0,31,0,0,0,0,0,0,0,8,139,,,,,,,2023-07-01,2885,31,,147
MSitAE-JULY-2023,RWP,NHS ENGLAND MIDLANDS,WORCESTERSHIRE ACUTE HOSPITALS NHS TRUST,12466,0,6100,169,0,0,6052,0,25,59,0,0,816,295,3320,0,0,1334,,,,,,,2023-07-01,18566,6077,51.5,4654
MSitAE-JULY-2023,RWW,NHS ENGLAND NORTH WEST,WARRINGTON AND HALTON TEACHING HOSPITALS NHS FOUNDATION TRUST,7292,0,2930,260,0,124,3265,0,99,74,0,3,1028,406,2312,0,0,222,,,,,,,2023-07-01,10222,3364,55.2,2534
MSitAE-JULY-2023,RXG,NHS ENGLAND NORTH EAST AND YORKSHIRE,SOUTH WEST YORKSHIRE PARTNERSHIP NHS FOUNDATION TRUST,0,0,0,0,0,0,0,0,0,0,0,0,0,0,0,0,0,123,,,,,,,2023-07-01,0,0,,123
MSitAE-JULY-2023,RY7,NHS ENGLAND NORTH WEST,WIRRAL COMMUNITY HEALTH AND CARE NHS FOUNDATION TRUST,0,0,4549,0,0,0,0,0,186,0,0,0,0,0,0,0,0,0,,,,,,,2023-07-01,4549,186,,0
MSitAE-JULY-2023,RYX,NHS ENGLAND LONDON,CENTRAL LONDON COMMUNITY HEALTHCARE NHS TRUST,0,0,9260,0,0,0,0,0,217,0,0,0,0,0,0,0,0,0,,,,,,,2023-07-01,9260,217,,0
MSitAE-JULY-2023,NDJ,NHS ENGLAND SOUTH EAST,FIRST COMMUNITY HEALTH AND CARE CIC,0,0,2504,0,0,0,0,0,0,0,0,0,0,0,0,0,0,0,,,,,,,2023-07-01,2504,0,,0
MSitAE-JULY-2023,R1K,NHS ENGLAND LONDON,LONDON NORTH WEST UNIVERSITY HEALTHCARE NHS TRUST,12727,0,13780,214,0,0,5659,0,166,93,0,0,406,96,6703,0,0,1330,,,,,,,2023-07-01,26507,5825,55.5,8033
MSitAE-JULY-2023,RA7,NHS ENGLAND SOUTH WEST,UNIVERSITY HOSPITALS BRISTOL AND WESTON NHS FOUNDATION TRUST,13943,2232,0,0,0,0,3871,117,0,0,0,0,572,34,4594,10,0,1328,,,,,,,2023-07-01,16175,3988,72.2,5932
MSitAE-JULY-2023,RA9,NHS ENGLAND SOUTH WEST,TORBAY AND SOUTH DEVON NHS FOUNDATION TRUST,6856,0,3440,103,0,0,3669,0,90,47,0,0,617,56,2147,0,0,1188,,,,,,,2023-07-01,10296,3759,46.5,3335
MSitAE-JULY-2023,RAP,NHS ENGLAND LONDON,NORTH MIDDLESEX UNIVERSITY HOSPITAL NHS TRUST,8538,498,6049,397,0,0,3908,3,606,105,0,0,471,545,1554,0,0,139,,,,,,,2023-07-01,15085,4517,54.2,1693
MSitAE-JULY-2023,RBQ,NHS ENGLAND NORTH WEST,LIVERPOOL HEART AND CHEST HOSPITAL NHS FOUNDATION TRUST,0,0,0,0,0,0,0,0,0,0,0,0,0,0,0,0,0,180,,,,,,,2023-07-01,0,0,,180
MSitAE-JULY-2023,RDR,NHS ENGLAND SOUTH EAST,SUSSEX COMMUNITY NHS FOUNDATION TRUST,0,0,12505,0,0,0,0,0,92,0,0,0,0,0,0,0,0,0,,,,,,,2023-07-01,12505,92,,0
MSitAE-JULY-2023,REF,NHS ENGLAND SOUTH WEST,ROYAL CORNWALL HOSPITALS NHS TRUST,6862,0,12765,0,0,0,3605,0,519,0,0,0,569,435,2254,0,35,1187,,,,,,,2023-07-01,19627,4124,47.5,3476
MSitAE-JULY-2023,RQ3,NHS ENGLAND MIDLANDS,BIRMINGHAM WOMEN'S AND CHILDREN'S NHS FOUNDATION TRUST,4625,0,0,0,0,0,413,0,0,0,0,0,0,0,885,0,0,215,,,,,,,2023-07-01,4625,413,91.1,1100
MSitAE-JULY-2023,RQM,NHS ENGLAND LONDON,CHELSEA AND WESTMINSTER HOSPITAL NHS FOUNDATION TRUST,19016,0,9115,453,0,0,5331,0,174,0,0,0,463,35,2513,0,0,346,,,,,,,2023-07-01,28131,5505,72.0,2859
MSitAE-JULY-2023,RRK,NHS ENGLAND MIDLANDS,UNIVERSITY HOSPITALS BIRMINGHAM NHS FOUNDATION TRUST,32888,0,1621,0,0,0,16169,0,38,0,0,0,3828,1097,11075,0,1,4891,,,,,,,2023-07-01,34509,16207,50.8,15967
MSitAE-JULY-2023,RTG,NHS ENGLAND MIDLANDS,UNIVERSITY HOSPITALS OF DERBY AND BURTON NHS FOUNDATION TRUST,15247,0,14339,244,0,96,7677,0,685,83,0,3,860,168,4099,0,199,2249,,,,,,,2023-07-01,29586,8362,49.6,6547
MSitAE-JULY-2023,RTQ,NHS ENGLAND SOUTH WEST,GLOUCESTERSHIRE HEALTH AND CARE NHS FOUNDATION TRUST,0,0,6679,0,0,0,0,0,10,0,0,0,0,0,0,0,0,24,,,,,,,2023-07-01,6679,10,,24
MSitAE-JULY-2023,RVV,NHS ENGLAND SOUTH EAST,EAST KENT HOSPITALS UNIVERSITY NHS FOUNDATION TRUST,11944,0,11653,92,0,0,5791,0,268,36,0,0,653,769,4379,0,506,1647,,,,,,,2023-07-01,23597,6059,51.5,6532
MSitAE-JULY-2023,RWD,NHS ENGLAND MIDLANDS,UNITED LINCOLNSHIRE HOSPITALS NHS TRUST,12602,0,5824,2,0,0,7230,0,689,1,0,0,1150,697,4123,0,0,1011,,,,,,,2023-07-01,18426,7919,42.6,5134
MSitAE-JULY-2023,RXC,NHS ENGLAND SOUTH EAST,EAST SUSSEX HEALTHCARE NHS TRUST,9363,0,2283,865,0,977,3436,0,46,0,0,0,93,0,3447,0,0,536,,,,,,,2023-07-01,11646,3482,63.3,3983
MSitAE-JULY-2023,RXK,NHS ENGLAND MIDLANDS,SANDWELL AND WEST BIRMINGHAM HOSPITALS NHS TRUST,14711,1365,9230,766,0,0,7029,206,272,199,0,0,1404,73,2909,0,0,388,,,,,,,2023-07-01,25306,7507,52.2,3297
MSitAE-JULY-2023,RXW,NHS ENGLAND MIDLANDS,THE SHREWSBURY AND TELFORD HOSPITAL NHS TRUST,10753,0,2099,80,0,341,6153,0,210,23,0,4,479,859,2668,0,54,2090,,,,,,,2023-07-01,12852,6363,42.8,4812
MSitAE-JULY-2023,RYR,NHS ENGLAND SOUTH EAST,UNIVERSITY HOSPITALS SUSSEX NHS FOUNDATION TRUST,24184,1482,2768,1452,0,556,9134,14,197,415,0,15,1067,516,8263,30,41,1269,,,,,,,2023-07-01,28434,9345,62.2,9603
MSitAE-JULY-2023,ARN03,NHS ENGLAND NORTH EAST AND YORKSHIRE,LOCAL CARE DIRECT,0,0,2334,0,0,209,0,0,0,0,0,0,0,0,0,0,0,0,,,,,,,2023-07-01,2334,0,,0
MSitAE-JULY-2023,C82009,NHS ENGLAND MIDLANDS,MARKET HARBOROUGH MED.CTR,0,0,296,0,0,0,0,0,0,0,0,0,0,0,0,0,0,0,,,,,,,2023-07-01,296,0,,0
MSitAE-JULY-2023,R1H,NHS ENGLAND LONDON,BARTS HEALTH NHS TRUST,24175,803,17883,0,0,0,9604,9,3085,0,0,0,1423,268,5376,0,0,1132,,,,,,,2023-07-01,42861,12698,60.3,6508
MSitAE-JULY-2023,RAJ,NHS ENGLAND EAST OF ENGLAND,MID AND SOUTH ESSEX NHS FOUNDATION TRUST,30584,0,1608,898,0,108,9202,0,79,196,0,6,2644,11,8324,0,260,1288,,,,,,,2023-07-01,32192,9281,69.9,9872
MSitAE-JULY-2023,RAS,NHS ENGLAND LONDON,THE HILLINGDON HOSPITALS NHS FOUNDATION TRUST,5596,0,6039,1,0,0,3143,0,48,1,0,0,519,35,1674,0,0,412,,,,,,,2023-07-01,11635,3191,43.8,2086
MSitAE-JULY-2023,RAT,NHS ENGLAND LONDON,NORTH EAST LONDON NHS FOUNDATION TRUST,0,0,2305,0,0,0,0,0,67,0,0,0,0,0,0,0,0,0,,,,,,,2023-07-01,2305,67,,0
MSitAE-JULY-2023,RBT,NHS ENGLAND NORTH WEST,MID CHESHIRE HOSPITALS NHS FOUNDATION TRUST,6996,0,2608,82,0,15,3382,0,12,17,0,1,760,210,2417,0,0,1028,,,,,,,2023-07-01,9604,3394,51.7,3445
MSitAE-JULY-2023,RC9,NHS ENGLAND EAST OF ENGLAND,BEDFORDSHIRE HOSPITALS NHS FOUNDATION TRUST,15825,0,6525,0,0,1095,5614,0,0,0,0,0,80,0,4523,0,0,2130,,,,,,,2023-07-01,22350,5614,64.5,6653
MSitAE-JULY-2023,RCD,NHS ENGLAND NORTH EAST AND YORKSHIRE,HARROGATE AND DISTRICT NHS FOUNDATION TRUST,4859,0,937,101,0,42,1057,0,0,24,0,0,69,1,1250,0,0,421,,,,,,,2023-07-01,5796,1057,78.2,1671
MSitAE-JULY-2023,RD8,NHS ENGLAND EAST OF ENGLAND,MILTON KEYNES UNIVERSITY HOSPITAL NHS FOUNDATION TRUST,7961,0,4911,470,0,123,3007,0,148,168,0,0,693,0,1951,0,0,323,,,,,,,2023-07-01,12872,3155,62.2,2274
MSitAE-JULY-2023,RDY,NHS ENGLAND SOUTH WEST,DORSET HEALTHCARE UNIVERSITY NHS FOUNDATION TRUST,0,0,0,0,0,0,0,0,0,0,0,0,0,0,0,0,2,2,,,,,,,2023-07-01,0,0,,4
MSitAE-JULY-2023,REP,NHS ENGLAND NORTH WEST,LIVERPOOL WOMEN'S NHS FOUNDATION TRUST,0,1209,0,0,132,0,0,112,0,0,0,0,0,0,0,79,0,12,,,,,,,2023-07-01,1209,112,,91
MSitAE-JULY-2023,RGT,NHS ENGLAND EAST OF ENGLAND,CAMBRIDGE UNIVERSITY HOSPITALS NHS FOUNDATION TRUST,10187,0,6339,116,0,54,4923,0,69,50,0,0,562,99,2870,0,23,461,,,,,,,2023-07-01,16526,4992,51.7,3354
MSitAE-JULY-2023,RHM,NHS ENGLAND SOUTH EAST,UNIVERSITY HOSPITAL SOUTHAMPTON NHS FOUNDATION TRUST,11227,1348,0,99,0,0,4011,75,0,32,0,0,157,8,3235,13,3248,1369,,,,,,,2023-07-01,12575,4086,64.3,7865
MSitAE-JULY-2023,RHQ,NHS ENGLAND NORTH EAST AND YORKSHIRE,SHEFFIELD TEACHING HOSPITALS NHS FOUNDATION TRUST,8991,1204,7036,375,0,719,4198,0,373,175,0,13,948,10,3303,0,0,2998,,,,,,,2023-07-01,17231,4571,53.3,6301
MSitAE-JULY-2023,RHU,NHS ENGLAND SOUTH EAST,PORTSMOUTH HOSPITALS UNIVERSITY NATIONAL HEALTH SERVICE TRUST,9450,725,2823,1261,0,709,4944,7,29,613,0,8,1674,24,3681,0,0,2376,,,,,,,2023-07-01,12998,4980,47.7,6057
MSitAE-JULY-2023,RJ2,NHS ENGLAND LONDON,LEWISHAM AND GREENWICH NHS TRUST,12782,0,11800,53,0,0,6161,0,1293,8,0,0,894,324,3540,0,0,1221,,,,,,,2023-07-01,24582,7454,51.8,4761
MSitAE-JULY-2023,RJ6,NHS ENGLAND LONDON,CROYDON HEALTH SERVICES NHS TRUST,12644,0,4363,0,0,0,4323,0,0,0,0,0,545,233,1439,0,0,122,,,,,,,2023-07-01,17007,4323,65.8,1561
MSitAE-JULY-2023,RKB,NHS ENGLAND MIDLANDS,UNIVERSITY HOSPITALS COVENTRY AND WARWICKSHIRE NHS TRUST,11364,1764,7044,46,0,117,5009,138,136,21,0,2,252,2,2656,88,72,1522,,,,,,,2023-07-01,20172,5283,55.9,4338
MSitAE-JULY-2023,RKE,NHS ENGLAND LONDON,WHITTINGTON HEALTH NHS TRUST,8609,0,0,0,0,0,2842,0,0,0,0,0,234,281,975,0,0,41,,,,,,,2023-07-01,8609,2842,67.0,1016
MSitAE-JULY-2023,RLT,NHS ENGLAND MIDLANDS,GEORGE ELIOT HOSPITAL NHS TRUST,6070,0,1560,149,0,155,1928,0,18,0,0,0,529,0,966,0,0,22,,,,,,,2023-07-01,7630,1946,68.2,988
MSitAE-JULY-2023,RM1,NHS ENGLAND EAST OF ENGLAND,NORFOLK AND NORWICH UNIVERSITY HOSPITALS NHS FOUNDATION TRUST,10951,0,8010,551,0,1,4045,0,1,128,0,0,908,357,2367,0,0,1576,,,,,,,2023-07-01,18961,4046,63.1,3943
MSitAE-JULY-2023,RMP,NHS ENGLAND NORTH WEST,TAMESIDE AND GLOSSOP INTEGRATED CARE NHS FOUNDATION TRUST,7960,0,2335,338,0,112,3143,0,0,0,0,0,374,15,2376,0,0,148,,,,,,,2023-07-01,10295,3143,60.5,2524
MSitAE-JULY-2023,RN5,NHS ENGLAND SOUTH EAST,HAMPSHIRE HOSPITALS NHS FOUNDATION TRUST,12379,0,349,0,0,212,3635,0,1,0,0,0,489,6,4028,0,0,1086,,,,,,,2023-07-01,12728,3636,70.6,5114
MSitAE-JULY-2023,RNA,NHS ENGLAND MIDLANDS,THE DUDLEY GROUP NHS FOUNDATION TRUST,9399,0,4947,149,0,641,3779,0,37,43,0,0,928,69,3385,0,0,1748,,,,,,,2023-07-01,14346,3816,59.8,5133
MSitAE-JULY-2023,RNN,NHS ENGLAND NORTH EAST AND YORKSHIRE,NORTH CUMBRIA INTEGRATED CARE NHS FOUNDATION TRUST,9042,0,2101,270,0,2,3475,0,4,72,0,0,631,216,2333,0,0,714,,,,,,,2023-07-01,11143,3479,61.6,3047
MSitAE-JULY-2023,RNS,NHS ENGLAND MIDLANDS,NORTHAMPTON GENERAL HOSPITAL NHS TRUST,8646,588,1895,236,0,86,3717,11,96,56,0,1,553,410,1895,0,0,1364,,,,,,,2023-07-01,11129,3824,57.0,3259
MSitAE-JULY-2023,RNU,NHS ENGLAND SOUTH EAST,OXFORD HEALTH NHS FOUNDATION TRUST,0,0,3994,0,0,0,0,0,226,0,0,0,0,0,0,0,0,0,,,,,,,2023-07-01,3994,226,,0
MSitAE-JULY-2023,RPA,NHS ENGLAND SOUTH EAST,MEDWAY NHS FOUNDATION TRUST,8380,0,6548,287,0,1433,3114,0,1166,96,0,0,672,343,2187,0,0,927,,,,,,,2023-07-01,14928,4280,62.8,3114
MSitAE-JULY-2023,RR8,NHS ENGLAND NORTH EAST AND YORKSHIRE,LEEDS TEACHING HOSPITALS NHS TRUST,16784,0,10975,94,0,17,7099,0,22,25,0,0,1529,62,3734,0,0,1118,,,,,,,2023-07-01,27759,7121,57.7,4852
MSitAE-JULY-2023,RTE,NHS ENGLAND SOUTH WEST,GLOUCESTERSHIRE HOSPITALS NHS FOUNDATION TRUST,12571,0,0,166,0,0,4728,0,0,49,0,0,585,712,2590,0,0,1441,,,,,,,2023-07-01,12571,4728,62.4,4031
MSitAE-JULY-2023,RTF,NHS ENGLAND NORTH EAST AND YORKSHIRE,NORTHUMBRIA HEALTHCARE NHS FOUNDATION TRUST,9375,0,11316,0,0,0,1192,0,9,0,0,0,20,0,4967,0,48,1434,,,,,,,2023-07-01,20691,1201,87.3,6449
MSitAE-JULY-2023,RV9,NHS ENGLAND NORTH EAST AND YORKSHIRE,HUMBER TEACHING NHS FOUNDATION TRUST,0,0,1101,0,0,50,0,0,2,0,0,0,0,0,0,0,0,0,,,,,,,2023-07-01,1101,2,,0
MSitAE-JULY-2023,RVJ,NHS ENGLAND SOUTH WEST,NORTH BRISTOL NHS TRUST,8823,0,0,89,0,0,2524,0,0,17,0,0,535,12,2964,0,0,1764,,,,,,,2023-07-01,8823,2524,71.4,4728
MSitAE-JULY-2023,RWJ,NHS ENGLAND NORTH WEST,STOCKPORT NHS FOUNDATION TRUST,8909,0,0,691,0,0,3082,0,0,192,0,0,850,101,2881,0,0,660,,,,,,,2023-07-01,8909,3082,65.4,3541
MSitAE-JULY-2023,RXN,NHS ENGLAND NORTH WEST,LANCASHIRE TEACHING HOSPITALS NHS FOUNDATION TRUST,11831,0,3911,174,0,65,3997,0,78,33,0,2,1154,152,2969,0,185,1445,,,,,,,2023-07-01,15742,4075,66.2,4599
MSitAE-JULY-2023,RY2,NHS ENGLAND NORTH WEST,BRIDGEWATER COMMUNITY HEALTHCARE NHS FOUNDATION TRUST,0,0,3148,0,0,141,0,0,86,0,0,7,0,0,0,0,0,0,,,,,,,2023-07-01,3148,86,,0
MSitAE-JULY-2023,RYG,NHS ENGLAND MIDLANDS,COVENTRY AND WARWICKSHIRE PARTNERSHIP NHS TRUST,0,0,0,0,0,0,0,0,0,0,0,0,0,0,0,0,5,60,,,,,,,2023-07-01,0,0,,65
MSitAE-JULY-2023,Y03571,NHS ENGLAND MIDLANDS,CORBY URGENT CARE CENTRE,0,0,8094,0,0,613,0,0,53,0,0,0,0,0,0,0,0,0,,,,,,,2023-07-01,8094,53,,0
MSitAE-JULY-2023,R1F,NHS ENGLAND SOUTH EAST,ISLE OF WIGHT NHS TRUST,3928,0,2444,24,0,26,1946,0,48,14,0,0,385,474,1094,0,0,239,,,,,,,2023-07-01,6372,1994,50.5,1333
MSitAE-JULY-2023,RBS,NHS ENGLAND NORTH WEST,ALDER HEY CHILDREN'S NHS FOUNDATION TRUST,5051,0,0,0,0,0,462,0,0,0,0,0,0,0,941,0,0,187,,,,,,,2023-07-01,5051,462,90.9,1128
MSitAE-JULY-2023,RCX,NHS ENGLAND EAST OF ENGLAND,"THE QUEEN ELIZABETH HOSPITAL, KING'S LYNN, NHS FOUNDATION TRUST",6565,0,824,119,0,0,2393,0,0,22,0,0,634,283,2072,0,0,591,,,,,,,2023-07-01,7389,2393,63.5,2663
MSitAE-JULY-2023,RD1,NHS ENGLAND SOUTH WEST,ROYAL UNITED HOSPITALS BATH NHS FOUNDATION TRUST,7895,0,0,0,0,0,3369,0,0,0,0,0,452,5,2432,0,2,1414,,,,,,,2023-07-01,7895,3369,57.3,3848
MSitAE-JULY-2023,RHW,NHS ENGLAND SOUTH EAST,ROYAL BERKSHIRE NHS FOUNDATION TRUST,11958,2418,0,488,0,0,3575,17,0,0,0,0,264,0,2386,1,0,801,,,,,,,2023-07-01,14376,3592,70.1,3188
MSitAE-JULY-2023,RNQ,NHS ENGLAND MIDLANDS,KETTERING GENERAL HOSPITAL NHS FOUNDATION TRUST,9196,0,0,311,0,0,4301,0,0,0,0,0,1156,0,1928,0,0,147,,,,,,,2023-07-01,9196,4301,53.2,2075
MSitAE-JULY-2023,RRF,NHS ENGLAND NORTH WEST,"WRIGHTINGTON, WIGAN AND LEIGH NHS FOUNDATION TRUST",7236,0,5084,0,0,0,3692,0,52,0,0,0,1126,298,2206,0,0,908,,,,,,,2023-07-01,12320,3744,49.0,3114
MSitAE-JULY-2023,RTX,NHS ENGLAND NORTH WEST,UNIVERSITY HOSPITALS OF MORECAMBE BAY NHS FOUNDATION TRUST,8042,0,4143,150,0,481,2685,0,154,40,0,4,514,275,2902,0,19,863,,,,,,,2023-07-01,12185,2839,66.6,3784
MSitAE-JULY-2023,RWG,NHS ENGLAND EAST OF ENGLAND,WEST HERTFORDSHIRE TEACHING HOSPITALS NHS TRUST,7634,0,7093,0,0,1172,4365,0,165,0,0,33,1197,0,3100,0,0,740,,,,,,,2023-07-01,14727,4530,42.8,3840
MSitAE-JULY-2023,RWH,NHS ENGLAND EAST OF ENGLAND,EAST AND NORTH HERTFORDSHIRE NHS TRUST,9473,0,5235,12,0,375,5250,0,2,6,0,1,145,3,2732,0,0,272,,,,,,,2023-07-01,14708,5252,44.6,3004
MSitAE-JULY-2023,RY9,NHS ENGLAND LONDON,HOUNSLOW AND RICHMOND COMMUNITY HEALTHCARE NHS TRUST,0,0,5037,0,0,0,0,0,2,0,0,0,0,0,0,0,0,0,,,,,,,2023-07-01,5037,2,,0
MSitAE-JULY-2023,RYJ,NHS ENGLAND LONDON,IMPERIAL COLLEGE HEALTHCARE NHS TRUST,12464,4109,7081,0,0,0,5028,25,131,0,0,0,629,50,3200,0,0,1197,,,,,,,2023-07-01,23654,5184,59.7,4397
MSitAE-JULY-2023,RJL,NHS ENGLAND NORTH EAST AND YORKSHIRE,NORTHERN LINCOLNSHIRE AND GOOLE NHS FOUNDATION TRUST,14605,0,0,0,0,0,5355,0,0,0,0,0,882,542,4370,0,0,534,,,,,,,2023-07-01,14605,5355,63.3,4904
MSitAE-JULY-2023,RTK,NHS ENGLAND SOUTH EAST,ASHFORD AND ST PETER'S HOSPITALS NHS FOUNDATION TRUST,9314,0,0,0,0,0,3439,0,0,0,0,0,542,3,2832,0,0,474,,,,,,,2023-07-01,9314,3439,63.1,3306
MSitAE-JULY-2023,RXP,NHS ENGLAND NORTH EAST AND YORKSHIRE,COUNTY DURHAM AND DARLINGTON NHS FOUNDATION TRUST,13057,0,4216,0,0,6316,6488,0,0,0,0,0,1666,1,4131,0,0,733,,,,,,,2023-07-01,17273,6488,50.3,4864
MSitAE-JULY-2023,RWF,NHS ENGLAND SOUTH EAST,MAIDSTONE AND TUNBRIDGE WELLS NHS TRUST,18183,0,2485,0,0,0,2730,0,16,0,0,0,690,2,5813,0,0,1062,,,,,,,2023-07-01,20668,2746,85.0,6875
MSitAE-JULY-2023,DD401,NHS ENGLAND SOUTH WEST,EXMOUTH MINOR INJURY UNIT,0,0,1406,0,0,0,0,0,0,0,0,0,0,0,0,0,0,0,,,,,,,2023-07-01,1406,0,,0
MSitAE-JULY-2023,DT301,NHS ENGLAND EAST OF ENGLAND,HERTS URGENT CARE (ASCOTS LANE),0,0,2498,0,0,0,0,0,16,0,0,0,0,0,0,0,0,0,,,,,,,2023-07-01,2498,16,,0
MSitAE-JULY-2023,R0B,NHS ENGLAND NORTH EAST AND YORKSHIRE,SOUTH TYNESIDE AND SUNDERLAND NHS FOUNDATION TRUST,11421,1535,5909,372,0,1078,4546,13,171,156,0,18,557,2,4343,26,0,1147,,,,,,,2023-07-01,18865,4730,60.2,5516
MSitAE-JULY-2023,RET,NHS ENGLAND NORTH WEST,THE WALTON CENTRE NHS FOUNDATION TRUST,0,0,0,0,0,0,0,0,0,0,0,0,0,0,0,0,0,155,,,,,,,2023-07-01,0,0,,155
MSitAE-JULY-2023,RJE,NHS ENGLAND MIDLANDS,UNIVERSITY HOSPITALS OF NORTH MIDLANDS NHS TRUST,13217,514,7778,586,0,317,6425,0,152,231,0,2,1051,692,5935,0,0,2774,,,,,,,2023-07-01,21509,6577,51.4,8709
MSitAE-JULY-2023,RY8,NHS ENGLAND MIDLANDS,DERBYSHIRE COMMUNITY HEALTH SERVICES NHS FOUNDATION TRUST,0,0,7840,0,0,1427,0,0,2,0,0,1,0,0,0,0,0,0,,,,,,,2023-07-01,7840,2,,0
MSitAE-JULY-2023,RJ7,NHS ENGLAND LONDON,ST GEORGE'S UNIVERSITY HOSPITALS NHS FOUNDATION TRUST,8127,0,3389,843,0,0,2601,0,0,118,0,0,437,376,2564,0,0,756,,,,,,,2023-07-01,11516,2601,68.0,3320
MSitAE-JULY-2023,RK9,NHS ENGLAND SOUTH WEST,UNIVERSITY HOSPITALS PLYMOUTH NHS TRUST,8969,273,4428,0,0,1,5423,1,440,0,0,0,591,185,2917,0,0,1159,,,,,,,2023-07-01,13670,5864,39.5,4076
MSitAE-JULY-2023,RM3,NHS ENGLAND NORTH WEST,NORTHERN CARE ALLIANCE NHS FOUNDATION TRUST,24962,0,6971,0,0,0,10220,0,246,0,0,0,1413,360,6793,0,372,1737,,,,,,,2023-07-01,31933,10466,59.1,8902
MSitAE-JULY-2023,RAL,NHS ENGLAND LONDON,ROYAL FREE LONDON NHS FOUNDATION TRUST,15073,0,9896,0,0,0,6028,0,870,0,0,0,954,218,4484,0,0,537,,,,,,,2023-07-01,24969,6898,60.0,5021
MSitAE-JULY-2023,RBL,NHS ENGLAND NORTH WEST,WIRRAL UNIVERSITY TEACHING HOSPITAL NHS FOUNDATION TRUST,7958,0,2691,146,0,215,3960,0,50,51,0,2,761,243,2108,0,0,1516,,,,,,,2023-07-01,10649,4010,50.2,3624
MSitAE-JULY-2023,RWX,NHS ENGLAND SOUTH EAST,BERKSHIRE HEALTHCARE NHS FOUNDATION TRUST,0,0,1365,0,0,0,0,0,9,0,0,0,0,0,0,0,43,0,,,,,,,2023-07-01,1365,9,,43
MSitAE-JULY-2023,Y03218,NHS ENGLAND LONDON,THE PINN UNREGISTERED WIC,0,0,842,0,0,0,0,0,0,0,0,0,0,0,0,0,0,0,,,,,,,2023-07-01,842,0,,0
MSitAE-JULY-2023,8J094,NHS ENGLAND MIDLANDS,BADGER LTD,0,0,0,0,0,2158,0,0,0,0,0,0,0,0,0,0,0,0,,,,,,,2023-07-01,0,0,,0
MSitAE-JULY-2023,NV693,NHS ENGLAND NORTH WEST,ROSSENDALE MIU & OOH,0,0,972,0,0,0,0,0,0,0,0,0,0,0,0,0,0,0,,,,,,,2023-07-01,972,0,,0
MSitAE-JULY-2023,RN3,NHS ENGLAND SOUTH WEST,GREAT WESTERN HOSPITALS NHS FOUNDATION TRUST,5347,0,4951,0,0,301,2356,0,204,0,0,5,402,81,2245,0,0,1537,,,,,,,2023-07-01,10298,2560,55.9,3782
MSitAE-JULY-2023,RTH,NHS ENGLAND SOUTH EAST,OXFORD UNIVERSITY HOSPITALS NHS FOUNDATION TRUST,11491,1884,467,1195,0,97,4373,0,9,380,0,1,456,0,3739,121,11,4018,,,,,,,2023-07-01,13842,4382,61.9,7889
MSitAE-JULY-2023,RXR,NHS ENGLAND NORTH WEST,EAST LANCASHIRE HOSPITALS NHS TRUST,11809,0,7738,0,0,0,4297,0,665,0,0,0,380,1071,3121,0,70,1752,,,,,,,2023-07-01,19547,4962,63.6,4943
MSitAE-JULY-2023,Y03007,NHS ENGLAND MIDLANDS,ERDINGTON GP HEALTH & WELLBEING WIC,0,0,0,0,0,2379,0,0,0,0,0,0,0,0,0,0,0,0,,,,,,,2023-07-01,0,0,,0
MSitAE-JULY-2023,R0D,NHS ENGLAND SOUTH WEST,UNIVERSITY HOSPITALS DORSET NHS FOUNDATION TRUST,13691,0,3828,22,0,0,6994,0,0,7,0,0,119,4,3993,3,0,2229,,,,,,,2023-07-01,17519,6994,48.9,6225
MSitAE-JULY-2023,RMC,NHS ENGLAND NORTH WEST,BOLTON NHS FOUNDATION TRUST,9723,0,1537,53,0,18,3604,0,258,15,0,0,516,539,2077,0,89,665,,,,,,,2023-07-01,11260,3862,62.9,2831
MSitAE-JULY-2023,RTR,NHS ENGLAND NORTH EAST AND YORKSHIRE,SOUTH TEES HOSPITALS NHS FOUNDATION TRUST,10439,0,5121,0,0,398,4066,0,292,0,0,20,932,15,2468,0,135,1950,,,,,,,2023-07-01,15560,4358,61.0,4553
MSitAE-JULY-2023,RVR,NHS ENGLAND LONDON,EPSOM AND ST HELIER UNIVERSITY HOSPITALS NHS TRUST,12652,310,0,165,0,0,2960,0,0,21,0,0,461,480,1867,5,0,124,,,,,,,2023-07-01,12962,2960,76.6,1996
MSitAE-JULY-2023,RBN,NHS ENGLAND NORTH WEST,MERSEY AND WEST LANCASHIRE TEACHING HOSPITALS NHS TRUST,16870,0,7274,347,0,0,6744,0,296,60,0,0,750,197,7226,0,0,553,,,,,,,2023-07-01,24144,7040,60.0,7779
MSitAE-JULY-2023,RX1,NHS ENGLAND MIDLANDS,NOTTINGHAM UNIVERSITY HOSPITALS NHS TRUST,15465,1860,311,433,0,0,8540,246,17,235,0,0,870,779,3961,0,0,3376,,,,,,,2023-07-01,17636,8803,44.8,7337
MSitAE-JULY-2023,NLX,NHS ENGLAND SOUTH WEST,SIRONA CARE & HEALTH,0,0,7675,0,0,225,0,0,221,0,0,35,0,0,0,0,0,0,,,,,,,2023-07-01,7675,221,,0
MSitAE-JULY-2023,RDE,NHS ENGLAND EAST OF ENGLAND,EAST SUFFOLK AND NORTH ESSEX NHS FOUNDATION TRUST,14398,0,11279,128,0,158,6112,0,63,0,0,8,535,5,4770,0,264,870,,,,,,,2023-07-01,25677,6175,57.5,5904
MSitAE-JULY-2023,RFS,NHS ENGLAND MIDLANDS,CHESTERFIELD ROYAL HOSPITAL NHS FOUNDATION TRUST,7288,0,1114,285,0,71,2396,0,76,71,0,4,354,13,2602,0,218,594,,,,,,,2023-07-01,8402,2472,67.1,3414
MSitAE-JULY-2023,G0Q0L,NHS ENGLAND LONDON,BARKING HOSPITAL UTC,0,0,2373,0,0,0,0,0,156,0,0,0,0,0,0,0,0,0,,,,,,,2023-07-01,2373,156,,0
MSitAE-JULY-2023,K6K0R,NHS ENGLAND LONDON,HAROLD WOOD POLYCLINIC UTC,0,0,2238,0,0,0,0,0,191,0,0,0,0,0,0,0,0,0,,,,,,,2023-07-01,2238,191,,0
MSitAE-JUNE-2023,ACH01,NHS ENGLAND SOUTH EAST,WHITSTABLE MEDICAL PRACTICE,0,0,4666,0,0,0,0,0,0,0,0,0,0,0,0,0,0,0,,,,,,,2023-06-01,4666,0,,0
MSitAE-JUNE-2023,RWY,NHS ENGLAND NORTH EAST AND YORKSHIRE,CALDERDALE AND HUDDERSFIELD NHS FOUNDATION TRUST,15048,0,0,0,0,0,4214,0,0,0,0,0,964,1,2899,0,0,920,,,,,,,2023-06-01,15048,4214,72.0,3819
MSitAE-JUNE-2023,C82038,NHS ENGLAND MIDLANDS,LATHAM HOUSE MEDICAL PRACTICE,0,0,441,0,0,0,0,0,0,0,0,0,0,0,0,0,0,0,,,,,,,2023-06-01,441,0,,0
MSitAE-JUNE-2023,NL7,NHS ENGLAND MIDLANDS,ASSURA VERTIS URGENT CARE CENTRES (BIRMINGHAM),0,0,4813,0,0,0,0,0,0,0,0,0,0,0,0,0,0,0,,,,,,,2023-06-01,4813,0,,0
MSitAE-JUNE-2023,NQT5F,NHS ENGLAND NORTH WEST,SKELMERSDALE WALK IN CENTRE,0,0,1903,0,0,0,0,0,7,0,0,0,0,0,0,0,0,0,,,,,,,2023-06-01,1903,7,,0
MSitAE-JUNE-2023,NQT5H,NHS ENGLAND SOUTH WEST,PAULTON MEMORIAL HOSPITAL,0,0,1045,0,0,0,0,0,15,0,0,0,0,0,0,0,0,0,,,,,,,2023-06-01,1045,15,,0
MSitAE-JUNE-2023,NQTE4,NHS ENGLAND MIDLANDS,SUMMERFIELD URGENT CARE CENTRE,0,0,3872,0,0,0,0,0,0,0,0,0,0,0,0,0,0,0,,,,,,,2023-06-01,3872,0,,0
MSitAE-JUNE-2023,NTP11,NHS ENGLAND SOUTH EAST,PRACTICE PLUS GROUP HOSPITAL - SOUTHAMPTON,0,0,5526,0,0,0,0,0,261,0,0,0,0,0,0,0,0,0,,,,,,,2023-06-01,5526,261,,0
MSitAE-JUNE-2023,RFF,NHS ENGLAND NORTH EAST AND YORKSHIRE,BARNSLEY HOSPITAL NHS FOUNDATION TRUST,8377,0,0,369,0,0,2692,0,0,0,0,0,235,0,2504,0,0,572,,,,,,,2023-06-01,8377,2692,67.9,3076
MSitAE-JUNE-2023,RJ8,NHS ENGLAND SOUTH WEST,CORNWALL PARTNERSHIP NHS FOUNDATION TRUST,0,0,0,0,0,0,0,0,0,0,0,0,0,0,0,0,15,51,,,,,,,2023-06-01,0,0,,66
MSitAE-JUNE-2023,RW1,NHS ENGLAND SOUTH EAST,SOUTHERN HEALTH NHS FOUNDATION TRUST,0,0,2954,0,0,0,0,0,22,0,0,0,0,0,0,0,6,155,,,,,,,2023-06-01,2954,22,,161
MSitAE-JUNE-2023,RXG,NHS ENGLAND NORTH EAST AND YORKSHIRE,SOUTH WEST YORKSHIRE PARTNERSHIP NHS FOUNDATION TRUST,0,0,0,0,0,0,0,0,0,0,0,0,0,0,0,0,0,137,,,,,,,2023-06-01,0,0,,137
MSitAE-JUNE-2023,Y02428,NHS ENGLAND EAST OF ENGLAND,PUTNOE WALK IN CENTRE,0,0,2249,0,0,0,0,0,0,0,0,0,0,0,0,0,0,0,,,,,,,2023-06-01,2249,0,,0
MSitAE-JUNE-2023,Y02615,NHS ENGLAND MIDLANDS,SOUTH BIRMINGHAM GP WALK IN CENTRE,0,0,7819,0,0,0,0,0,0,0,0,0,0,0,0,0,0,0,,,,,,,2023-06-01,7819,0,,0
MSitAE-JUNE-2023,Y04538,NHS ENGLAND SOUTH EAST,BRACKNELL URGENT CARE CENTRE WIC,0,0,2811,0,0,0,0,0,155,0,0,0,0,0,0,0,0,0,,,,,,,2023-06-01,2811,155,,0
MSitAE-JUNE-2023,AD913,NHS ENGLAND LONDON,BECKENHAM BEACON UCC,0,0,3558,0,0,249,0,0,41,0,0,0,0,0,0,0,0,0,,,,,,,2023-06-01,3558,41,,0
MSitAE-JUNE-2023,L83087,NHS ENGLAND SOUTH WEST,OKEHAMPTON MEDICAL CENTRE,0,0,147,0,0,0,0,0,0,0,0,0,0,0,0,0,0,0,,,,,,,2023-06-01,147,0,,0
MSitAE-JUNE-2023,RDY,NHS ENGLAND SOUTH WEST,DORSET HEALTHCARE UNIVERSITY NHS FOUNDATION TRUST,0,0,0,0,0,0,0,0,0,0,0,0,0,0,0,0,4,2,,,,,,,2023-06-01,0,0,,6
MSitAE-JUNE-2023,RLQ,NHS ENGLAND MIDLANDS,WYE VALLEY NHS TRUST,5905,0,0,122,0,0,2430,0,0,24,0,0,177,259,1601,0,0,549,,,,,,,2023-06-01,5905,2430,58.8,2150
MSitAE-JUNE-2023,RV9,NHS ENGLAND NORTH EAST AND YORKSHIRE,HUMBER TEACHING NHS FOUNDATION TRUST,0,0,1033,0,0,37,0,0,4,0,0,0,0,0,0,0,0,0,,,,,,,2023-06-01,1033,4,,0
MSitAE-JUNE-2023,RWA,NHS ENGLAND NORTH EAST AND YORKSHIRE,HULL UNIVERSITY TEACHING HOSPITALS NHS TRUST,10801,0,0,0,0,0,5209,0,0,0,0,0,1003,240,3307,0,0,1696,,,,,,,2023-06-01,10801,5209,51.8,5003
MSitAE-JUNE-2023,RXK,NHS ENGLAND MIDLANDS,SANDWELL AND WEST BIRMINGHAM HOSPITALS NHS TRUST,14690,1432,9310,821,0,0,6906,232,288,191,0,0,1163,32,2956,0,0,540,,,,,,,2023-06-01,25432,7426,53.0,3496
MSitAE-JUNE-2023,RXL,NHS ENGLAND NORTH WEST,BLACKPOOL TEACHING HOSPITALS NHS FOUNDATION TRUST,8775,0,11219,213,0,205,3893,0,18,58,0,0,653,804,2552,0,0,1523,,,,,,,2023-06-01,19994,3911,55.6,4075
MSitAE-JUNE-2023,RY5,NHS ENGLAND MIDLANDS,LINCOLNSHIRE COMMUNITY HEALTH SERVICES NHS TRUST,0,0,8694,0,0,0,0,0,394,0,0,0,0,0,0,0,0,0,,,,,,,2023-06-01,8694,394,,0
MSitAE-JUNE-2023,RY7,NHS ENGLAND NORTH WEST,WIRRAL COMMUNITY HEALTH AND CARE NHS FOUNDATION TRUST,0,0,4654,0,0,0,0,0,258,0,0,0,0,0,0,0,0,0,,,,,,,2023-06-01,4654,258,,0
MSitAE-JUNE-2023,Y00751,NHS ENGLAND SOUTH EAST,EAST BERKS PRIMARY CARE OOH(WAM),0,0,0,0,0,0,0,0,0,0,0,0,0,0,0,0,0,0,,,,,,,2023-06-01,0,0,,0
MSitAE-JUNE-2023,Y02676,NHS ENGLAND SOUTH EAST,BRIGHTON STATION HEALTH CENTRE,0,0,1698,0,0,0,0,0,0,0,0,0,0,0,0,0,0,0,,,,,,,2023-06-01,1698,0,,0
MSitAE-JUNE-2023,8J094,NHS ENGLAND MIDLANDS,BADGER LTD,0,0,0,0,0,1537,0,0,0,0,0,0,0,0,0,0,0,0,,,,,,,2023-06-01,0,0,,0
MSitAE-JUNE-2023,AQN04,NHS ENGLAND SOUTH EAST,PHL LYMINGTON UTC,0,0,3033,0,0,9,0,0,72,0,0,0,0,0,0,0,0,0,,,,,,,2023-06-01,3033,72,,0
MSitAE-JUNE-2023,C82009,NHS ENGLAND MIDLANDS,MARKET HARBOROUGH MED.CTR,0,0,422,0,0,0,0,0,0,0,0,0,0,0,0,0,0,0,,,,,,,2023-06-01,422,0,,0
MSitAE-JUNE-2023,DD401,NHS ENGLAND SOUTH WEST,EXMOUTH MINOR INJURY UNIT,0,0,1358,0,0,0,0,0,0,0,0,0,0,0,0,0,0,0,,,,,,,2023-06-01,1358,0,,0
MSitAE-JUNE-2023,RA9,NHS ENGLAND SOUTH WEST,TORBAY AND SOUTH DEVON NHS FOUNDATION TRUST,6361,0,3585,46,0,0,3470,0,39,25,0,0,623,129,1643,0,0,1032,,,,,,,2023-06-01,9946,3509,45.4,2675
MSitAE-JUNE-2023,RBQ,NHS ENGLAND NORTH WEST,LIVERPOOL HEART AND CHEST HOSPITAL NHS FOUNDATION TRUST,0,0,0,0,0,0,0,0,0,0,0,0,0,0,0,0,0,152,,,,,,,2023-06-01,0,0,,152
MSitAE-JUNE-2023,RDU,NHS ENGLAND SOUTH EAST,FRIMLEY HEALTH NHS FOUNDATION TRUST,21302,0,0,791,0,0,9302,0,0,283,0,0,1728,0,5784,0,0,302,,,,,,,2023-06-01,21302,9302,56.3,6086
MSitAE-JUNE-2023,RHU,NHS ENGLAND SOUTH EAST,PORTSMOUTH HOSPITALS UNIVERSITY NATIONAL HEALTH SERVICE TRUST,9261,780,3126,1303,0,747,4644,9,82,560,0,26,1402,0,3565,0,0,2424,,,,,,,2023-06-01,13167,4735,49.9,5989
MSitAE-JUNE-2023,RJN,NHS ENGLAND NORTH WEST,EAST CHESHIRE NHS TRUST,4344,0,0,55,0,40,1943,0,0,0,0,0,239,263,880,0,0,176,,,,,,,2023-06-01,4344,1943,55.3,1056
MSitAE-JUNE-2023,RQW,NHS ENGLAND EAST OF ENGLAND,THE PRINCESS ALEXANDRA HOSPITAL NHS TRUST,9327,0,0,1145,0,0,4851,0,0,0,0,0,425,77,2076,0,0,409,,,,,,,2023-06-01,9327,4851,48.0,2485
MSitAE-JUNE-2023,RTD,NHS ENGLAND NORTH EAST AND YORKSHIRE,THE NEWCASTLE UPON TYNE HOSPITALS NHS FOUNDATION TRUST,11768,1589,5358,0,0,724,3901,93,0,0,0,0,277,4,3192,22,0,2779,,,,,,,2023-06-01,18715,3994,66.9,5993
MSitAE-JUNE-2023,RVW,NHS ENGLAND NORTH EAST AND YORKSHIRE,NORTH TEES AND HARTLEPOOL NHS FOUNDATION TRUST,4272,0,11132,0,0,0,2533,0,87,0,0,0,78,1,1528,0,486,2115,,,,,,,2023-06-01,15404,2620,40.7,4129
MSitAE-JUNE-2023,RW4,NHS ENGLAND NORTH WEST,MERSEY CARE NHS FOUNDATION TRUST,0,0,11847,0,0,0,0,0,274,0,0,0,0,0,0,0,0,74,,,,,,,2023-06-01,11847,274,,74
MSitAE-JUNE-2023,RXQ,NHS ENGLAND SOUTH EAST,BUCKINGHAMSHIRE HEALTHCARE NHS TRUST,9525,1155,3438,0,0,0,4448,0,282,0,0,0,364,346,3651,779,0,1145,,,,,,,2023-06-01,14118,4730,53.3,5575
MSitAE-JUNE-2023,RY4,NHS ENGLAND EAST OF ENGLAND,HERTFORDSHIRE COMMUNITY NHS TRUST,0,0,1415,0,0,0,0,0,67,0,0,0,0,0,0,0,0,0,,,,,,,2023-06-01,1415,67,,0
MSitAE-JUNE-2023,RYF,NHS ENGLAND SOUTH WEST,SOUTH WESTERN AMBULANCE SERVICE NHS FOUNDATION TRUST,0,0,1901,0,0,0,0,0,117,0,0,0,0,0,0,0,0,0,,,,,,,2023-06-01,1901,117,,0
MSitAE-JUNE-2023,Y03007,NHS ENGLAND MIDLANDS,ERDINGTON GP HEALTH & WELLBEING WIC,0,0,0,0,0,1694,0,0,0,0,0,0,0,0,0,0,0,0,,,,,,,2023-06-01,0,0,,0
MSitAE-JUNE-2023,DT301,NHS ENGLAND EAST OF ENGLAND,HERTS URGENT CARE (ASCOTS LANE),0,0,2628,0,0,0,0,0,100,0,0,0,0,0,0,0,0,0,,,,,,,2023-06-01,2628,100,,0
MSitAE-JUNE-2023,R0D,NHS ENGLAND SOUTH WEST,UNIVERSITY HOSPITALS DORSET NHS FOUNDATION TRUST,13318,0,3732,136,0,0,6538,0,0,62,0,0,417,14,4218,7,0,2132,,,,,,,2023-06-01,17050,6538,50.9,6357
MSitAE-JUNE-2023,REP,NHS ENGLAND NORTH WEST,LIVERPOOL WOMEN'S NHS FOUNDATION TRUST,0,1223,0,0,96,0,0,63,0,0,0,0,0,0,0,92,0,23,,,,,,,2023-06-01,1223,63,,115
MSitAE-JUNE-2023,RLT,NHS ENGLAND MIDLANDS,GEORGE ELIOT HOSPITAL NHS TRUST,6254,0,1523,270,0,337,1861,0,31,0,0,0,580,0,964,0,0,20,,,,,,,2023-06-01,7777,1892,70.2,984
MSitAE-JUNE-2023,RR7,NHS ENGLAND NORTH EAST AND YORKSHIRE,GATESHEAD HEALTH NHS FOUNDATION TRUST,5970,0,3788,28,0,42,2456,0,54,11,0,0,901,0,1650,0,0,758,,,,,,,2023-06-01,9758,2510,58.9,2408
MSitAE-JUNE-2023,RVY,NHS ENGLAND NORTH WEST,SOUTHPORT AND ORMSKIRK HOSPITAL NHS TRUST,7526,0,2955,123,0,0,2367,0,0,25,0,0,480,236,1964,0,0,102,,,,,,,2023-06-01,10481,2367,68.5,2066
MSitAE-JUNE-2023,RWE,NHS ENGLAND MIDLANDS,UNIVERSITY HOSPITALS OF LEICESTER NHS TRUST,20875,1832,0,0,0,0,9063,102,0,0,0,0,1380,910,4958,7,0,3219,,,,,,,2023-06-01,22707,9165,56.6,8184
MSitAE-JUNE-2023,RYR,NHS ENGLAND SOUTH EAST,UNIVERSITY HOSPITALS SUSSEX NHS FOUNDATION TRUST,24080,1528,2571,1459,0,589,9372,9,166,415,0,13,1410,591,7820,32,57,1374,,,,,,,2023-06-01,28179,9547,61.1,9283
MSitAE-JUNE-2023,Y02532,NHS ENGLAND NORTH WEST,MIRIAM MINOR EMERGENCY,0,0,1699,0,0,0,0,0,3,0,0,0,0,0,0,0,0,0,,,,,,,2023-06-01,1699,3,,0
MSitAE-JUNE-2023,Y03571,NHS ENGLAND MIDLANDS,CORBY URGENT CARE CENTRE,0,0,8178,0,0,612,0,0,83,0,0,0,0,0,0,0,0,0,,,,,,,2023-06-01,8178,83,,0
MSitAE-JUNE-2023,ARN03,NHS ENGLAND NORTH EAST AND YORKSHIRE,LOCAL CARE DIRECT,0,0,2255,0,0,198,0,0,0,0,0,0,0,0,0,0,0,0,,,,,,,2023-06-01,2255,0,,0
MSitAE-JUNE-2023,NDJ,NHS ENGLAND SOUTH EAST,FIRST COMMUNITY HEALTH AND CARE CIC,0,0,2568,0,0,0,0,0,0,0,0,0,0,0,0,0,0,0,,,,,,,2023-06-01,2568,0,,0
MSitAE-JUNE-2023,NNJ07,NHS ENGLAND MIDLANDS,LOUGHBOROUGH URGENT CARE CENTRE,0,0,5470,0,0,478,0,0,65,0,0,0,0,0,0,0,0,0,,,,,,,2023-06-01,5470,65,,0
MSitAE-JUNE-2023,NNJ0H,NHS ENGLAND MIDLANDS,LLR EA - THE MERLYN VAZ HEALTH & SOCIAL CARE CENTRE,0,0,149,0,0,1490,0,0,0,0,0,3,0,0,0,0,0,0,,,,,,,2023-06-01,149,0,,0
MSitAE-JUNE-2023,NNJ12,NHS ENGLAND MIDLANDS,MARKET HARBOROUGH,0,0,129,0,0,320,0,0,0,0,0,0,0,0,0,0,0,0,,,,,,,2023-06-01,129,0,,0
MSitAE-JUNE-2023,NNJ13,NHS ENGLAND MIDLANDS,MELTON MOWBRAY,0,0,57,0,0,342,0,0,0,0,0,0,0,0,0,0,0,0,,,,,,,2023-06-01,57,0,,0
MSitAE-JUNE-2023,NNJ14,NHS ENGLAND MIDLANDS,OADBY,0,0,901,0,0,1473,0,0,0,0,0,0,0,0,0,0,0,0,,,,,,,2023-06-01,901,0,,0
MSitAE-JUNE-2023,NNJ15,NHS ENGLAND MIDLANDS,OAKHAM,0,0,47,0,0,336,0,0,0,0,0,0,0,0,0,0,0,0,,,,,,,2023-06-01,47,0,,0
MSitAE-JUNE-2023,NNJ,NHS ENGLAND MIDLANDS,DHU HEALTH CARE C.I.C,0,0,1798,0,0,0,0,0,1,0,0,0,0,0,0,0,0,0,,,,,,,2023-06-01,1798,1,,0
MSitAE-JUNE-2023,NR3,NHS ENGLAND MIDLANDS,NOTTINGHAM CITYCARE PARTNERSHIP,0,0,4795,0,0,240,0,0,177,0,0,0,0,0,0,0,0,0,,,,,,,2023-06-01,4795,177,,0
MSitAE-JUNE-2023,RBS,NHS ENGLAND NORTH WEST,ALDER HEY CHILDREN'S NHS FOUNDATION TRUST,5664,0,0,0,0,0,814,0,0,0,0,0,0,0,932,0,0,253,,,,,,,2023-06-01,5664,814,85.6,1185
MSitAE-JUNE-2023,RC9,NHS ENGLAND EAST OF ENGLAND,BEDFORDSHIRE HOSPITALS NHS FOUNDATION TRUST,18783,0,6951,0,0,1043,6280,0,0,0,0,0,1,0,4460,0,0,2233,,,,,,,2023-06-01,25734,6280,66.6,6693
MSitAE-JUNE-2023,RXF,NHS ENGLAND NORTH EAST AND YORKSHIRE,MID YORKSHIRE TEACHING NHS TRUST,17067,0,6398,120,0,25,6162,0,290,16,0,3,1688,8,3797,0,181,969,,,,,,,2023-06-01,23465,6452,63.9,4947
MSitAE-JUNE-2023,RYX,NHS ENGLAND LONDON,CENTRAL LONDON COMMUNITY HEALTHCARE NHS TRUST,0,0,9914,0,0,0,0,0,340,0,0,0,0,0,0,0,0,0,,,,,,,2023-06-01,9914,340,,0
MSitAE-JUNE-2023,RYY,NHS ENGLAND SOUTH EAST,KENT COMMUNITY HEALTH NHS FOUNDATION TRUST,0,0,9855,0,0,0,0,0,112,0,0,0,0,0,0,0,0,0,,,,,,,2023-06-01,9855,112,,0
MSitAE-JUNE-2023,Y02147,NHS ENGLAND LONDON,URGENT CARE CENTRE (QMS),0,0,7480,0,0,502,0,0,292,0,0,4,0,0,0,0,0,0,,,,,,,2023-06-01,7480,292,,0
MSitAE-JUNE-2023,AAH,NHS ENGLAND SOUTH WEST,TETBURY HOSPITAL TRUST LTD,0,0,505,0,0,0,0,0,1,0,0,0,0,0,0,0,0,0,,,,,,,2023-06-01,505,1,,0
MSitAE-JUNE-2023,C83023,NHS ENGLAND MIDLANDS,SLEAFORD MEDICAL GROUP,0,0,518,0,0,0,0,0,0,0,0,0,0,0,0,0,0,10,,,,,,,2023-06-01,518,0,,10
MSitAE-JUNE-2023,NTPAD,NHS ENGLAND SOUTH EAST,PRACTICE PLUS GROUP SURGICAL CENTRE - ST MARYS PORTSMOUTH,0,0,5363,0,0,242,0,0,203,0,0,26,0,0,0,0,0,0,,,,,,,2023-06-01,5363,203,,0
MSitAE-JUNE-2023,R1F,NHS ENGLAND SOUTH EAST,ISLE OF WIGHT NHS TRUST,3686,0,2300,17,0,34,1571,0,27,6,0,0,360,223,1117,0,0,246,,,,,,,2023-06-01,5986,1598,57.4,1363
MSitAE-JUNE-2023,RAE,NHS ENGLAND NORTH EAST AND YORKSHIRE,BRADFORD TEACHING HOSPITALS NHS FOUNDATION TRUST,9039,0,2786,0,0,0,2611,0,1,0,0,0,771,10,2632,0,91,1455,,,,,,,2023-06-01,11825,2612,71.1,4178
MSitAE-JUNE-2023,RAN,NHS ENGLAND LONDON,ROYAL NATIONAL ORTHOPAEDIC HOSPITAL NHS TRUST,0,0,0,0,0,0,0,0,0,0,0,0,0,0,0,0,0,36,,,,,,,2023-06-01,0,0,,36
MSitAE-JUNE-2023,RGN,NHS ENGLAND EAST OF ENGLAND,NORTH WEST ANGLIA NHS FOUNDATION TRUST,12370,0,4844,70,0,524,5382,0,703,20,0,45,584,616,2990,0,114,1323,,,,,,,2023-06-01,17214,6085,56.5,4427
MSitAE-JUNE-2023,RK5,NHS ENGLAND MIDLANDS,SHERWOOD FOREST HOSPITALS NHS FOUNDATION TRUST,10341,0,5250,28,0,101,3980,0,155,8,0,93,717,78,3242,0,0,344,,,,,,,2023-06-01,15591,4135,61.5,3586
MSitAE-JUNE-2023,RL4,NHS ENGLAND MIDLANDS,THE ROYAL WOLVERHAMPTON NHS TRUST,13333,0,6632,0,0,658,4414,0,416,0,0,0,673,23,6076,0,0,878,,,,,,,2023-06-01,19965,4830,66.9,6954
MSitAE-JUNE-2023,RNZ,NHS ENGLAND SOUTH WEST,SALISBURY NHS FOUNDATION TRUST,4365,318,1671,235,0,0,1529,0,0,85,0,0,329,1,1244,0,0,776,,,,,,,2023-06-01,6354,1529,65.0,2020
MSitAE-JUNE-2023,RY8,NHS ENGLAND MIDLANDS,DERBYSHIRE COMMUNITY HEALTH SERVICES NHS FOUNDATION TRUST,0,0,8295,0,0,1383,0,0,2,0,0,0,0,0,0,0,0,0,,,,,,,2023-06-01,8295,2,,0
MSitAE-JUNE-2023,AJN,NHS ENGLAND NORTH EAST AND YORKSHIRE,WORKINGTON HEALTH LIMITED,0,0,555,0,0,0,0,0,0,0,0,0,0,0,0,0,555,0,,,,,,,2023-06-01,555,0,,555
MSitAE-JUNE-2023,NDA57,NHS ENGLAND SOUTH EAST,HASLEMERE MINOR INJURIES UNIT,0,0,1583,0,0,8,0,0,0,0,0,0,0,0,0,0,0,0,,,,,,,2023-06-01,1583,0,,0
MSitAE-JUNE-2023,NNF09,NHS ENGLAND NORTH EAST AND YORKSHIRE,BRANSHOLME HEALTH CENTRE,0,0,3931,0,0,0,0,0,778,0,0,0,0,0,0,0,0,0,,,,,,,2023-06-01,3931,778,,0
MSitAE-JUNE-2023,NNF76,NHS ENGLAND NORTH EAST AND YORKSHIRE,THE WILBERFORCE HEALTH CENTRE,0,0,2672,0,0,0,0,0,0,0,0,0,0,0,0,0,0,0,,,,,,,2023-06-01,2672,0,,0
MSitAE-JUNE-2023,NNF94,NHS ENGLAND NORTH EAST AND YORKSHIRE,EAST RIDING COMMUNITY HOSPITAL,0,0,2792,0,0,0,0,0,514,0,0,0,0,0,0,0,0,0,,,,,,,2023-06-01,2792,514,,0
MSitAE-JUNE-2023,NNFA7,NHS ENGLAND NORTH EAST AND YORKSHIRE,GOOLE & DISTRICT HOSPITAL,0,0,1676,0,0,0,0,0,28,0,0,0,0,0,0,0,0,0,,,,,,,2023-06-01,1676,28,,0
MSitAE-JUNE-2023,R0B,NHS ENGLAND NORTH EAST AND YORKSHIRE,SOUTH TYNESIDE AND SUNDERLAND NHS FOUNDATION TRUST,11456,1461,6157,388,0,1003,4738,17,239,185,0,47,563,3,4290,22,0,1249,,,,,,,2023-06-01,19074,4994,58.6,5561
MSitAE-JUNE-2023,RA2,NHS ENGLAND SOUTH EAST,ROYAL SURREY COUNTY HOSPITAL NHS FOUNDATION TRUST,6341,0,0,494,0,0,2030,0,0,120,0,0,248,4,2179,0,0,971,,,,,,,2023-06-01,6341,2030,68.0,3150
MSitAE-JUNE-2023,RA7,NHS ENGLAND SOUTH WEST,UNIVERSITY HOSPITALS BRISTOL AND WESTON NHS FOUNDATION TRUST,14528,2314,0,0,0,0,4608,96,0,0,0,0,933,214,4427,14,0,1337,,,,,,,2023-06-01,16842,4704,68.3,5778
MSitAE-JUNE-2023,RAS,NHS ENGLAND LONDON,THE HILLINGDON HOSPITALS NHS FOUNDATION TRUST,5725,0,6340,0,0,0,3028,0,220,0,0,0,558,17,1714,0,0,447,,,,,,,2023-06-01,12065,3248,47.1,2161
MSitAE-JUNE-2023,RAX,NHS ENGLAND LONDON,KINGSTON HOSPITAL NHS FOUNDATION TRUST,7254,0,3120,0,0,0,3409,0,253,0,0,0,432,274,1755,0,136,577,,,,,,,2023-06-01,10374,3662,53.0,2468
MSitAE-JUNE-2023,RBK,NHS ENGLAND MIDLANDS,WALSALL HEALTHCARE NHS TRUST,7919,0,4192,302,0,141,2890,0,109,56,0,0,748,25,3129,0,0,661,,,,,,,2023-06-01,12111,2999,63.5,3790
MSitAE-JUNE-2023,RCD,NHS ENGLAND NORTH EAST AND YORKSHIRE,HARROGATE AND DISTRICT NHS FOUNDATION TRUST,4939,0,945,93,0,43,1157,0,0,19,0,0,139,1,1250,0,0,491,,,,,,,2023-06-01,5884,1157,76.6,1741
MSitAE-JUNE-2023,RF4,NHS ENGLAND LONDON,"BARKING, HAVERING AND REDBRIDGE UNIVERSITY HOSPITALS NHS TRUST",11154,2464,13178,0,0,0,5927,638,4470,0,0,0,672,611,6185,0,0,454,,,,,,,2023-06-01,26796,11035,46.9,6639
MSitAE-JUNE-2023,RJ2,NHS ENGLAND LONDON,LEWISHAM AND GREENWICH NHS TRUST,12840,0,12215,101,0,58,6413,0,1221,19,0,0,1137,465,3498,0,0,1249,,,,,,,2023-06-01,25055,7634,50.1,4747
MSitAE-JUNE-2023,RL1,NHS ENGLAND MIDLANDS,THE ROBERT JONES AND AGNES HUNT ORTHOPAEDIC HOSPITAL NHS FOUNDATION TRUST,0,0,0,0,0,0,0,0,0,0,0,0,0,0,0,0,0,35,,,,,,,2023-06-01,0,0,,35
MSitAE-JUNE-2023,RPC,NHS ENGLAND SOUTH EAST,QUEEN VICTORIA HOSPITAL NHS FOUNDATION TRUST,0,0,1801,0,0,0,0,0,11,0,0,0,0,0,0,0,1,597,,,,,,,2023-06-01,1801,11,,598
MSitAE-JUNE-2023,RQ3,NHS ENGLAND MIDLANDS,BIRMINGHAM WOMEN'S AND CHILDREN'S NHS FOUNDATION TRUST,5044,0,0,0,0,0,866,0,0,0,0,0,0,0,876,0,0,224,,,,,,,2023-06-01,5044,866,82.8,1100
MSitAE-JUNE-2023,RQM,NHS ENGLAND LONDON,CHELSEA AND WESTMINSTER HOSPITAL NHS FOUNDATION TRUST,19736,0,9721,458,0,0,5998,0,269,0,0,0,578,37,2488,0,0,404,,,,,,,2023-06-01,29457,6267,69.6,2892
MSitAE-JUNE-2023,RRK,NHS ENGLAND MIDLANDS,UNIVERSITY HOSPITALS BIRMINGHAM NHS FOUNDATION TRUST,33734,0,118,0,0,0,15898,0,2,0,0,0,3545,1143,10350,0,1,5175,,,,,,,2023-06-01,33852,15900,52.9,15526
MSitAE-JUNE-2023,RRV,NHS ENGLAND LONDON,UNIVERSITY COLLEGE LONDON HOSPITALS NHS FOUNDATION TRUST,12176,0,0,613,0,0,3872,0,0,0,0,0,309,41,1380,0,0,313,,,,,,,2023-06-01,12176,3872,68.2,1693
MSitAE-JUNE-2023,RTG,NHS ENGLAND MIDLANDS,UNIVERSITY HOSPITALS OF DERBY AND BURTON NHS FOUNDATION TRUST,15871,0,14098,128,0,72,8638,0,1060,50,0,5,1092,176,4056,0,179,2141,,,,,,,2023-06-01,29969,9698,45.6,6376
MSitAE-JUNE-2023,RTP,NHS ENGLAND SOUTH EAST,SURREY AND SUSSEX HEALTHCARE NHS TRUST,9915,0,0,0,0,0,2974,0,0,0,0,0,787,204,2984,0,0,798,,,,,,,2023-06-01,9915,2974,70.0,3782
MSitAE-JUNE-2023,RWP,NHS ENGLAND MIDLANDS,WORCESTERSHIRE ACUTE HOSPITALS NHS TRUST,12352,0,6639,186,0,0,6203,0,29,76,0,0,842,286,3203,0,0,1265,,,,,,,2023-06-01,18991,6232,49.8,4468
MSitAE-JUNE-2023,AXG,NHS ENGLAND SOUTH WEST,WILTSHIRE HEALTH & CARE,0,0,2684,0,0,16,0,0,229,0,0,0,0,0,0,0,0,0,,,,,,,2023-06-01,2684,229,,0
MSitAE-JUNE-2023,NTV0B,NHS ENGLAND SOUTH EAST,ASHFORD WALK-IN-CENTRE,0,0,2596,0,0,0,0,0,160,0,0,0,0,0,0,0,0,0,,,,,,,2023-06-01,2596,160,,0
MSitAE-JUNE-2023,NTV0W,NHS ENGLAND SOUTH EAST,WOKING WALK IN CENTRE,0,0,2770,0,0,0,0,0,347,0,0,0,0,0,0,0,0,0,,,,,,,2023-06-01,2770,347,,0
MSitAE-JUNE-2023,NV693,NHS ENGLAND NORTH WEST,ROSSENDALE MIU & OOH,0,0,1173,0,0,0,0,0,2,0,0,0,0,0,0,0,0,0,,,,,,,2023-06-01,1173,2,,0
MSitAE-JUNE-2023,R1K,NHS ENGLAND LONDON,LONDON NORTH WEST UNIVERSITY HEALTHCARE NHS TRUST,12613,0,14786,229,0,0,5836,0,141,100,0,0,623,178,6530,0,0,1295,,,,,,,2023-06-01,27399,5977,53.7,7825
MSitAE-JUNE-2023,RCB,NHS ENGLAND NORTH EAST AND YORKSHIRE,YORK AND SCARBOROUGH TEACHING HOSPITALS NHS FOUNDATION TRUST,9761,342,9097,0,0,425,5422,0,609,0,0,18,844,495,3989,0,0,1516,,,,,,,2023-06-01,19200,6031,44.5,5505
MSitAE-JUNE-2023,RCX,NHS ENGLAND EAST OF ENGLAND,"THE QUEEN ELIZABETH HOSPITAL, KING'S LYNN, NHS FOUNDATION TRUST",6571,0,904,77,0,0,2599,0,0,17,0,0,699,410,2236,0,0,592,,,,,,,2023-06-01,7475,2599,60.4,2828
MSitAE-JUNE-2023,RH8,NHS ENGLAND SOUTH WEST,ROYAL DEVON UNIVERSITY HEALTHCARE NHS FOUNDATION TRUST,11837,0,3222,1112,0,72,5452,0,36,447,0,2,785,68,3475,0,0,2157,,,,,,,2023-06-01,15059,5488,53.9,5632
MSitAE-JUNE-2023,RHQ,NHS ENGLAND NORTH EAST AND YORKSHIRE,SHEFFIELD TEACHING HOSPITALS NHS FOUNDATION TRUST,8935,1160,7231,360,0,722,3987,0,260,174,0,10,910,4,3247,0,0,3099,,,,,,,2023-06-01,17326,4247,55.4,6346
MSitAE-JUNE-2023,RK9,NHS ENGLAND SOUTH WEST,UNIVERSITY HOSPITALS PLYMOUTH NHS TRUST,8970,253,4453,0,0,18,5941,0,638,0,0,0,702,355,2742,0,0,1051,,,,,,,2023-06-01,13676,6579,33.8,3793
MSitAE-JUNE-2023,RN7,NHS ENGLAND SOUTH EAST,DARTFORD AND GRAVESHAM NHS TRUST,11050,0,3547,0,0,0,2881,0,42,0,0,0,730,0,2703,0,0,357,,,,,,,2023-06-01,14597,2923,73.9,3060
MSitAE-JUNE-2023,RNA,NHS ENGLAND MIDLANDS,THE DUDLEY GROUP NHS FOUNDATION TRUST,9586,0,4925,125,0,1027,4048,0,165,27,0,0,709,31,3501,0,0,1787,,,,,,,2023-06-01,14511,4213,57.8,5288
MSitAE-JUNE-2023,RRF,NHS ENGLAND NORTH WEST,"WRIGHTINGTON, WIGAN AND LEIGH NHS FOUNDATION TRUST",7513,0,4487,0,0,0,3829,0,56,0,0,0,1101,249,2228,0,0,783,,,,,,,2023-06-01,12000,3885,49.0,3011
MSitAE-JUNE-2023,RTQ,NHS ENGLAND SOUTH WEST,GLOUCESTERSHIRE HEALTH AND CARE NHS FOUNDATION TRUST,0,0,6959,0,0,0,0,0,40,0,0,0,0,0,0,0,0,38,,,,,,,2023-06-01,6959,40,,38
MSitAE-JUNE-2023,RTR,NHS ENGLAND NORTH EAST AND YORKSHIRE,SOUTH TEES HOSPITALS NHS FOUNDATION TRUST,10325,0,5219,0,0,321,4497,0,301,0,0,10,1033,40,2388,0,105,2023,,,,,,,2023-06-01,15544,4798,56.4,4516
MSitAE-JUNE-2023,RTX,NHS ENGLAND NORTH WEST,UNIVERSITY HOSPITALS OF MORECAMBE BAY NHS FOUNDATION TRUST,7961,0,4433,166,0,492,2864,0,136,39,0,1,487,388,2686,0,26,890,,,,,,,2023-06-01,12394,3000,64.0,3602
MSitAE-JUNE-2023,RVJ,NHS ENGLAND SOUTH WEST,NORTH BRISTOL NHS TRUST,8708,0,0,113,0,0,2175,0,0,17,0,0,550,10,3065,0,0,1921,,,,,,,2023-06-01,8708,2175,75.0,4986
MSitAE-JUNE-2023,RWJ,NHS ENGLAND NORTH WEST,STOCKPORT NHS FOUNDATION TRUST,8818,0,0,602,0,0,2624,0,0,136,0,0,802,55,2854,0,0,739,,,,,,,2023-06-01,8818,2624,70.2,3593
MSitAE-JUNE-2023,RXR,NHS ENGLAND NORTH WEST,EAST LANCASHIRE HOSPITALS NHS TRUST,11054,0,7912,0,0,0,4365,0,1004,0,0,0,505,797,3028,0,18,696,,,,,,,2023-06-01,18966,5369,60.5,3742
MSitAE-JUNE-2023,RY9,NHS ENGLAND LONDON,HOUNSLOW AND RICHMOND COMMUNITY HEALTHCARE NHS TRUST,0,0,5192,0,0,0,0,0,31,0,0,0,0,0,0,0,0,0,,,,,,,2023-06-01,5192,31,,0
MSitAE-JUNE-2023,RYG,NHS ENGLAND MIDLANDS,COVENTRY AND WARWICKSHIRE PARTNERSHIP NHS TRUST,0,0,0,0,0,0,0,0,0,0,0,0,0,0,0,0,9,58,,,,,,,2023-06-01,0,0,,67
MSitAE-JUNE-2023,RAJ,NHS ENGLAND EAST OF ENGLAND,MID AND SOUTH ESSEX NHS FOUNDATION TRUST,30845,0,1899,821,0,115,10509,0,95,241,0,9,2433,7,8352,0,251,1308,,,,,,,2023-06-01,32744,10604,65.9,9911
MSitAE-JUNE-2023,RAP,NHS ENGLAND LONDON,NORTH MIDDLESEX UNIVERSITY HOSPITAL NHS TRUST,8294,568,6654,528,0,0,3755,2,1137,124,0,0,387,606,1551,0,0,195,,,,,,,2023-06-01,15516,4894,54.7,1746
MSitAE-JUNE-2023,RBD,NHS ENGLAND SOUTH WEST,DORSET COUNTY HOSPITAL NHS FOUNDATION TRUST,4445,0,0,321,0,3924,1586,0,0,77,0,5,204,27,1519,0,0,480,,,,,,,2023-06-01,4445,1586,64.3,1999
MSitAE-JUNE-2023,RBT,NHS ENGLAND NORTH WEST,MID CHESHIRE HOSPITALS NHS FOUNDATION TRUST,7189,0,2796,110,0,25,3266,0,19,17,0,2,710,292,2494,0,0,1040,,,,,,,2023-06-01,9985,3285,54.6,3534
MSitAE-JUNE-2023,RCU,NHS ENGLAND NORTH EAST AND YORKSHIRE,SHEFFIELD CHILDREN'S NHS FOUNDATION TRUST,4818,0,248,246,0,8,364,0,0,16,0,0,3,0,917,0,0,120,,,,,,,2023-06-01,5066,364,92.4,1037
MSitAE-JUNE-2023,RDE,NHS ENGLAND EAST OF ENGLAND,EAST SUFFOLK AND NORTH ESSEX NHS FOUNDATION TRUST,13805,0,11404,173,0,110,6801,0,96,0,0,12,1140,95,4421,0,251,955,,,,,,,2023-06-01,25209,6897,50.7,5627
MSitAE-JUNE-2023,REF,NHS ENGLAND SOUTH WEST,ROYAL CORNWALL HOSPITALS NHS TRUST,6507,0,12956,0,0,0,3446,0,558,0,0,0,564,407,2169,0,22,1097,,,,,,,2023-06-01,19463,4004,47.0,3288
MSitAE-JUNE-2023,REM,NHS ENGLAND NORTH WEST,LIVERPOOL UNIVERSITY HOSPITALS NHS FOUNDATION TRUST,16943,251,8802,461,0,0,6882,0,427,68,0,0,1945,1218,5213,0,0,2096,,,,,,,2023-06-01,25996,7309,59.4,7309
MSitAE-JUNE-2023,RFR,NHS ENGLAND NORTH EAST AND YORKSHIRE,THE ROTHERHAM NHS FOUNDATION TRUST,7878,0,0,0,0,0,3312,0,0,0,0,0,488,0,2858,0,0,605,,,,,,,2023-06-01,7878,3312,58.0,3463
MSitAE-JUNE-2023,RHM,NHS ENGLAND SOUTH EAST,UNIVERSITY HOSPITAL SOUTHAMPTON NHS FOUNDATION TRUST,11217,1391,0,8,0,0,4086,56,0,4,0,0,240,18,3283,13,0,1425,,,,,,,2023-06-01,12608,4142,63.6,4721
MSitAE-JUNE-2023,RJC,NHS ENGLAND MIDLANDS,SOUTH WARWICKSHIRE UNIVERSITY NHS FOUNDATION TRUST,7673,0,428,16,0,0,1919,0,0,4,0,0,153,0,1971,0,0,623,,,,,,,2023-06-01,8101,1919,75.0,2594
MSitAE-JUNE-2023,RJE,NHS ENGLAND MIDLANDS,UNIVERSITY HOSPITALS OF NORTH MIDLANDS NHS TRUST,13488,446,8030,714,0,337,6666,0,222,285,0,4,1059,696,5705,0,0,2840,,,,,,,2023-06-01,21964,6888,50.6,8545
MSitAE-JUNE-2023,RJL,NHS ENGLAND NORTH EAST AND YORKSHIRE,NORTHERN LINCOLNSHIRE AND GOOLE NHS FOUNDATION TRUST,14294,0,0,0,0,0,4962,0,0,0,0,0,734,628,4280,0,0,574,,,,,,,2023-06-01,14294,4962,65.3,4854
MSitAE-JUNE-2023,RJZ,NHS ENGLAND LONDON,KING'S COLLEGE HOSPITAL NHS FOUNDATION TRUST,14765,0,8636,59,0,1153,6167,0,1137,20,0,262,1328,270,3995,0,0,509,,,,,,,2023-06-01,23401,7304,58.2,4504
MSitAE-JUNE-2023,RKB,NHS ENGLAND MIDLANDS,UNIVERSITY HOSPITALS COVENTRY AND WARWICKSHIRE NHS TRUST,11648,1812,7516,32,0,61,5556,146,284,10,0,3,215,1,2750,83,56,1265,,,,,,,2023-06-01,20976,5986,52.3,4154
MSitAE-JUNE-2023,RM1,NHS ENGLAND EAST OF ENGLAND,NORFOLK AND NORWICH UNIVERSITY HOSPITALS NHS FOUNDATION TRUST,10862,0,7482,494,0,0,4303,0,9,115,0,0,963,280,2271,0,0,1583,,,,,,,2023-06-01,18344,4312,60.4,3854
MSitAE-JUNE-2023,RMP,NHS ENGLAND NORTH WEST,TAMESIDE AND GLOSSOP INTEGRATED CARE NHS FOUNDATION TRUST,8175,0,2526,237,0,0,3892,0,0,0,0,0,328,15,2164,0,0,138,,,,,,,2023-06-01,10701,3892,52.4,2302
MSitAE-JUNE-2023,RN5,NHS ENGLAND SOUTH EAST,HAMPSHIRE HOSPITALS NHS FOUNDATION TRUST,12285,0,391,0,0,301,3559,0,0,0,0,0,527,4,3810,0,0,1070,,,,,,,2023-06-01,12676,3559,71.0,4880
MSitAE-JUNE-2023,RNN,NHS ENGLAND NORTH EAST AND YORKSHIRE,NORTH CUMBRIA INTEGRATED CARE NHS FOUNDATION TRUST,9028,0,2361,340,0,11,3094,0,2,68,0,0,490,211,2262,0,0,759,,,,,,,2023-06-01,11389,3096,65.7,3021
MSitAE-JUNE-2023,RP5,NHS ENGLAND NORTH EAST AND YORKSHIRE,DONCASTER AND BASSETLAW TEACHING HOSPITALS NHS FOUNDATION TRUST,13135,0,3959,0,0,0,5155,0,18,0,0,0,1059,58,3458,0,385,1083,,,,,,,2023-06-01,17094,5173,60.8,4926
MSitAE-JUNE-2023,RP6,NHS ENGLAND LONDON,MOORFIELDS EYE HOSPITAL NHS FOUNDATION TRUST,0,6546,0,0,0,0,0,45,0,0,0,0,0,0,0,8,0,211,,,,,,,2023-06-01,6546,45,,219
MSitAE-JUNE-2023,RPA,NHS ENGLAND SOUTH EAST,MEDWAY NHS FOUNDATION TRUST,8236,0,6801,366,0,1449,2930,0,1203,0,0,0,719,190,2173,0,0,906,,,,,,,2023-06-01,15037,4133,64.4,3079
MSitAE-JUNE-2023,RQX,NHS ENGLAND LONDON,HOMERTON HEALTHCARE NHS FOUNDATION TRUST,10632,0,0,19,0,0,2483,0,0,0,0,0,196,17,1647,0,0,185,,,,,,,2023-06-01,10632,2483,76.6,1832
MSitAE-JUNE-2023,RR8,NHS ENGLAND NORTH EAST AND YORKSHIRE,LEEDS TEACHING HOSPITALS NHS TRUST,16924,0,11135,84,0,25,6822,0,47,12,0,0,1676,116,3683,0,0,1064,,,,,,,2023-06-01,28059,6869,59.7,4747
MSitAE-JUNE-2023,RTE,NHS ENGLAND SOUTH WEST,GLOUCESTERSHIRE HOSPITALS NHS FOUNDATION TRUST,12887,0,0,256,0,0,5225,0,0,69,0,0,532,1001,2640,0,0,1580,,,,,,,2023-06-01,12887,5225,59.5,4220
MSitAE-JUNE-2023,RTK,NHS ENGLAND SOUTH EAST,ASHFORD AND ST PETER'S HOSPITALS NHS FOUNDATION TRUST,9744,0,0,0,0,0,3805,0,0,0,0,0,532,8,2941,0,0,687,,,,,,,2023-06-01,9744,3805,61.0,3628
MSitAE-JUNE-2023,RVV,NHS ENGLAND SOUTH EAST,EAST KENT HOSPITALS UNIVERSITY NHS FOUNDATION TRUST,11784,0,12429,80,0,0,6125,0,347,36,0,0,652,929,4189,0,385,1693,,,,,,,2023-06-01,24213,6472,48.0,6267
MSitAE-JUNE-2023,RWD,NHS ENGLAND MIDLANDS,UNITED LINCOLNSHIRE HOSPITALS NHS TRUST,12398,0,5811,18,0,0,6868,0,1095,2,0,0,1184,702,4101,0,0,1170,,,,,,,2023-06-01,18209,7963,44.6,5271
MSitAE-JUNE-2023,RWH,NHS ENGLAND EAST OF ENGLAND,EAST AND NORTH HERTFORDSHIRE NHS TRUST,9619,0,5553,3,0,328,5472,0,7,1,0,1,218,67,2745,0,0,279,,,,,,,2023-06-01,15172,5479,43.1,3024
MSitAE-JUNE-2023,RWW,NHS ENGLAND NORTH WEST,WARRINGTON AND HALTON TEACHING HOSPITALS NHS FOUNDATION TRUST,7387,0,3234,223,0,111,3157,0,191,72,0,5,723,551,2137,0,0,179,,,,,,,2023-06-01,10621,3348,57.3,2316
MSitAE-JUNE-2023,RXC,NHS ENGLAND SOUTH EAST,EAST SUSSEX HEALTHCARE NHS TRUST,8884,0,2226,806,0,1204,3051,0,48,0,0,0,107,0,3416,0,0,597,,,,,,,2023-06-01,11110,3099,65.7,4013
MSitAE-JUNE-2023,RXN,NHS ENGLAND NORTH WEST,LANCASHIRE TEACHING HOSPITALS NHS FOUNDATION TRUST,12026,0,4000,199,0,60,4084,0,127,33,0,6,1256,69,2966,0,213,1354,,,,,,,2023-06-01,16026,4211,66.0,4533
MSitAE-JUNE-2023,RXP,NHS ENGLAND NORTH EAST AND YORKSHIRE,COUNTY DURHAM AND DARLINGTON NHS FOUNDATION TRUST,13007,0,4379,0,0,6100,6483,0,0,0,0,0,1614,11,3980,0,0,712,,,,,,,2023-06-01,17386,6483,50.2,4692
MSitAE-JUNE-2023,RXW,NHS ENGLAND MIDLANDS,THE SHREWSBURY AND TELFORD HOSPITAL NHS TRUST,10784,0,2080,91,0,310,5811,0,322,20,0,5,573,525,2661,0,47,2075,,,,,,,2023-06-01,12864,6133,46.1,4783
MSitAE-JUNE-2023,RY2,NHS ENGLAND NORTH WEST,BRIDGEWATER COMMUNITY HEALTHCARE NHS FOUNDATION TRUST,0,0,3054,0,0,117,0,0,49,0,0,1,0,0,0,0,0,0,,,,,,,2023-06-01,3054,49,,0
MSitAE-JUNE-2023,R1D,NHS ENGLAND MIDLANDS,SHROPSHIRE COMMUNITY HEALTH NHS TRUST,0,0,3810,0,0,0,0,0,19,0,0,0,0,0,0,0,0,6,,,,,,,2023-06-01,3810,19,,6
MSitAE-JUNE-2023,R1H,NHS ENGLAND LONDON,BARTS HEALTH NHS TRUST,23852,914,18228,0,0,0,9674,14,3158,0,0,0,1455,381,5231,0,0,1092,,,,,,,2023-06-01,42994,12846,59.4,6323
MSitAE-JUNE-2023,RAL,NHS ENGLAND LONDON,ROYAL FREE LONDON NHS FOUNDATION TRUST,16339,0,8927,0,0,0,6484,0,409,0,0,0,1090,501,4036,0,0,512,,,,,,,2023-06-01,25266,6893,60.3,4548
MSitAE-JUNE-2023,RAT,NHS ENGLAND LONDON,NORTH EAST LONDON NHS FOUNDATION TRUST,0,0,2323,0,0,0,0,0,144,0,0,0,0,0,0,0,0,0,,,,,,,2023-06-01,2323,144,,0
MSitAE-JUNE-2023,RBV,NHS ENGLAND NORTH WEST,THE CHRISTIE NHS FOUNDATION TRUST,0,0,0,0,0,0,0,0,0,0,0,0,0,0,0,0,0,624,,,,,,,2023-06-01,0,0,,624
MSitAE-JUNE-2023,RCF,NHS ENGLAND NORTH EAST AND YORKSHIRE,AIREDALE NHS FOUNDATION TRUST,5704,259,8,378,0,0,1956,0,0,0,0,0,140,0,1432,0,0,552,,,,,,,2023-06-01,5971,1956,65.7,1984
MSitAE-JUNE-2023,RD1,NHS ENGLAND SOUTH WEST,ROYAL UNITED HOSPITALS BATH NHS FOUNDATION TRUST,7960,0,0,0,0,0,3357,0,0,0,0,0,530,50,2371,0,5,1346,,,,,,,2023-06-01,7960,3357,57.8,3722
MSitAE-JUNE-2023,RD8,NHS ENGLAND EAST OF ENGLAND,MILTON KEYNES UNIVERSITY HOSPITAL NHS FOUNDATION TRUST,8223,0,4990,556,0,122,3139,0,196,224,0,0,690,0,1747,0,0,418,,,,,,,2023-06-01,13213,3335,61.8,2165
MSitAE-JUNE-2023,RDR,NHS ENGLAND SOUTH EAST,SUSSEX COMMUNITY NHS FOUNDATION TRUST,0,0,12689,0,0,0,0,0,343,0,0,0,0,0,0,0,0,1,,,,,,,2023-06-01,12689,343,,1
MSitAE-JUNE-2023,RGP,NHS ENGLAND EAST OF ENGLAND,JAMES PAGET UNIVERSITY HOSPITALS NHS FOUNDATION TRUST,7155,0,1105,91,0,1,2471,0,0,18,0,0,569,165,1622,0,0,466,,,,,,,2023-06-01,8260,2471,65.5,2088
MSitAE-JUNE-2023,RH5,NHS ENGLAND SOUTH WEST,SOMERSET NHS FOUNDATION TRUST,12472,0,9355,0,0,0,5146,0,286,0,0,0,429,21,3193,0,0,1638,,,,,,,2023-06-01,21827,5432,58.7,4831
MSitAE-JUNE-2023,RJ6,NHS ENGLAND LONDON,CROYDON HEALTH SERVICES NHS TRUST,12860,0,4417,0,0,0,5185,0,0,0,0,0,364,536,1280,0,0,138,,,,,,,2023-06-01,17277,5185,59.7,1418
MSitAE-JUNE-2023,RJ7,NHS ENGLAND LONDON,ST GEORGE'S UNIVERSITY HOSPITALS NHS FOUNDATION TRUST,8568,0,3167,847,0,0,3407,0,0,176,0,0,558,589,2430,0,0,773,,,,,,,2023-06-01,11735,3407,60.2,3203
MSitAE-JUNE-2023,RKE,NHS ENGLAND LONDON,WHITTINGTON HEALTH NHS TRUST,9098,0,0,0,0,0,3157,0,0,0,0,0,316,195,953,0,0,69,,,,,,,2023-06-01,9098,3157,65.3,1022
MSitAE-JUNE-2023,RTF,NHS ENGLAND NORTH EAST AND YORKSHIRE,NORTHUMBRIA HEALTHCARE NHS FOUNDATION TRUST,9227,0,10805,0,0,0,1917,0,12,0,0,0,33,0,5029,0,69,1050,,,,,,,2023-06-01,20032,1929,79.2,6148
MSitAE-JUNE-2023,RVR,NHS ENGLAND LONDON,EPSOM AND ST HELIER UNIVERSITY HOSPITALS NHS TRUST,13196,341,0,203,0,0,3399,0,0,28,0,0,599,366,1930,4,0,108,,,,,,,2023-06-01,13537,3399,74.2,2042
MSitAE-JUNE-2023,RWG,NHS ENGLAND EAST OF ENGLAND,WEST HERTFORDSHIRE TEACHING HOSPITALS NHS TRUST,7539,0,7384,0,0,1149,3811,0,488,0,0,26,892,0,3242,0,0,840,,,,,,,2023-06-01,14923,4299,49.4,4082
MSitAE-JUNE-2023,RWX,NHS ENGLAND SOUTH EAST,BERKSHIRE HEALTHCARE NHS FOUNDATION TRUST,0,0,1566,0,0,0,0,0,12,0,0,0,0,0,0,0,45,0,,,,,,,2023-06-01,1566,12,,45
MSitAE-JUNE-2023,RYJ,NHS ENGLAND LONDON,IMPERIAL COLLEGE HEALTHCARE NHS TRUST,12373,4086,7400,0,0,0,5555,23,158,0,0,0,978,49,3002,0,0,1135,,,,,,,2023-06-01,23859,5736,55.1,4137
MSitAE-JUNE-2023,Y03218,NHS ENGLAND LONDON,THE PINN UNREGISTERED WIC,0,0,824,0,0,0,0,0,0,0,0,0,0,0,0,0,0,0,,,,,,,2023-06-01,824,0,,0
MSitAE-JUNE-2023,RN3,NHS ENGLAND SOUTH WEST,GREAT WESTERN HOSPITALS NHS FOUNDATION TRUST,5433,0,5187,0,0,213,2488,0,333,0,0,10,401,96,2197,0,0,1425,,,,,,,2023-06-01,10620,2821,54.2,3622
MSitAE-JUNE-2023,RNS,NHS ENGLAND MIDLANDS,NORTHAMPTON GENERAL HOSPITAL NHS TRUST,9020,702,1964,174,0,41,3787,13,62,50,0,4,442,582,1859,0,0,1230,,,,,,,2023-06-01,11686,3862,58.0,3089
MSitAE-JUNE-2023,NQT51,NHS ENGLAND SOUTH EAST,STATION PLAZA HEALTH CENTRE,0,0,1386,0,0,0,0,0,0,0,0,0,0,0,0,0,0,0,,,,,,,2023-06-01,1386,0,,0
MSitAE-JUNE-2023,RM3,NHS ENGLAND NORTH WEST,NORTHERN CARE ALLIANCE NHS FOUNDATION TRUST,25177,0,7313,0,0,0,9989,0,165,0,0,0,1152,243,6576,0,341,1822,,,,,,,2023-06-01,32490,10154,60.3,8739
MSitAE-JUNE-2023,RMC,NHS ENGLAND NORTH WEST,BOLTON NHS FOUNDATION TRUST,9931,0,1511,31,0,12,3488,0,176,9,0,0,503,454,1983,0,68,705,,,,,,,2023-06-01,11442,3664,64.9,2756
MSitAE-JUNE-2023,RNU,NHS ENGLAND SOUTH EAST,OXFORD HEALTH NHS FOUNDATION TRUST,0,0,4739,0,0,0,0,0,385,0,0,0,0,0,0,0,0,0,,,,,,,2023-06-01,4739,385,,0
MSitAE-JUNE-2023,RTH,NHS ENGLAND SOUTH EAST,OXFORD UNIVERSITY HOSPITALS NHS FOUNDATION TRUST,12017,1843,466,1239,0,102,4735,0,8,437,0,0,574,0,3803,135,9,4009,,,,,,,2023-06-01,14326,4743,60.6,7956
MSitAE-JUNE-2023,R0A,NHS ENGLAND NORTH WEST,MANCHESTER UNIVERSITY NHS FOUNDATION TRUST,21596,3366,14633,1958,382,1020,7850,129,1650,515,9,252,2015,66,5503,184,376,488,,,,,,,2023-06-01,39595,9629,63.7,6551
MSitAE-JUNE-2023,RBL,NHS ENGLAND NORTH WEST,WIRRAL UNIVERSITY TEACHING HOSPITAL NHS FOUNDATION TRUST,8150,0,2771,162,0,178,4100,0,36,47,0,6,781,128,2040,0,0,1526,,,,,,,2023-06-01,10921,4136,49.7,3566
MSitAE-JUNE-2023,RGR,NHS ENGLAND EAST OF ENGLAND,WEST SUFFOLK NHS FOUNDATION TRUST,6927,0,675,179,0,0,2031,0,0,55,0,0,334,80,1940,0,0,642,,,,,,,2023-06-01,7602,2031,70.7,2582
MSitAE-JUNE-2023,RHW,NHS ENGLAND SOUTH EAST,ROYAL BERKSHIRE NHS FOUNDATION TRUST,12210,2489,0,469,0,0,3657,20,0,0,0,0,372,0,2335,1,0,803,,,,,,,2023-06-01,14699,3677,70.0,3139
MSitAE-JUNE-2023,RJR,NHS ENGLAND NORTH WEST,COUNTESS OF CHESTER HOSPITAL NHS FOUNDATION TRUST,6694,0,353,0,0,0,2643,0,5,0,0,0,319,495,1495,0,0,1107,,,,,,,2023-06-01,7047,2648,60.5,2602
MSitAE-JUNE-2023,RJ1,NHS ENGLAND LONDON,GUY'S AND ST THOMAS' NHS FOUNDATION TRUST,12893,823,2476,0,0,2013,4211,0,3,0,0,0,22,63,3490,0,0,936,,,,,,,2023-06-01,16192,4214,67.3,4426
MSitAE-JUNE-2023,RNQ,NHS ENGLAND MIDLANDS,KETTERING GENERAL HOSPITAL NHS FOUNDATION TRUST,9107,0,0,336,0,0,4493,0,0,0,0,0,1063,0,1954,0,0,160,,,,,,,2023-06-01,9107,4493,50.7,2114
MSitAE-JUNE-2023,RET,NHS ENGLAND NORTH WEST,THE WALTON CENTRE NHS FOUNDATION TRUST,0,0,0,0,0,0,0,0,0,0,0,0,0,0,0,0,0,162,,,,,,,2023-06-01,0,0,,162
MSitAE-JUNE-2023,RWF,NHS ENGLAND SOUTH EAST,MAIDSTONE AND TUNBRIDGE WELLS NHS TRUST,17855,0,2334,0,0,0,2355,0,13,0,0,0,682,0,5756,0,0,1207,,,,,,,2023-06-01,20189,2368,86.8,6963
MSitAE-JUNE-2023,RGT,NHS ENGLAND EAST OF ENGLAND,CAMBRIDGE UNIVERSITY HOSPITALS NHS FOUNDATION TRUST,9998,0,6770,99,0,49,5206,0,83,56,0,1,760,257,2635,0,23,557,,,,,,,2023-06-01,16768,5289,47.9,3215
MSitAE-JUNE-2023,RBN,NHS ENGLAND NORTH WEST,ST HELENS AND KNOWSLEY TEACHING HOSPITALS NHS TRUST,10054,0,4456,140,0,0,4591,0,291,20,0,0,194,6,5101,0,0,512,,,,,,,2023-06-01,14510,4882,54.3,5613
MSitAE-JUNE-2023,RX1,NHS ENGLAND MIDLANDS,NOTTINGHAM UNIVERSITY HOSPITALS NHS TRUST,15277,2030,238,433,0,0,8435,188,160,211,0,0,895,682,3777,0,0,3319,,,,,,,2023-06-01,17545,8783,44.8,7096
MSitAE-JUNE-2023,NLX,NHS ENGLAND SOUTH WEST,SIRONA CARE & HEALTH,0,0,8335,0,0,186,0,0,541,0,0,39,0,0,0,0,0,0,,,,,,,2023-06-01,8335,541,,0
MSitAE-JUNE-2023,RFS,NHS ENGLAND MIDLANDS,CHESTERFIELD ROYAL HOSPITAL NHS FOUNDATION TRUST,6284,0,2064,203,0,128,2493,0,128,77,0,10,514,17,2513,0,224,622,,,,,,,2023-06-01,8348,2621,60.3,3359
MSitAE-JUNE-2023,G0Q0L,NHS ENGLAND LONDON,BARKING HOSPITAL UTC,0,0,2610,0,0,0,0,0,227,0,0,0,0,0,0,0,0,0,,,,,,,2023-06-01,2610,227,,0
MSitAE-JUNE-2023,K6K0R,NHS ENGLAND LONDON,HAROLD WOOD POLYCLINIC UTC,0,0,2505,0,0,0,0,0,263,0,0,0,0,0,0,0,0,0,,,,,,,2023-06-01,2505,263,,0
MSitAE-MARCH-2024,NQTE4,NHS ENGLAND MIDLANDS,SUMMERFIELD URGENT CARE CENTRE,0,0,3571,0,0,0,0,0,0,0,0,0,0,0,0,0,0,0,,,,,,,2024-03-01,3571,0,,0
MSitAE-MARCH-2024,RAN,NHS ENGLAND LONDON,ROYAL NATIONAL ORTHOPAEDIC HOSPITAL NHS TRUST,0,0,0,0,0,0,0,0,0,0,0,0,0,0,0,0,0,34,,,,,,,2024-03-01,0,0,,34
MSitAE-MARCH-2024,RC9,NHS ENGLAND EAST OF ENGLAND,BEDFORDSHIRE HOSPITALS NHS FOUNDATION TRUST,16063,0,8681,0,0,699,6131,0,0,0,0,0,82,6,4818,0,0,2322,,,,,,,2024-03-01,24744,6131,61.8,7140
MSitAE-MARCH-2024,AD913,NHS ENGLAND LONDON,BECKENHAM BEACON UCC,0,0,4049,0,0,192,0,0,37,0,0,0,0,0,0,0,0,0,,,,,,,2024-03-01,4049,37,,0
MSitAE-MARCH-2024,NTV0B,NHS ENGLAND SOUTH EAST,ASHFORD WALK-IN-CENTRE,0,0,2651,0,0,0,0,0,75,0,0,0,0,0,0,0,0,0,,,,,,,2024-03-01,2651,75,,0
MSitAE-MARCH-2024,NTV0W,NHS ENGLAND SOUTH EAST,WOKING WALK IN CENTRE,0,0,2771,0,0,0,0,0,180,0,0,0,0,0,0,0,0,0,,,,,,,2024-03-01,2771,180,,0
MSitAE-MARCH-2024,RBQ,NHS ENGLAND NORTH WEST,LIVERPOOL HEART AND CHEST HOSPITAL NHS FOUNDATION TRUST,0,0,0,0,0,0,0,0,0,0,0,0,0,0,0,0,0,166,,,,,,,2024-03-01,0,0,,166
MSitAE-MARCH-2024,RQX,NHS ENGLAND LONDON,HOMERTON HEALTHCARE NHS FOUNDATION TRUST,11073,0,0,22,0,0,1946,0,0,0,0,0,163,37,1819,0,0,342,,,,,,,2024-03-01,11073,1946,82.4,2161
MSitAE-MARCH-2024,RW1,NHS ENGLAND SOUTH EAST,SOUTHERN HEALTH NHS FOUNDATION TRUST,0,0,3243,0,0,0,0,0,74,0,0,0,0,0,0,0,1,145,,,,,,,2024-03-01,3243,74,,146
MSitAE-MARCH-2024,RWY,NHS ENGLAND NORTH EAST AND YORKSHIRE,CALDERDALE AND HUDDERSFIELD NHS FOUNDATION TRUST,15474,0,0,0,0,0,3637,0,0,0,0,0,1187,2,3184,0,0,272,,,,,,,2024-03-01,15474,3637,76.5,3456
MSitAE-MARCH-2024,RXL,NHS ENGLAND NORTH WEST,BLACKPOOL TEACHING HOSPITALS NHS FOUNDATION TRUST,9136,0,10995,339,0,302,4160,0,121,110,0,0,544,439,2800,0,0,1455,,,,,,,2024-03-01,20131,4281,54.5,4255
MSitAE-MARCH-2024,RY5,NHS ENGLAND MIDLANDS,LINCOLNSHIRE COMMUNITY HEALTH SERVICES NHS TRUST,0,0,10692,0,0,0,0,0,780,0,0,0,0,0,0,0,0,0,,,,,,,2024-03-01,10692,780,,0
MSitAE-MARCH-2024,RY8,NHS ENGLAND MIDLANDS,DERBYSHIRE COMMUNITY HEALTH SERVICES NHS FOUNDATION TRUST,0,0,6751,0,0,1656,0,0,13,0,0,3,0,0,0,0,0,0,,,,,,,2024-03-01,6751,13,,0
MSitAE-MARCH-2024,RYF,NHS ENGLAND SOUTH WEST,SOUTH WESTERN AMBULANCE SERVICE NHS FOUNDATION TRUST,0,0,1727,0,0,25,0,0,90,0,0,2,0,0,0,0,0,0,,,,,,,2024-03-01,1727,90,,0
MSitAE-MARCH-2024,Y02532,NHS ENGLAND NORTH WEST,MIRIAM MINOR EMERGENCY,0,0,1725,0,0,0,0,0,1,0,0,0,0,0,0,0,0,0,,,,,,,2024-03-01,1725,1,,0
MSitAE-MARCH-2024,Y02615,NHS ENGLAND MIDLANDS,SOUTH BIRMINGHAM GP WALK IN CENTRE,0,0,7159,0,0,0,0,0,0,0,0,0,0,0,0,0,0,0,,,,,,,2024-03-01,7159,0,,0
MSitAE-MARCH-2024,Y02676,NHS ENGLAND SOUTH EAST,BRIGHTON STATION HEALTH CENTRE,0,0,1965,0,0,0,0,0,0,0,0,0,0,0,0,0,0,0,,,,,,,2024-03-01,1965,0,,0
MSitAE-MARCH-2024,8J094,NHS ENGLAND MIDLANDS,BADGER LTD,0,0,0,0,0,2193,0,0,0,0,0,0,0,0,0,0,0,0,,,,,,,2024-03-01,0,0,,0
MSitAE-MARCH-2024,ACH01,NHS ENGLAND SOUTH EAST,WHITSTABLE MEDICAL PRACTICE,0,0,4746,0,0,0,0,0,0,0,0,0,0,0,0,0,0,0,,,,,,,2024-03-01,4746,0,,0
MSitAE-MARCH-2024,C82038,NHS ENGLAND MIDLANDS,LATHAM HOUSE MEDICAL PRACTICE,0,0,242,0,0,0,0,0,0,0,0,0,0,0,0,0,0,0,,,,,,,2024-03-01,242,0,,0
MSitAE-MARCH-2024,L83087,NHS ENGLAND SOUTH WEST,OKEHAMPTON MEDICAL CENTRE,0,0,83,0,0,0,0,0,0,0,0,0,0,0,0,0,0,0,,,,,,,2024-03-01,83,0,,0
MSitAE-MARCH-2024,NL7,NHS ENGLAND MIDLANDS,ASSURA VERTIS URGENT CARE CENTRES (BIRMINGHAM),0,0,5061,0,0,0,0,0,0,0,0,0,0,0,0,0,0,0,,,,,,,2024-03-01,5061,0,,0
MSitAE-MARCH-2024,NQT5F,NHS ENGLAND NORTH WEST,SKELMERSDALE WALK IN CENTRE,0,0,2195,0,0,0,0,0,18,0,0,0,0,0,0,0,0,0,,,,,,,2024-03-01,2195,18,,0
MSitAE-MARCH-2024,NQT5H,NHS ENGLAND SOUTH WEST,PAULTON MEMORIAL HOSPITAL,0,0,952,0,0,0,0,0,8,0,0,0,0,0,0,0,0,0,,,,,,,2024-03-01,952,8,,0
MSitAE-MARCH-2024,RJ8,NHS ENGLAND SOUTH WEST,CORNWALL PARTNERSHIP NHS FOUNDATION TRUST,0,0,0,0,0,0,0,0,0,0,0,0,0,0,0,0,15,63,,,,,,,2024-03-01,0,0,,78
MSitAE-MARCH-2024,RJC,NHS ENGLAND MIDLANDS,SOUTH WARWICKSHIRE UNIVERSITY NHS FOUNDATION TRUST,8138,0,320,16,0,0,1508,0,0,0,0,0,251,5,2394,0,0,650,,,,,,,2024-03-01,8458,1508,81.5,3044
MSitAE-MARCH-2024,RPC,NHS ENGLAND SOUTH EAST,QUEEN VICTORIA HOSPITAL NHS FOUNDATION TRUST,0,0,1463,0,0,0,0,0,15,0,0,0,0,0,0,0,4,495,,,,,,,2024-03-01,1463,15,,499
MSitAE-MARCH-2024,RV9,NHS ENGLAND NORTH EAST AND YORKSHIRE,HUMBER TEACHING NHS FOUNDATION TRUST,0,0,1132,0,0,29,0,0,1,0,0,0,0,0,0,0,0,0,,,,,,,2024-03-01,1132,1,,0
MSitAE-MARCH-2024,RWA,NHS ENGLAND NORTH EAST AND YORKSHIRE,HULL UNIVERSITY TEACHING HOSPITALS NHS TRUST,9643,0,4431,0,0,0,5261,0,205,0,0,0,982,424,3472,0,0,1742,,,,,,,2024-03-01,14074,5466,45.4,5214
MSitAE-MARCH-2024,RXG,NHS ENGLAND NORTH EAST AND YORKSHIRE,SOUTH WEST YORKSHIRE PARTNERSHIP NHS FOUNDATION TRUST,0,0,0,0,0,0,0,0,0,0,0,0,0,0,0,0,0,114,,,,,,,2024-03-01,0,0,,114
MSitAE-MARCH-2024,Y03007,NHS ENGLAND MIDLANDS,ERDINGTON GP HEALTH & WELLBEING WIC,0,0,0,0,0,2181,0,0,0,0,0,0,0,0,0,0,0,0,,,,,,,2024-03-01,0,0,,0
MSitAE-MARCH-2024,AAH,NHS ENGLAND SOUTH WEST,TETBURY HOSPITAL TRUST LTD,0,0,532,0,0,0,0,0,1,0,0,0,0,0,0,0,0,0,,,,,,,2024-03-01,532,1,,0
MSitAE-MARCH-2024,AQN04,NHS ENGLAND SOUTH EAST,PHL LYMINGTON UTC,0,0,3015,0,0,25,0,0,12,0,0,0,0,0,0,0,0,0,,,,,,,2024-03-01,3015,12,,0
MSitAE-MARCH-2024,C82009,NHS ENGLAND MIDLANDS,MARKET HARBOROUGH MED.CTR,0,0,342,0,0,0,0,0,0,0,0,0,0,0,0,0,0,0,,,,,,,2024-03-01,342,0,,0
MSitAE-MARCH-2024,NR3,NHS ENGLAND MIDLANDS,NOTTINGHAM CITYCARE PARTNERSHIP,0,0,5828,0,0,280,0,0,1426,0,0,0,0,0,0,0,0,0,,,,,,,2024-03-01,5828,1426,,0
MSitAE-MARCH-2024,RK9,NHS ENGLAND SOUTH WEST,UNIVERSITY HOSPITALS PLYMOUTH NHS TRUST,8795,131,4712,0,0,0,5764,0,521,0,0,0,667,670,2693,0,0,1232,,,,,,,2024-03-01,13638,6285,34.5,3925
MSitAE-MARCH-2024,RLQ,NHS ENGLAND MIDLANDS,WYE VALLEY NHS TRUST,6221,1229,0,156,0,0,2580,0,0,44,0,0,429,247,2104,0,0,693,,,,,,,2024-03-01,7450,2580,58.5,2797
MSitAE-MARCH-2024,RNS,NHS ENGLAND MIDLANDS,NORTHAMPTON GENERAL HOSPITAL NHS TRUST,12125,575,2641,39,0,4,3940,14,98,12,0,0,302,1005,2000,0,0,1256,,,,,,,2024-03-01,15341,4052,67.5,3256
MSitAE-MARCH-2024,RQ3,NHS ENGLAND MIDLANDS,BIRMINGHAM WOMEN'S AND CHILDREN'S NHS FOUNDATION TRUST,5690,0,0,0,0,0,1458,0,0,0,0,0,0,6,1093,0,0,219,,,,,,,2024-03-01,5690,1458,74.4,1312
MSitAE-MARCH-2024,RRV,NHS ENGLAND LONDON,UNIVERSITY COLLEGE LONDON HOSPITALS NHS FOUNDATION TRUST,13018,0,0,484,0,0,4102,0,0,0,0,0,409,89,1436,0,0,272,,,,,,,2024-03-01,13018,4102,68.5,1708
MSitAE-MARCH-2024,Y02147,NHS ENGLAND LONDON,URGENT CARE CENTRE (QMS),0,0,8208,0,0,619,0,0,623,0,0,11,0,0,0,0,0,0,,,,,,,2024-03-01,8208,623,,0
MSitAE-MARCH-2024,NTP11,NHS ENGLAND SOUTH EAST,PRACTICE PLUS GROUP HOSPITAL - SOUTHAMPTON,0,0,5658,0,0,0,0,0,280,0,0,0,0,0,0,0,0,0,,,,,,,2024-03-01,5658,280,,0
MSitAE-MARCH-2024,RDY,NHS ENGLAND SOUTH WEST,DORSET HEALTHCARE UNIVERSITY NHS FOUNDATION TRUST,0,0,0,0,0,0,0,0,0,0,0,0,0,0,0,0,4,4,,,,,,,2024-03-01,0,0,,8
MSitAE-MARCH-2024,RFF,NHS ENGLAND NORTH EAST AND YORKSHIRE,BARNSLEY HOSPITAL NHS FOUNDATION TRUST,8546,0,0,451,0,0,2356,0,0,0,0,0,327,0,3034,0,0,592,,,,,,,2024-03-01,8546,2356,72.4,3626
MSitAE-MARCH-2024,RR7,NHS ENGLAND NORTH EAST AND YORKSHIRE,GATESHEAD HEALTH NHS FOUNDATION TRUST,5955,0,3933,40,0,40,2709,0,43,21,0,0,882,0,1852,0,0,803,,,,,,,2024-03-01,9888,2752,54.5,2655
MSitAE-MARCH-2024,AXG,NHS ENGLAND SOUTH WEST,WILTSHIRE HEALTH & CARE,0,0,2373,0,0,38,0,0,23,0,0,0,0,0,0,0,0,0,,,,,,,2024-03-01,2373,23,,0
MSitAE-MARCH-2024,RCD,NHS ENGLAND NORTH EAST AND YORKSHIRE,HARROGATE AND DISTRICT NHS FOUNDATION TRUST,4955,0,731,188,0,19,1248,0,0,36,0,0,332,35,1344,0,0,491,,,,,,,2024-03-01,5686,1248,74.8,1835
MSitAE-MARCH-2024,RFR,NHS ENGLAND NORTH EAST AND YORKSHIRE,THE ROTHERHAM NHS FOUNDATION TRUST,8946,0,0,0,0,0,3320,0,0,0,0,0,814,7,3109,0,0,541,,,,,,,2024-03-01,8946,3320,62.9,3650
MSitAE-MARCH-2024,RJR,NHS ENGLAND NORTH WEST,COUNTESS OF CHESTER HOSPITAL NHS FOUNDATION TRUST,6341,0,986,0,0,0,3367,0,126,0,0,0,339,631,1761,0,0,1257,,,,,,,2024-03-01,7327,3493,46.9,3018
MSitAE-MARCH-2024,RNU,NHS ENGLAND SOUTH EAST,OXFORD HEALTH NHS FOUNDATION TRUST,0,0,3553,0,0,0,0,0,476,0,0,0,0,0,0,0,0,0,,,,,,,2024-03-01,3553,476,,0
MSitAE-MARCH-2024,Y00751,NHS ENGLAND SOUTH EAST,EAST BERKS PRIMARY CARE OOH(WAM),0,0,0,0,0,0,0,0,0,0,0,0,0,0,0,0,0,0,,,,,,,2024-03-01,0,0,,0
MSitAE-MARCH-2024,NTPAD,NHS ENGLAND SOUTH EAST,PRACTICE PLUS GROUP SURGICAL CENTRE - ST MARYS PORTSMOUTH,0,0,6016,0,0,259,0,0,254,0,0,12,0,0,0,0,0,0,,,,,,,2024-03-01,6016,254,,0
MSitAE-MARCH-2024,R1F,NHS ENGLAND SOUTH EAST,ISLE OF WIGHT NHS TRUST,4273,0,1937,31,0,26,2002,0,0,17,0,0,265,140,1111,0,0,310,,,,,,,2024-03-01,6210,2002,53.1,1421
MSitAE-MARCH-2024,RBS,NHS ENGLAND NORTH WEST,ALDER HEY CHILDREN'S NHS FOUNDATION TRUST,6895,0,0,0,0,0,1073,0,0,0,0,0,0,0,1038,0,0,366,,,,,,,2024-03-01,6895,1073,84.4,1404
MSitAE-MARCH-2024,REM,NHS ENGLAND NORTH WEST,LIVERPOOL UNIVERSITY HOSPITALS NHS FOUNDATION TRUST,17661,197,8835,430,0,0,7801,0,576,59,0,0,2226,1390,5318,0,0,2577,,,,,,,2024-03-01,26693,8377,55.8,7895
MSitAE-MARCH-2024,RTP,NHS ENGLAND SOUTH EAST,SURREY AND SUSSEX HEALTHCARE NHS TRUST,10912,0,0,0,0,0,3341,0,0,0,0,0,579,491,3179,0,0,883,,,,,,,2024-03-01,10912,3341,69.4,4062
MSitAE-MARCH-2024,RTQ,NHS ENGLAND SOUTH WEST,GLOUCESTERSHIRE HEALTH AND CARE NHS FOUNDATION TRUST,0,0,6610,0,0,0,0,0,22,0,0,0,0,0,0,0,0,27,,,,,,,2024-03-01,6610,22,,27
MSitAE-MARCH-2024,RTX,NHS ENGLAND NORTH WEST,UNIVERSITY HOSPITALS OF MORECAMBE BAY NHS FOUNDATION TRUST,8260,0,4419,122,0,605,3216,0,199,31,0,36,633,497,3073,0,45,971,,,,,,,2024-03-01,12679,3415,61.1,4089
MSitAE-MARCH-2024,RW4,NHS ENGLAND NORTH WEST,MERSEY CARE NHS FOUNDATION TRUST,0,0,12633,0,0,0,0,0,1130,0,0,0,0,0,0,0,0,58,,,,,,,2024-03-01,12633,1130,,58
MSitAE-MARCH-2024,RXF,NHS ENGLAND NORTH EAST AND YORKSHIRE,MID YORKSHIRE TEACHING NHS TRUST,17595,116,6280,124,0,124,6696,0,431,9,0,0,2334,139,3637,0,171,980,,,,,,,2024-03-01,23991,7127,61.9,4788
MSitAE-MARCH-2024,Y03218,NHS ENGLAND LONDON,THE PINN UNREGISTERED WIC,0,0,1060,0,0,0,0,0,0,0,0,0,0,0,0,0,0,0,,,,,,,2024-03-01,1060,0,,0
MSitAE-MARCH-2024,NDJ,NHS ENGLAND SOUTH EAST,FIRST COMMUNITY HEALTH AND CARE CIC,0,0,2301,0,0,0,0,0,0,0,0,0,0,0,0,0,0,0,,,,,,,2024-03-01,2301,0,,0
MSitAE-MARCH-2024,NV693,NHS ENGLAND NORTH WEST,ROSSENDALE MIU & OOH,0,0,934,0,0,0,0,0,2,0,0,0,0,0,0,0,0,0,,,,,,,2024-03-01,934,2,,0
MSitAE-MARCH-2024,R0B,NHS ENGLAND NORTH EAST AND YORKSHIRE,SOUTH TYNESIDE AND SUNDERLAND NHS FOUNDATION TRUST,12058,1268,6472,484,0,1525,5495,18,136,232,0,39,814,0,4584,19,0,1333,,,,,,,2024-03-01,19798,5649,54.4,5936
MSitAE-MARCH-2024,R0D,NHS ENGLAND SOUTH WEST,UNIVERSITY HOSPITALS DORSET NHS FOUNDATION TRUST,13999,0,4423,0,0,0,5492,0,0,0,0,0,968,189,4282,1,0,2287,,,,,,,2024-03-01,18422,5492,60.8,6570
MSitAE-MARCH-2024,R1K,NHS ENGLAND LONDON,LONDON NORTH WEST UNIVERSITY HEALTHCARE NHS TRUST,14360,0,15664,0,0,0,6718,0,270,0,0,0,777,464,7268,0,0,401,,,,,,,2024-03-01,30024,6988,53.2,7669
MSitAE-MARCH-2024,RA7,NHS ENGLAND SOUTH WEST,UNIVERSITY HOSPITALS BRISTOL AND WESTON NHS FOUNDATION TRUST,16646,2309,0,0,0,0,5786,76,0,0,0,0,1229,249,5849,10,0,1608,,,,,,,2024-03-01,18955,5862,65.2,7467
MSitAE-MARCH-2024,RAE,NHS ENGLAND NORTH EAST AND YORKSHIRE,BRADFORD TEACHING HOSPITALS NHS FOUNDATION TRUST,9550,876,3206,0,0,0,2363,0,0,0,0,0,698,31,2521,0,106,1497,,,,,,,2024-03-01,13632,2363,75.3,4124
MSitAE-MARCH-2024,RAX,NHS ENGLAND LONDON,KINGSTON HOSPITAL NHS FOUNDATION TRUST,7719,0,8619,0,0,0,3793,0,403,0,0,0,381,334,2209,0,170,646,,,,,,,2024-03-01,16338,4196,50.9,3025
MSitAE-MARCH-2024,RDU,NHS ENGLAND SOUTH EAST,FRIMLEY HEALTH NHS FOUNDATION TRUST,23412,993,11851,0,0,0,8625,0,0,0,0,0,2234,218,6440,0,0,294,,,,,,,2024-03-01,36256,8625,63.2,6734
MSitAE-MARCH-2024,RF4,NHS ENGLAND LONDON,"BARKING, HAVERING AND REDBRIDGE UNIVERSITY HOSPITALS NHS TRUST",13244,2485,14761,0,0,0,6042,423,374,0,0,0,737,715,7810,0,0,461,,,,,,,2024-03-01,30490,6839,54.4,8271
MSitAE-MARCH-2024,RGN,NHS ENGLAND EAST OF ENGLAND,NORTH WEST ANGLIA NHS FOUNDATION TRUST,13327,0,4950,609,0,590,5455,0,552,143,0,53,586,614,3354,0,154,1727,,,,,,,2024-03-01,18277,6007,59.1,5235
MSitAE-MARCH-2024,RJE,NHS ENGLAND MIDLANDS,UNIVERSITY HOSPITALS OF NORTH MIDLANDS NHS TRUST,13499,446,8446,558,0,361,6665,0,65,200,0,6,789,1037,6019,0,0,2944,,,,,,,2024-03-01,22391,6730,50.6,8963
MSitAE-MARCH-2024,RJN,NHS ENGLAND NORTH WEST,EAST CHESHIRE NHS TRUST,4495,0,0,43,0,23,2119,0,0,0,0,0,248,280,929,0,0,196,,,,,,,2024-03-01,4495,2119,52.9,1125
MSitAE-MARCH-2024,RLT,NHS ENGLAND MIDLANDS,GEORGE ELIOT HOSPITAL NHS TRUST,6916,0,1822,0,0,0,1967,0,20,0,0,0,544,247,1010,0,0,30,,,,,,,2024-03-01,8738,1987,71.6,1040
MSitAE-MARCH-2024,RN7,NHS ENGLAND SOUTH EAST,DARTFORD AND GRAVESHAM NHS TRUST,12064,0,3698,0,0,0,4262,0,34,0,0,0,1108,88,3074,0,0,459,,,,,,,2024-03-01,15762,4296,64.7,3533
MSitAE-MARCH-2024,RNQ,NHS ENGLAND MIDLANDS,KETTERING GENERAL HOSPITAL NHS FOUNDATION TRUST,10150,0,2323,502,0,0,3556,0,68,0,0,0,1437,0,2100,0,0,191,,,,,,,2024-03-01,12473,3624,65.0,2291
MSitAE-MARCH-2024,RNZ,NHS ENGLAND SOUTH WEST,SALISBURY NHS FOUNDATION TRUST,4663,294,2148,306,0,0,1754,0,0,109,0,0,469,0,1457,0,0,936,,,,,,,2024-03-01,7105,1754,62.4,2393
MSitAE-MARCH-2024,RP6,NHS ENGLAND LONDON,MOORFIELDS EYE HOSPITAL NHS FOUNDATION TRUST,0,5700,0,0,0,0,0,268,0,0,0,0,0,0,0,2,0,190,,,,,,,2024-03-01,5700,268,,192
MSitAE-MARCH-2024,RQM,NHS ENGLAND LONDON,CHELSEA AND WESTMINSTER HOSPITAL NHS FOUNDATION TRUST,20106,0,6588,736,0,0,4714,0,193,0,0,0,943,41,2788,0,0,378,,,,,,,2024-03-01,26694,4907,76.6,3166
MSitAE-MARCH-2024,RQW,NHS ENGLAND EAST OF ENGLAND,THE PRINCESS ALEXANDRA HOSPITAL NHS TRUST,8471,0,2280,0,0,912,4024,0,0,0,0,0,433,101,2189,0,0,406,,,,,,,2024-03-01,10751,4024,52.5,2595
MSitAE-MARCH-2024,RTD,NHS ENGLAND NORTH EAST AND YORKSHIRE,THE NEWCASTLE UPON TYNE HOSPITALS NHS FOUNDATION TRUST,12923,1527,5490,0,0,918,5559,107,0,0,0,0,601,32,3791,23,0,2784,,,,,,,2024-03-01,19940,5666,57.0,6598
MSitAE-MARCH-2024,RWF,NHS ENGLAND SOUTH EAST,MAIDSTONE AND TUNBRIDGE WELLS NHS TRUST,19264,0,2329,713,0,158,2974,0,16,73,0,3,687,12,5478,0,0,932,,,,,,,2024-03-01,21593,2990,84.6,6410
MSitAE-MARCH-2024,RWJ,NHS ENGLAND NORTH WEST,STOCKPORT NHS FOUNDATION TRUST,9038,0,0,615,0,0,3565,0,0,193,0,0,856,349,2624,0,0,794,,,,,,,2024-03-01,9038,3565,60.6,3418
MSitAE-MARCH-2024,RWP,NHS ENGLAND MIDLANDS,WORCESTERSHIRE ACUTE HOSPITALS NHS TRUST,12885,0,5474,180,0,0,5864,0,12,60,0,0,1144,301,3843,0,0,1505,,,,,,,2024-03-01,18359,5876,54.5,5348
MSitAE-MARCH-2024,RXQ,NHS ENGLAND SOUTH EAST,BUCKINGHAMSHIRE HEALTHCARE NHS TRUST,10269,1223,3942,1,0,0,3806,0,110,1,0,0,327,149,4821,844,0,996,,,,,,,2024-03-01,15434,3916,62.9,6661
MSitAE-MARCH-2024,RXR,NHS ENGLAND NORTH WEST,EAST LANCASHIRE HOSPITALS NHS TRUST,12894,0,10058,0,0,0,4442,0,617,0,0,0,388,1192,3313,0,97,1858,,,,,,,2024-03-01,22952,5059,65.5,5268
MSitAE-MARCH-2024,RY4,NHS ENGLAND EAST OF ENGLAND,HERTFORDSHIRE COMMUNITY NHS TRUST,0,0,941,0,0,0,0,0,22,0,0,0,0,0,0,0,0,0,,,,,,,2024-03-01,941,22,,0
MSitAE-MARCH-2024,RY7,NHS ENGLAND NORTH WEST,WIRRAL COMMUNITY HEALTH AND CARE NHS FOUNDATION TRUST,0,0,4618,0,0,0,0,0,293,0,0,0,0,0,0,0,0,0,,,,,,,2024-03-01,4618,293,,0
MSitAE-MARCH-2024,NNJ07,NHS ENGLAND MIDLANDS,LOUGHBOROUGH URGENT CARE CENTRE,0,0,5920,0,0,641,0,0,3,0,0,1,0,0,0,0,0,0,,,,,,,2024-03-01,5920,3,,0
MSitAE-MARCH-2024,NNJ0H,NHS ENGLAND MIDLANDS,LLR EA - THE MERLYN VAZ HEALTH & SOCIAL CARE CENTRE,0,0,205,0,0,2263,0,0,0,0,0,0,0,0,0,0,0,0,,,,,,,2024-03-01,205,0,,0
MSitAE-MARCH-2024,NNJ12,NHS ENGLAND MIDLANDS,MARKET HARBOROUGH,0,0,137,0,0,398,0,0,0,0,0,0,0,0,0,0,0,0,,,,,,,2024-03-01,137,0,,0
MSitAE-MARCH-2024,NNJ13,NHS ENGLAND MIDLANDS,MELTON MOWBRAY,0,0,78,0,0,374,0,0,0,0,0,0,0,0,0,0,0,0,,,,,,,2024-03-01,78,0,,0
MSitAE-MARCH-2024,NNJ14,NHS ENGLAND MIDLANDS,OADBY,0,0,1614,0,0,2572,0,0,0,0,0,0,0,0,0,0,0,0,,,,,,,2024-03-01,1614,0,,0
MSitAE-MARCH-2024,NNJ15,NHS ENGLAND MIDLANDS,OAKHAM,0,0,88,0,0,419,0,0,0,0,0,0,0,0,0,0,0,0,,,,,,,2024-03-01,88,0,,0
MSitAE-MARCH-2024,RA2,NHS ENGLAND SOUTH EAST,ROYAL SURREY COUNTY HOSPITAL NHS FOUNDATION TRUST,6805,0,1423,715,0,18,1606,0,0,143,0,0,258,0,2569,0,0,1079,,,,,,,2024-03-01,8228,1606,76.4,3648
MSitAE-MARCH-2024,RAJ,NHS ENGLAND EAST OF ENGLAND,MID AND SOUTH ESSEX NHS FOUNDATION TRUST,31165,0,5972,590,0,145,9804,0,285,147,0,3,2886,7,9313,0,183,1269,,,,,,,2024-03-01,37137,10089,68.5,10765
MSitAE-MARCH-2024,RBK,NHS ENGLAND MIDLANDS,WALSALL HEALTHCARE NHS TRUST,8749,0,4337,443,0,151,2694,0,244,59,0,0,936,50,3720,0,0,792,,,,,,,2024-03-01,13086,2938,69.2,4512
MSitAE-MARCH-2024,RCU,NHS ENGLAND NORTH EAST AND YORKSHIRE,SHEFFIELD CHILDREN'S NHS FOUNDATION TRUST,4945,0,460,315,0,26,663,0,0,38,0,0,16,0,1060,0,0,118,,,,,,,2024-03-01,5405,663,86.6,1178
MSitAE-MARCH-2024,RDR,NHS ENGLAND SOUTH EAST,SUSSEX COMMUNITY NHS FOUNDATION TRUST,0,0,12287,0,0,0,0,0,368,0,0,0,0,0,0,0,0,0,,,,,,,2024-03-01,12287,368,,0
MSitAE-MARCH-2024,REP,NHS ENGLAND NORTH WEST,LIVERPOOL WOMEN'S NHS FOUNDATION TRUST,0,1249,0,0,158,0,0,120,0,0,0,0,0,0,0,79,0,19,,,,,,,2024-03-01,1249,120,,98
MSitAE-MARCH-2024,RGP,NHS ENGLAND EAST OF ENGLAND,JAMES PAGET UNIVERSITY HOSPITALS NHS FOUNDATION TRUST,6982,0,1776,101,0,0,2271,0,0,25,0,0,670,370,1731,0,0,440,,,,,,,2024-03-01,8758,2271,67.5,2171
MSitAE-MARCH-2024,RGT,NHS ENGLAND EAST OF ENGLAND,CAMBRIDGE UNIVERSITY HOSPITALS NHS FOUNDATION TRUST,10439,0,6041,626,0,501,4657,0,107,244,0,17,556,616,2860,0,30,425,,,,,,,2024-03-01,16480,4764,55.4,3315
MSitAE-MARCH-2024,RH5,NHS ENGLAND SOUTH WEST,SOMERSET NHS FOUNDATION TRUST,13225,0,10379,0,0,0,4600,0,221,0,0,0,480,49,3290,0,0,2160,,,,,,,2024-03-01,23604,4821,65.2,5450
MSitAE-MARCH-2024,RHM,NHS ENGLAND SOUTH EAST,UNIVERSITY HOSPITAL SOUTHAMPTON NHS FOUNDATION TRUST,12031,1364,0,164,0,0,3412,140,0,35,0,0,398,7,3677,17,0,1578,,,,,,,2024-03-01,13395,3552,71.6,5272
MSitAE-MARCH-2024,RJZ,NHS ENGLAND LONDON,KING'S COLLEGE HOSPITAL NHS FOUNDATION TRUST,16265,0,9742,82,0,1315,7591,0,786,20,0,166,1770,746,3655,0,0,521,,,,,,,2024-03-01,26007,8377,53.3,4176
MSitAE-MARCH-2024,RKB,NHS ENGLAND MIDLANDS,UNIVERSITY HOSPITALS COVENTRY AND WARWICKSHIRE NHS TRUST,11838,1824,8387,44,0,123,4881,80,204,16,0,1,246,66,3058,119,92,1630,,,,,,,2024-03-01,22049,5165,58.8,4899
MSitAE-MARCH-2024,RL1,NHS ENGLAND MIDLANDS,THE ROBERT JONES AND AGNES HUNT ORTHOPAEDIC HOSPITAL NHS FOUNDATION TRUST,0,0,0,0,0,0,0,0,0,0,0,0,0,0,0,0,0,26,,,,,,,2024-03-01,0,0,,26
MSitAE-MARCH-2024,RNN,NHS ENGLAND NORTH EAST AND YORKSHIRE,NORTH CUMBRIA INTEGRATED CARE NHS FOUNDATION TRUST,9079,0,1906,339,0,27,4242,0,19,82,0,0,705,727,2328,0,0,814,,,,,,,2024-03-01,10985,4261,53.3,3142
MSitAE-MARCH-2024,RTE,NHS ENGLAND SOUTH WEST,GLOUCESTERSHIRE HOSPITALS NHS FOUNDATION TRUST,12817,0,0,168,0,0,5391,0,0,60,0,0,413,847,2751,0,0,1808,,,,,,,2024-03-01,12817,5391,57.9,4559
MSitAE-MARCH-2024,RTK,NHS ENGLAND SOUTH EAST,ASHFORD AND ST PETER'S HOSPITALS NHS FOUNDATION TRUST,10373,0,0,0,0,0,3438,0,0,0,0,0,669,233,3121,0,0,453,,,,,,,2024-03-01,10373,3438,66.9,3574
MSitAE-MARCH-2024,RTR,NHS ENGLAND NORTH EAST AND YORKSHIRE,SOUTH TEES HOSPITALS NHS FOUNDATION TRUST,10602,0,5010,0,0,383,4494,0,346,0,0,13,626,37,2704,0,146,2254,,,,,,,2024-03-01,15612,4840,57.6,5104
MSitAE-MARCH-2024,RVR,NHS ENGLAND LONDON,EPSOM AND ST HELIER UNIVERSITY HOSPITALS NHS TRUST,13481,315,0,446,0,0,3270,0,0,39,0,0,360,616,1961,6,0,128,,,,,,,2024-03-01,13796,3270,75.7,2095
MSitAE-MARCH-2024,RVW,NHS ENGLAND NORTH EAST AND YORKSHIRE,NORTH TEES AND HARTLEPOOL NHS FOUNDATION TRUST,4953,0,12358,0,0,0,2080,0,87,0,0,0,108,0,1778,0,538,2182,,,,,,,2024-03-01,17311,2167,58.0,4498
MSitAE-MARCH-2024,RWE,NHS ENGLAND MIDLANDS,UNIVERSITY HOSPITALS OF LEICESTER NHS TRUST,21708,1886,0,0,0,0,9701,114,0,0,0,0,1637,982,6265,3,0,3542,,,,,,,2024-03-01,23594,9815,55.3,9810
MSitAE-MARCH-2024,RWW,NHS ENGLAND NORTH WEST,WARRINGTON AND HALTON TEACHING HOSPITALS NHS FOUNDATION TRUST,7199,0,3441,237,0,98,3635,0,175,95,0,5,673,726,1831,0,0,231,,,,,,,2024-03-01,10640,3810,49.5,2062
MSitAE-MARCH-2024,RXP,NHS ENGLAND NORTH EAST AND YORKSHIRE,COUNTY DURHAM AND DARLINGTON NHS FOUNDATION TRUST,13187,0,4618,0,0,7490,5625,0,0,0,0,0,2221,17,4700,0,0,767,,,,,,,2024-03-01,17805,5625,57.3,5467
MSitAE-MARCH-2024,RYX,NHS ENGLAND LONDON,CENTRAL LONDON COMMUNITY HEALTHCARE NHS TRUST,0,0,10328,0,0,606,0,0,298,0,0,7,0,0,0,0,0,0,,,,,,,2024-03-01,10328,298,,0
MSitAE-MARCH-2024,ARN03,NHS ENGLAND NORTH EAST AND YORKSHIRE,LOCAL CARE DIRECT,0,0,2380,0,0,304,0,0,0,0,0,0,0,0,0,0,0,0,,,,,,,2024-03-01,2380,0,,0
MSitAE-MARCH-2024,NNF09,NHS ENGLAND NORTH EAST AND YORKSHIRE,BRANSHOLME HEALTH CENTRE,0,0,4092,0,0,0,0,0,769,0,0,0,0,0,0,0,0,0,,,,,,,2024-03-01,4092,769,,0
MSitAE-MARCH-2024,NNF94,NHS ENGLAND NORTH EAST AND YORKSHIRE,EAST RIDING COMMUNITY HOSPITAL,0,0,2691,0,0,0,0,0,399,0,0,0,0,0,0,0,0,0,,,,,,,2024-03-01,2691,399,,0
MSitAE-MARCH-2024,NNFA7,NHS ENGLAND NORTH EAST AND YORKSHIRE,GOOLE & DISTRICT HOSPITAL,0,0,1599,0,0,0,0,0,64,0,0,0,0,0,0,0,0,0,,,,,,,2024-03-01,1599,64,,0
MSitAE-MARCH-2024,R1D,NHS ENGLAND MIDLANDS,SHROPSHIRE COMMUNITY HEALTH NHS TRUST,0,0,3181,0,0,0,0,0,1,0,0,0,0,0,0,0,0,2,,,,,,,2024-03-01,3181,1,,2
MSitAE-MARCH-2024,RAP,NHS ENGLAND LONDON,NORTH MIDDLESEX UNIVERSITY HOSPITAL NHS TRUST,8510,446,7860,101,0,162,4607,0,1241,52,0,23,263,852,1602,0,0,160,,,,,,,2024-03-01,16816,5848,45.9,1762
MSitAE-MARCH-2024,RAS,NHS ENGLAND LONDON,THE HILLINGDON HOSPITALS NHS FOUNDATION TRUST,6088,0,7142,0,0,0,2830,0,22,0,0,0,380,8,2894,0,0,202,,,,,,,2024-03-01,13230,2852,53.5,3096
MSitAE-MARCH-2024,RBD,NHS ENGLAND SOUTH WEST,DORSET COUNTY HOSPITAL NHS FOUNDATION TRUST,4473,0,0,330,0,3987,1793,0,0,92,0,11,208,40,1885,0,0,521,,,,,,,2024-03-01,4473,1793,59.9,2406
MSitAE-MARCH-2024,RBT,NHS ENGLAND NORTH WEST,MID CHESHIRE HOSPITALS NHS FOUNDATION TRUST,7544,0,2879,106,0,44,4106,0,42,19,0,0,640,532,2016,0,0,1071,,,,,,,2024-03-01,10423,4148,45.6,3087
MSitAE-MARCH-2024,RCB,NHS ENGLAND NORTH EAST AND YORKSHIRE,YORK AND SCARBOROUGH TEACHING HOSPITALS NHS FOUNDATION TRUST,10880,394,8665,0,0,484,6378,0,270,0,0,19,972,722,4553,2,0,1570,,,,,,,2024-03-01,19939,6648,41.4,6125
MSitAE-MARCH-2024,RD1,NHS ENGLAND SOUTH WEST,ROYAL UNITED HOSPITALS BATH NHS FOUNDATION TRUST,9246,0,0,0,0,0,3495,0,0,0,0,0,727,16,2659,0,8,1619,,,,,,,2024-03-01,9246,3495,62.2,4286
MSitAE-MARCH-2024,RD8,NHS ENGLAND EAST OF ENGLAND,MILTON KEYNES UNIVERSITY HOSPITAL NHS FOUNDATION TRUST,8282,0,5808,509,0,154,2901,0,137,186,0,0,558,0,2232,0,0,430,,,,,,,2024-03-01,14090,3038,65.0,2662
MSitAE-MARCH-2024,RDE,NHS ENGLAND EAST OF ENGLAND,EAST SUFFOLK AND NORTH ESSEX NHS FOUNDATION TRUST,15474,0,13882,810,0,221,5498,0,226,0,0,0,996,408,6850,0,376,1054,,,,,,,2024-03-01,29356,5724,64.5,8280
MSitAE-MARCH-2024,RET,NHS ENGLAND NORTH WEST,THE WALTON CENTRE NHS FOUNDATION TRUST,0,0,0,0,0,0,0,0,0,0,0,0,0,0,0,0,0,163,,,,,,,2024-03-01,0,0,,163
MSitAE-MARCH-2024,RFS,NHS ENGLAND MIDLANDS,CHESTERFIELD ROYAL HOSPITAL NHS FOUNDATION TRUST,7049,0,1630,252,0,127,3195,0,229,84,0,14,700,74,2812,0,248,736,,,,,,,2024-03-01,8679,3424,54.7,3796
MSitAE-MARCH-2024,RH8,NHS ENGLAND SOUTH WEST,ROYAL DEVON UNIVERSITY HEALTHCARE NHS FOUNDATION TRUST,12532,485,4223,1312,0,55,3684,63,37,309,0,2,827,40,4322,0,0,2188,,,,,,,2024-03-01,17240,3784,70.6,6510
MSitAE-MARCH-2024,RHQ,NHS ENGLAND NORTH EAST AND YORKSHIRE,SHEFFIELD TEACHING HOSPITALS NHS FOUNDATION TRUST,9145,1013,7905,378,1,1208,4633,0,262,157,0,31,1421,9,3801,0,0,2759,,,,,,,2024-03-01,18063,4895,49.3,6560
MSitAE-MARCH-2024,RHW,NHS ENGLAND SOUTH EAST,ROYAL BERKSHIRE NHS FOUNDATION TRUST,12492,2297,0,847,0,0,4886,20,0,0,0,0,780,0,2646,3,0,802,,,,,,,2024-03-01,14789,4906,60.9,3451
MSitAE-MARCH-2024,RJ1,NHS ENGLAND LONDON,GUY'S AND ST THOMAS' NHS FOUNDATION TRUST,10903,756,6467,0,0,0,4114,0,326,0,0,0,135,32,2631,0,0,263,,,,,,,2024-03-01,18126,4440,62.3,2894
MSitAE-MARCH-2024,RJ6,NHS ENGLAND LONDON,CROYDON HEALTH SERVICES NHS TRUST,13691,0,5528,10,0,0,4596,0,0,7,0,0,438,565,1473,0,0,125,,,,,,,2024-03-01,19219,4596,66.4,1598
MSitAE-MARCH-2024,RK5,NHS ENGLAND MIDLANDS,SHERWOOD FOREST HOSPITALS NHS FOUNDATION TRUST,11030,0,5857,18,0,136,4186,0,549,6,0,3,739,107,3535,0,1,419,,,,,,,2024-03-01,16887,4735,62.0,3955
MSitAE-MARCH-2024,RM1,NHS ENGLAND EAST OF ENGLAND,NORFOLK AND NORWICH UNIVERSITY HOSPITALS NHS FOUNDATION TRUST,12008,0,9825,468,0,1,4279,0,2,104,0,0,798,151,2631,0,0,1762,,,,,,,2024-03-01,21833,4281,64.4,4393
MSitAE-MARCH-2024,RM3,NHS ENGLAND NORTH WEST,NORTHERN CARE ALLIANCE NHS FOUNDATION TRUST,25891,0,9136,0,0,0,11273,0,161,0,0,0,1496,621,7384,0,397,1614,,,,,,,2024-03-01,35027,11434,56.5,9395
MSitAE-MARCH-2024,RMP,NHS ENGLAND NORTH WEST,TAMESIDE AND GLOSSOP INTEGRATED CARE NHS FOUNDATION TRUST,8044,0,2978,390,0,269,4676,0,0,0,0,0,575,113,2519,0,0,594,,,,,,,2024-03-01,11022,4676,41.9,3113
MSitAE-MARCH-2024,RN5,NHS ENGLAND SOUTH EAST,HAMPSHIRE HOSPITALS NHS FOUNDATION TRUST,12751,158,494,0,0,130,5240,0,1,0,0,1,858,46,4223,4,0,1148,,,,,,,2024-03-01,13403,5241,58.9,5375
MSitAE-MARCH-2024,RNA,NHS ENGLAND MIDLANDS,THE DUDLEY GROUP NHS FOUNDATION TRUST,9525,0,5057,145,0,735,3064,0,219,16,0,0,1935,98,3444,0,0,2060,,,,,,,2024-03-01,14582,3283,67.8,5504
MSitAE-MARCH-2024,RP5,NHS ENGLAND NORTH EAST AND YORKSHIRE,DONCASTER AND BASSETLAW TEACHING HOSPITALS NHS FOUNDATION TRUST,13355,0,3809,0,0,0,4101,0,1,0,0,0,823,174,3715,0,471,1218,,,,,,,2024-03-01,17164,4102,69.3,5404
MSitAE-MARCH-2024,RR8,NHS ENGLAND NORTH EAST AND YORKSHIRE,LEEDS TEACHING HOSPITALS NHS TRUST,17985,713,13073,51,0,43,7158,0,214,16,0,0,1710,371,3822,0,0,1195,,,,,,,2024-03-01,31771,7372,60.2,5017
MSitAE-MARCH-2024,RVJ,NHS ENGLAND SOUTH WEST,NORTH BRISTOL NHS TRUST,9405,0,0,45,0,0,3408,0,0,16,0,0,723,260,2876,0,0,1912,,,,,,,2024-03-01,9405,3408,63.8,4788
MSitAE-MARCH-2024,RWD,NHS ENGLAND MIDLANDS,UNITED LINCOLNSHIRE HOSPITALS NHS TRUST,10655,0,10715,0,0,0,6921,0,1507,0,0,0,1135,919,4411,0,0,1229,,,,,,,2024-03-01,21370,8428,35.0,5640
MSitAE-MARCH-2024,RWG,NHS ENGLAND EAST OF ENGLAND,WEST HERTFORDSHIRE TEACHING HOSPITALS NHS TRUST,8393,0,8392,0,0,504,3228,0,548,0,0,0,1017,44,3984,0,0,570,,,,,,,2024-03-01,16785,3776,61.5,4554
MSitAE-MARCH-2024,RWH,NHS ENGLAND EAST OF ENGLAND,EAST AND NORTH HERTFORDSHIRE NHS TRUST,9645,0,7211,13,0,484,4609,0,37,7,0,1,249,37,3297,0,101,305,,,,,,,2024-03-01,16856,4646,52.2,3703
MSitAE-MARCH-2024,RX1,NHS ENGLAND MIDLANDS,NOTTINGHAM UNIVERSITY HOSPITALS NHS TRUST,15724,2012,290,530,0,0,8164,78,6,280,0,0,823,503,4145,0,0,3874,,,,,,,2024-03-01,18026,8248,48.1,8019
MSitAE-MARCH-2024,RXN,NHS ENGLAND NORTH WEST,LANCASHIRE TEACHING HOSPITALS NHS FOUNDATION TRUST,12327,0,4326,282,0,105,5210,0,274,79,0,0,1038,476,2970,0,189,1442,,,,,,,2024-03-01,16653,5484,57.7,4601
MSitAE-MARCH-2024,RXW,NHS ENGLAND MIDLANDS,THE SHREWSBURY AND TELFORD HOSPITAL NHS TRUST,10819,0,2379,102,0,504,6335,0,401,32,0,7,487,844,2990,0,52,2307,,,,,,,2024-03-01,13198,6736,41.4,5349
MSitAE-MARCH-2024,RYG,NHS ENGLAND MIDLANDS,COVENTRY AND WARWICKSHIRE PARTNERSHIP NHS TRUST,0,0,0,0,0,0,0,0,0,0,0,0,0,0,0,0,2,74,,,,,,,2024-03-01,0,0,,76
MSitAE-MARCH-2024,RYJ,NHS ENGLAND LONDON,IMPERIAL COLLEGE HEALTHCARE NHS TRUST,12195,3881,7240,0,0,366,4572,17,657,0,0,0,624,108,4283,0,0,1185,,,,,,,2024-03-01,23316,5246,62.5,5468
MSitAE-MARCH-2024,AJN,NHS ENGLAND NORTH EAST AND YORKSHIRE,WORKINGTON HEALTH LIMITED,0,0,334,0,0,0,0,0,0,0,0,0,0,0,0,0,0,0,,,,,,,2024-03-01,334,0,,0
MSitAE-MARCH-2024,C83023,NHS ENGLAND MIDLANDS,SLEAFORD MEDICAL GROUP,0,0,614,0,0,0,0,0,0,0,0,0,0,0,0,0,0,10,,,,,,,2024-03-01,614,0,,10
MSitAE-MARCH-2024,R1H,NHS ENGLAND LONDON,BARTS HEALTH NHS TRUST,25521,924,18063,0,0,0,10915,34,1053,0,0,0,1076,1472,5272,0,0,1151,,,,,,,2024-03-01,44508,12002,57.2,6423
MSitAE-MARCH-2024,RCF,NHS ENGLAND NORTH EAST AND YORKSHIRE,AIREDALE NHS FOUNDATION TRUST,5682,264,20,527,0,0,2019,0,0,0,0,0,336,46,1630,0,0,592,,,,,,,2024-03-01,5966,2019,64.5,2222
MSitAE-MARCH-2024,RCX,NHS ENGLAND EAST OF ENGLAND,"THE QUEEN ELIZABETH HOSPITAL, KING'S LYNN, NHS FOUNDATION TRUST",6694,0,1354,11,0,0,2357,0,0,1,0,0,340,161,2418,0,0,673,,,,,,,2024-03-01,8048,2357,64.8,3091
MSitAE-MARCH-2024,REF,NHS ENGLAND SOUTH WEST,ROYAL CORNWALL HOSPITALS NHS TRUST,6214,0,11738,0,0,0,3563,0,659,0,0,0,455,649,2116,0,57,1062,,,,,,,2024-03-01,17952,4222,42.7,3235
MSitAE-MARCH-2024,RJ2,NHS ENGLAND LONDON,LEWISHAM AND GREENWICH NHS TRUST,14639,0,12266,42,0,0,8325,0,1777,8,0,0,1105,776,3717,0,0,1386,,,,,,,2024-03-01,26905,10102,43.1,5103
MSitAE-MARCH-2024,RKE,NHS ENGLAND LONDON,WHITTINGTON HEALTH NHS TRUST,9562,0,0,0,0,0,2574,0,0,0,0,0,304,364,1111,0,0,47,,,,,,,2024-03-01,9562,2574,73.1,1158
MSitAE-MARCH-2024,RTF,NHS ENGLAND NORTH EAST AND YORKSHIRE,NORTHUMBRIA HEALTHCARE NHS FOUNDATION TRUST,10269,0,12670,0,0,0,3651,0,15,0,0,0,77,1,5160,0,88,1320,,,,,,,2024-03-01,22939,3666,64.4,6568
MSitAE-MARCH-2024,RTG,NHS ENGLAND MIDLANDS,UNIVERSITY HOSPITALS OF DERBY AND BURTON NHS FOUNDATION TRUST,21347,0,10491,392,0,48,8062,0,9,109,0,2,1058,428,4342,0,8,2284,,,,,,,2024-03-01,31838,8071,62.2,6634
MSitAE-MARCH-2024,RWX,NHS ENGLAND SOUTH EAST,BERKSHIRE HEALTHCARE NHS FOUNDATION TRUST,0,0,1546,0,0,0,0,0,10,0,0,0,0,0,0,0,40,0,,,,,,,2024-03-01,1546,10,,40
MSitAE-MARCH-2024,RXC,NHS ENGLAND SOUTH EAST,EAST SUSSEX HEALTHCARE NHS TRUST,10088,0,2555,940,0,1124,3054,0,34,0,0,0,210,0,3794,0,0,533,,,,,,,2024-03-01,12643,3088,69.7,4327
MSitAE-MARCH-2024,RXK,NHS ENGLAND MIDLANDS,SANDWELL AND WEST BIRMINGHAM HOSPITALS NHS TRUST,14571,1140,10774,1125,0,0,7225,168,876,255,0,0,1793,421,2916,0,0,499,,,,,,,2024-03-01,26485,8269,50.4,3415
MSitAE-MARCH-2024,R0A,NHS ENGLAND NORTH WEST,MANCHESTER UNIVERSITY NHS FOUNDATION TRUST,25564,3414,12307,2965,414,854,12133,110,858,1393,8,119,3891,620,5783,195,166,464,,,,,,,2024-03-01,41285,13101,52.5,6608
MSitAE-MARCH-2024,RBV,NHS ENGLAND NORTH WEST,THE CHRISTIE NHS FOUNDATION TRUST,0,0,0,0,0,0,0,0,0,0,0,0,0,0,0,0,0,676,,,,,,,2024-03-01,0,0,,676
MSitAE-MARCH-2024,NNJ,NHS ENGLAND MIDLANDS,DHU HEALTH CARE C.I.C,0,0,2349,0,0,0,0,0,19,0,0,0,0,0,0,0,0,0,,,,,,,2024-03-01,2349,19,,0
MSitAE-MARCH-2024,NQT51,NHS ENGLAND SOUTH EAST,STATION PLAZA HEALTH CENTRE,0,0,1559,0,0,0,0,0,0,0,0,0,0,0,0,0,0,0,,,,,,,2024-03-01,1559,0,,0
MSitAE-MARCH-2024,Y02428,NHS ENGLAND EAST OF ENGLAND,PUTNOE WALK IN CENTRE,0,0,3493,0,0,0,0,0,0,0,0,0,0,0,0,0,0,0,,,,,,,2024-03-01,3493,0,,0
MSitAE-MARCH-2024,DT301,NHS ENGLAND EAST OF ENGLAND,HERTS URGENT CARE (ASCOTS LANE),0,0,2384,0,0,0,0,0,35,0,0,0,0,0,0,0,0,0,,,,,,,2024-03-01,2384,35,,0
MSitAE-MARCH-2024,RAL,NHS ENGLAND LONDON,ROYAL FREE LONDON NHS FOUNDATION TRUST,19364,0,8638,0,0,0,8200,0,354,0,0,0,1016,751,4012,0,0,592,,,,,,,2024-03-01,28002,8554,57.7,4604
MSitAE-MARCH-2024,RJ7,NHS ENGLAND LONDON,ST GEORGE'S UNIVERSITY HOSPITALS NHS FOUNDATION TRUST,9144,0,3209,1072,0,0,2383,0,0,130,0,0,402,746,2640,0,0,678,,,,,,,2024-03-01,12353,2383,73.9,3318
MSitAE-MARCH-2024,RMC,NHS ENGLAND NORTH WEST,BOLTON NHS FOUNDATION TRUST,7941,0,3287,48,0,36,3974,0,387,16,0,5,460,654,2267,0,109,747,,,,,,,2024-03-01,11228,4361,50.0,3123
MSitAE-MARCH-2024,RPA,NHS ENGLAND SOUTH EAST,MEDWAY NHS FOUNDATION TRUST,9537,0,7107,467,0,1166,2988,0,1053,83,0,0,414,798,2440,0,0,1110,,,,,,,2024-03-01,16644,4041,68.7,3550
MSitAE-MARCH-2024,RRK,NHS ENGLAND MIDLANDS,UNIVERSITY HOSPITALS BIRMINGHAM NHS FOUNDATION TRUST,33705,268,1422,79,0,231,14326,0,11,22,0,3,2462,2220,11156,0,0,4739,,,,,,,2024-03-01,35395,14337,57.5,15895
MSitAE-MARCH-2024,RY2,NHS ENGLAND NORTH WEST,BRIDGEWATER COMMUNITY HEALTHCARE NHS FOUNDATION TRUST,0,0,3837,0,0,210,0,0,6,0,0,0,0,0,0,0,0,0,,,,,,,2024-03-01,3837,6,,0
MSitAE-MARCH-2024,RBL,NHS ENGLAND NORTH WEST,WIRRAL UNIVERSITY TEACHING HOSPITAL NHS FOUNDATION TRUST,8050,0,3087,149,0,181,4332,0,67,52,0,9,705,587,2102,0,0,1788,,,,,,,2024-03-01,11137,4399,46.2,3890
MSitAE-MARCH-2024,RJL,NHS ENGLAND NORTH EAST AND YORKSHIRE,NORTHERN LINCOLNSHIRE AND GOOLE NHS FOUNDATION TRUST,15829,0,0,0,0,0,5324,0,0,0,0,0,707,926,4862,0,0,354,,,,,,,2024-03-01,15829,5324,66.4,5216
MSitAE-MARCH-2024,RBN,NHS ENGLAND NORTH WEST,MERSEY AND WEST LANCASHIRE TEACHING HOSPITALS NHS TRUST,18465,0,7972,386,0,0,6876,0,420,64,0,0,591,344,7529,0,0,609,,,,,,,2024-03-01,26437,7296,62.8,8138
MSitAE-MARCH-2024,RGR,NHS ENGLAND EAST OF ENGLAND,WEST SUFFOLK NHS FOUNDATION TRUST,7863,0,834,76,0,0,2285,0,0,0,0,0,551,398,2217,0,0,632,,,,,,,2024-03-01,8697,2285,70.9,2849
MSitAE-MARCH-2024,RHU,NHS ENGLAND SOUTH EAST,PORTSMOUTH HOSPITALS UNIVERSITY NATIONAL HEALTH SERVICE TRUST,10683,820,3247,1374,0,852,4938,7,117,700,0,13,1474,22,3870,0,0,2659,,,,,,,2024-03-01,14750,5062,53.8,6529
MSitAE-MARCH-2024,RN3,NHS ENGLAND SOUTH WEST,GREAT WESTERN HOSPITALS NHS FOUNDATION TRUST,5498,0,5712,0,0,251,2411,0,521,0,0,5,501,69,2450,0,0,1694,,,,,,,2024-03-01,11210,2932,56.1,4144
MSitAE-MARCH-2024,RTH,NHS ENGLAND SOUTH EAST,OXFORD UNIVERSITY HOSPITALS NHS FOUNDATION TRUST,12383,1820,511,1421,0,106,4172,0,4,337,0,2,942,1,4490,151,19,4402,,,,,,,2024-03-01,14714,4176,66.3,9062
MSitAE-MARCH-2024,RRF,NHS ENGLAND NORTH WEST,"WRIGHTINGTON, WIGAN AND LEIGH NHS FOUNDATION TRUST",7524,0,5433,0,0,0,3682,0,48,0,0,0,1135,492,2272,0,0,833,,,,,,,2024-03-01,12957,3730,51.1,3105
MSitAE-MARCH-2024,RVV,NHS ENGLAND SOUTH EAST,EAST KENT HOSPITALS UNIVERSITY NHS FOUNDATION TRUST,13484,0,13002,0,0,0,6697,0,416,0,0,0,615,1131,3870,0,499,1090,,,,,,,2024-03-01,26486,7113,50.3,5459
MSitAE-MARCH-2024,RYY,NHS ENGLAND SOUTH EAST,KENT COMMUNITY HEALTH NHS FOUNDATION TRUST,0,0,10550,0,0,0,0,0,40,0,0,0,0,0,0,0,0,0,,,,,,,2024-03-01,10550,40,,0
MSitAE-MARCH-2024,Y07709,NHS ENGLAND SOUTH EAST,READING URGENT CARE CENTRE,0,0,2725,0,0,0,0,0,0,0,0,0,0,0,0,0,0,0,,,,,,,2024-03-01,2725,0,,0
MSitAE-MARCH-2024,RL4,NHS ENGLAND MIDLANDS,THE ROYAL WOLVERHAMPTON NHS TRUST,13076,0,8146,184,0,897,4302,0,512,0,0,3,660,481,6075,0,0,985,,,,,,,2024-03-01,21222,4814,67.1,7060
MSitAE-MARCH-2024,RYR,NHS ENGLAND SOUTH EAST,UNIVERSITY HOSPITALS SUSSEX NHS FOUNDATION TRUST,23135,1537,5480,1352,0,1165,10476,69,532,487,0,31,1760,1142,8354,37,27,1469,,,,,,,2024-03-01,30152,11077,54.7,9887
MSitAE-MARCH-2024,NLX,NHS ENGLAND SOUTH WEST,SIRONA CARE & HEALTH,0,0,8340,0,0,241,0,0,647,0,0,74,0,0,0,0,0,0,,,,,,,2024-03-01,8340,647,,0
MSitAE-MARCH-2024,RA9,NHS ENGLAND SOUTH WEST,TORBAY AND SOUTH DEVON NHS FOUNDATION TRUST,6276,0,3134,431,0,8,3224,0,11,196,0,0,335,103,2161,0,0,1230,,,,,,,2024-03-01,9410,3235,48.6,3391
MSitAE-MARCH-2024,G0Q0L,NHS ENGLAND LONDON,BARKING HOSPITAL UTC,0,0,2948,0,0,0,0,0,61,0,0,0,0,0,0,0,0,0,,,,,,,2024-03-01,2948,61,,0
MSitAE-MARCH-2024,K6K0R,NHS ENGLAND LONDON,HAROLD WOOD POLYCLINIC UTC,0,0,3071,0,0,0,0,0,54,0,0,0,0,0,0,0,0,0,,,,,,,2024-03-01,3071,54,,0
MSitAE-MAY-2023,AAH,NHS ENGLAND SOUTH WEST,TETBURY HOSPITAL TRUST LTD,0,0,410,0,0,0,0,0,0,0,0,0,0,0,0,0,0,0,,,,,,,2023-05-01,410,0,,0
MSitAE-MAY-2023,NDJ,NHS ENGLAND SOUTH EAST,FIRST COMMUNITY HEALTH AND CARE CIC,0,0,2458,0,0,0,0,0,0,0,0,0,0,0,0,0,0,0,,,,,,,2023-05-01,2458,0,,0
MSitAE-MAY-2023,NL7,NHS ENGLAND MIDLANDS,ASSURA VERTIS URGENT CARE CENTRES (BIRMINGHAM),0,0,5364,0,0,0,0,0,0,0,0,0,0,0,0,0,0,0,,,,,,,2023-05-01,5364,0,,0
MSitAE-MAY-2023,RPC,NHS ENGLAND SOUTH EAST,QUEEN VICTORIA HOSPITAL NHS FOUNDATION TRUST,0,0,1648,0,0,0,0,0,5,0,0,0,0,0,0,0,2,532,,,,,,,2023-05-01,1648,5,,534
MSitAE-MAY-2023,Y00751,NHS ENGLAND SOUTH EAST,EAST BERKS PRIMARY CARE OOH(WAM),0,0,0,0,0,0,0,0,0,0,0,0,0,0,0,0,0,0,,,,,,,2023-05-01,0,0,,0
MSitAE-MAY-2023,AQN04,NHS ENGLAND SOUTH EAST,PHL LYMINGTON UTC,0,0,2960,0,0,66,0,0,23,0,0,0,0,0,0,0,0,0,,,,,,,2023-05-01,2960,23,,0
MSitAE-MAY-2023,C82038,NHS ENGLAND MIDLANDS,LATHAM HOUSE MEDICAL PRACTICE,0,0,350,0,0,0,0,0,0,0,0,0,0,0,0,0,0,0,,,,,,,2023-05-01,350,0,,0
MSitAE-MAY-2023,L83087,NHS ENGLAND SOUTH WEST,OKEHAMPTON MEDICAL CENTRE,0,0,95,0,0,0,0,0,0,0,0,0,0,0,0,0,0,0,,,,,,,2023-05-01,95,0,,0
MSitAE-MAY-2023,NQT51,NHS ENGLAND SOUTH EAST,STATION PLAZA HEALTH CENTRE,0,0,1597,0,0,0,0,0,0,0,0,0,0,0,0,0,0,0,,,,,,,2023-05-01,1597,0,,0
MSitAE-MAY-2023,RWY,NHS ENGLAND NORTH EAST AND YORKSHIRE,CALDERDALE AND HUDDERSFIELD NHS FOUNDATION TRUST,15166,0,0,0,0,0,4357,0,0,0,0,0,921,3,2969,0,0,918,,,,,,,2023-05-01,15166,4357,71.3,3887
MSitAE-MAY-2023,RXF,NHS ENGLAND NORTH EAST AND YORKSHIRE,MID YORKSHIRE TEACHING NHS TRUST,16989,0,6459,124,0,18,0,0,0,0,0,0,1767,13,3931,0,195,977,,,,,,,2023-05-01,23448,0,100.0,5103
MSitAE-MAY-2023,RY4,NHS ENGLAND EAST OF ENGLAND,HERTFORDSHIRE COMMUNITY NHS TRUST,0,0,1195,0,0,0,0,0,29,0,0,0,0,0,0,0,0,0,,,,,,,2023-05-01,1195,29,,0
MSitAE-MAY-2023,Y02532,NHS ENGLAND NORTH WEST,MIRIAM MINOR EMERGENCY,0,0,1798,0,0,0,0,0,17,0,0,0,0,0,0,0,0,0,,,,,,,2023-05-01,1798,17,,0
MSitAE-MAY-2023,Y02615,NHS ENGLAND MIDLANDS,SOUTH BIRMINGHAM GP WALK IN CENTRE,0,0,8812,0,0,0,0,0,0,0,0,0,0,0,0,0,0,0,,,,,,,2023-05-01,8812,0,,0
MSitAE-MAY-2023,ARN03,NHS ENGLAND NORTH EAST AND YORKSHIRE,LOCAL CARE DIRECT,0,0,2173,0,0,169,0,0,0,0,0,0,0,0,0,0,0,0,,,,,,,2023-05-01,2173,0,,0
MSitAE-MAY-2023,NQTE4,NHS ENGLAND MIDLANDS,SUMMERFIELD URGENT CARE CENTRE,0,0,4210,0,0,0,0,0,0,0,0,0,0,0,0,0,0,0,,,,,,,2023-05-01,4210,0,,0
MSitAE-MAY-2023,RA9,NHS ENGLAND SOUTH WEST,TORBAY AND SOUTH DEVON NHS FOUNDATION TRUST,6359,0,3521,125,0,0,3798,0,58,64,0,0,711,119,1739,0,0,936,,,,,,,2023-05-01,9880,3856,40.3,2675
MSitAE-MAY-2023,RBQ,NHS ENGLAND NORTH WEST,LIVERPOOL HEART AND CHEST HOSPITAL NHS FOUNDATION TRUST,0,0,0,0,0,0,0,0,0,0,0,0,0,0,0,0,0,158,,,,,,,2023-05-01,0,0,,158
MSitAE-MAY-2023,REM,NHS ENGLAND NORTH WEST,LIVERPOOL UNIVERSITY HOSPITALS NHS FOUNDATION TRUST,16289,230,8140,493,0,0,6952,0,388,41,0,0,1799,908,5021,0,0,2030,,,,,,,2023-05-01,24659,7340,57.3,7051
MSitAE-MAY-2023,RFF,NHS ENGLAND NORTH EAST AND YORKSHIRE,BARNSLEY HOSPITAL NHS FOUNDATION TRUST,8383,0,0,357,0,0,1861,0,0,0,0,0,284,0,2564,0,0,524,,,,,,,2023-05-01,8383,1861,77.8,3088
MSitAE-MAY-2023,RY7,NHS ENGLAND NORTH WEST,WIRRAL COMMUNITY HEALTH AND CARE NHS FOUNDATION TRUST,0,0,4541,0,0,0,0,0,255,0,0,0,0,0,0,0,0,0,,,,,,,2023-05-01,4541,255,,0
MSitAE-MAY-2023,NQT5F,NHS ENGLAND NORTH WEST,SKELMERSDALE WALK IN CENTRE,0,0,1862,0,0,0,0,0,15,0,0,0,0,0,0,0,0,0,,,,,,,2023-05-01,1862,15,,0
MSitAE-MAY-2023,NQT5H,NHS ENGLAND SOUTH WEST,PAULTON MEMORIAL HOSPITAL,0,0,869,0,0,0,0,0,21,0,0,0,0,0,0,0,0,0,,,,,,,2023-05-01,869,21,,0
MSitAE-MAY-2023,NTV0B,NHS ENGLAND SOUTH EAST,ASHFORD WALK-IN-CENTRE,0,0,2594,0,0,0,0,0,148,0,0,0,0,0,0,0,0,0,,,,,,,2023-05-01,2594,148,,0
MSitAE-MAY-2023,NTV0W,NHS ENGLAND SOUTH EAST,WOKING WALK IN CENTRE,0,0,2894,0,0,0,0,0,245,0,0,0,0,0,0,0,0,0,,,,,,,2023-05-01,2894,245,,0
MSitAE-MAY-2023,R0B,NHS ENGLAND NORTH EAST AND YORKSHIRE,SOUTH TYNESIDE AND SUNDERLAND NHS FOUNDATION TRUST,11924,1491,6214,439,0,1101,5225,31,176,208,0,33,828,11,4407,27,0,1157,,,,,,,2023-05-01,19629,5432,56.2,5591
MSitAE-MAY-2023,RAE,NHS ENGLAND NORTH EAST AND YORKSHIRE,BRADFORD TEACHING HOSPITALS NHS FOUNDATION TRUST,10922,0,1369,0,0,0,3098,0,2,0,0,0,906,29,2901,0,92,1471,,,,,,,2023-05-01,12291,3100,71.6,4464
MSitAE-MAY-2023,RDY,NHS ENGLAND SOUTH WEST,DORSET HEALTHCARE UNIVERSITY NHS FOUNDATION TRUST,0,0,0,0,0,0,0,0,0,0,0,0,0,0,0,0,3,4,,,,,,,2023-05-01,0,0,,7
MSitAE-MAY-2023,RJN,NHS ENGLAND NORTH WEST,EAST CHESHIRE NHS TRUST,4123,0,0,77,0,26,1892,0,0,0,0,0,155,503,824,0,0,151,,,,,,,2023-05-01,4123,1892,54.1,975
MSitAE-MAY-2023,RR7,NHS ENGLAND NORTH EAST AND YORKSHIRE,GATESHEAD HEALTH NHS FOUNDATION TRUST,6466,0,3370,33,0,43,2573,0,55,13,0,0,964,5,1730,0,0,784,,,,,,,2023-05-01,9836,2628,60.2,2514
MSitAE-MAY-2023,RW1,NHS ENGLAND SOUTH EAST,SOUTHERN HEALTH NHS FOUNDATION TRUST,0,0,2876,0,0,0,0,0,32,0,0,0,0,0,0,0,5,163,,,,,,,2023-05-01,2876,32,,168
MSitAE-MAY-2023,RWE,NHS ENGLAND MIDLANDS,UNIVERSITY HOSPITALS OF LEICESTER NHS TRUST,21003,1932,0,0,0,0,10251,90,0,0,0,0,1511,1046,5100,3,0,3220,,,,,,,2023-05-01,22935,10341,51.2,8323
MSitAE-MAY-2023,RY8,NHS ENGLAND MIDLANDS,DERBYSHIRE COMMUNITY HEALTH SERVICES NHS FOUNDATION TRUST,0,0,8034,0,0,1579,0,0,0,0,0,0,0,0,0,0,0,0,,,,,,,2023-05-01,8034,0,,0
MSitAE-MAY-2023,Y02428,NHS ENGLAND EAST OF ENGLAND,PUTNOE WALK IN CENTRE,0,0,2458,0,0,0,0,0,0,0,0,0,0,0,0,0,0,0,,,,,,,2023-05-01,2458,0,,0
MSitAE-MAY-2023,Y02676,NHS ENGLAND SOUTH EAST,BRIGHTON STATION HEALTH CENTRE,0,0,1816,0,0,0,0,0,0,0,0,0,0,0,0,0,0,0,,,,,,,2023-05-01,1816,0,,0
MSitAE-MAY-2023,RCD,NHS ENGLAND NORTH EAST AND YORKSHIRE,HARROGATE AND DISTRICT NHS FOUNDATION TRUST,4865,0,890,110,0,62,1078,0,1,22,0,0,89,1,1321,0,0,427,,,,,,,2023-05-01,5755,1079,77.8,1748
MSitAE-MAY-2023,RGP,NHS ENGLAND EAST OF ENGLAND,JAMES PAGET UNIVERSITY HOSPITALS NHS FOUNDATION TRUST,7003,0,0,116,0,0,2501,0,0,36,0,0,585,270,1663,0,0,469,,,,,,,2023-05-01,7003,2501,64.3,2132
MSitAE-MAY-2023,RJR,NHS ENGLAND NORTH WEST,COUNTESS OF CHESTER HOSPITAL NHS FOUNDATION TRUST,7017,0,369,0,0,0,2932,0,5,0,0,0,521,637,1515,0,0,1094,,,,,,,2023-05-01,7386,2937,58.2,2609
MSitAE-MAY-2023,RJZ,NHS ENGLAND LONDON,KING'S COLLEGE HOSPITAL NHS FOUNDATION TRUST,14788,0,8661,82,0,1312,6992,0,1079,31,0,277,1534,555,3822,0,0,542,,,,,,,2023-05-01,23449,8071,52.7,4364
MSitAE-MAY-2023,RLT,NHS ENGLAND MIDLANDS,GEORGE ELIOT HOSPITAL NHS TRUST,6065,0,1544,285,0,333,1822,0,21,0,0,0,690,0,923,0,0,20,,,,,,,2023-05-01,7609,1843,70.0,943
MSitAE-MAY-2023,RQX,NHS ENGLAND LONDON,HOMERTON HEALTHCARE NHS FOUNDATION TRUST,10903,0,0,25,0,0,2470,0,0,0,0,0,192,23,1681,0,0,158,,,,,,,2023-05-01,10903,2470,77.3,1839
MSitAE-MAY-2023,RTD,NHS ENGLAND NORTH EAST AND YORKSHIRE,THE NEWCASTLE UPON TYNE HOSPITALS NHS FOUNDATION TRUST,12539,1598,5880,0,0,810,4704,75,0,0,0,0,361,11,3288,24,0,2877,,,,,,,2023-05-01,20017,4779,62.5,6189
MSitAE-MAY-2023,RXQ,NHS ENGLAND SOUTH EAST,BUCKINGHAMSHIRE HEALTHCARE NHS TRUST,8616,1120,3133,0,0,0,3921,0,139,0,0,0,361,360,3579,724,0,1128,,,,,,,2023-05-01,12869,4060,54.5,5431
MSitAE-MAY-2023,RWP,NHS ENGLAND MIDLANDS,WORCESTERSHIRE ACUTE HOSPITALS NHS TRUST,12334,0,6437,185,0,1,6285,0,9,81,0,0,962,287,3313,0,0,1287,,,,,,,2023-05-01,18771,6294,49.0,4600
MSitAE-MAY-2023,RYY,NHS ENGLAND SOUTH EAST,KENT COMMUNITY HEALTH NHS FOUNDATION TRUST,0,0,9939,0,0,0,0,0,41,0,0,0,0,0,0,0,0,0,,,,,,,2023-05-01,9939,41,,0
MSitAE-MAY-2023,8J094,NHS ENGLAND MIDLANDS,BADGER LTD,0,0,0,0,0,1853,0,0,0,0,0,0,0,0,0,0,0,0,,,,,,,2023-05-01,0,0,,0
MSitAE-MAY-2023,ACH01,NHS ENGLAND SOUTH EAST,WHITSTABLE MEDICAL PRACTICE,0,0,4720,0,0,0,0,0,0,0,0,0,0,0,0,0,0,0,,,,,,,2023-05-01,4720,0,,0
MSitAE-MAY-2023,C82009,NHS ENGLAND MIDLANDS,MARKET HARBOROUGH MED.CTR,0,0,327,0,0,0,0,0,0,0,0,0,0,0,0,0,0,0,,,,,,,2023-05-01,327,0,,0
MSitAE-MAY-2023,R1K,NHS ENGLAND LONDON,LONDON NORTH WEST UNIVERSITY HEALTHCARE NHS TRUST,12331,0,14117,225,0,0,5830,0,233,108,0,0,756,299,6560,0,0,1387,,,,,,,2023-05-01,26448,6063,52.7,7947
MSitAE-MAY-2023,RA7,NHS ENGLAND SOUTH WEST,UNIVERSITY HOSPITALS BRISTOL AND WESTON NHS FOUNDATION TRUST,15391,2317,0,0,0,0,5637,122,0,0,0,0,1182,435,4720,10,0,1336,,,,,,,2023-05-01,17708,5759,63.4,6066
MSitAE-MAY-2023,RAN,NHS ENGLAND LONDON,ROYAL NATIONAL ORTHOPAEDIC HOSPITAL NHS TRUST,0,0,0,0,0,0,0,0,0,0,0,0,0,0,0,0,0,32,,,,,,,2023-05-01,0,0,,32
MSitAE-MAY-2023,RAS,NHS ENGLAND LONDON,THE HILLINGDON HOSPITALS NHS FOUNDATION TRUST,5962,0,6597,0,0,0,3341,0,191,0,0,0,623,14,1801,0,0,428,,,,,,,2023-05-01,12559,3532,44.0,2229
MSitAE-MAY-2023,RBD,NHS ENGLAND SOUTH WEST,DORSET COUNTY HOSPITAL NHS FOUNDATION TRUST,4485,0,0,250,0,3686,1678,0,0,52,0,6,156,8,1702,0,0,479,,,,,,,2023-05-01,4485,1678,62.6,2181
MSitAE-MAY-2023,RBV,NHS ENGLAND NORTH WEST,THE CHRISTIE NHS FOUNDATION TRUST,0,0,0,0,0,0,0,0,0,0,0,0,0,0,0,0,0,702,,,,,,,2023-05-01,0,0,,702
MSitAE-MAY-2023,RC9,NHS ENGLAND EAST OF ENGLAND,BEDFORDSHIRE HOSPITALS NHS FOUNDATION TRUST,15969,0,7093,0,0,1054,0,0,0,0,0,0,114,0,4580,0,0,2467,,,,,,,2023-05-01,23062,0,100.0,7047
MSitAE-MAY-2023,RGR,NHS ENGLAND EAST OF ENGLAND,WEST SUFFOLK NHS FOUNDATION TRUST,6928,0,706,102,0,0,0,0,0,0,0,0,435,171,2012,0,0,677,,,,,,,2023-05-01,7634,0,100.0,2689
MSitAE-MAY-2023,RJ8,NHS ENGLAND SOUTH WEST,CORNWALL PARTNERSHIP NHS FOUNDATION TRUST,0,0,0,0,0,0,0,0,0,0,0,0,0,0,0,0,16,57,,,,,,,2023-05-01,0,0,,73
MSitAE-MAY-2023,RL1,NHS ENGLAND MIDLANDS,THE ROBERT JONES AND AGNES HUNT ORTHOPAEDIC HOSPITAL NHS FOUNDATION TRUST,0,0,0,0,0,0,0,0,0,0,0,0,0,0,0,0,0,19,,,,,,,2023-05-01,0,0,,19
MSitAE-MAY-2023,RL4,NHS ENGLAND MIDLANDS,THE ROYAL WOLVERHAMPTON NHS TRUST,13379,0,7011,0,0,584,4141,0,155,0,0,0,780,55,6198,0,0,898,,,,,,,2023-05-01,20390,4296,69.0,7096
MSitAE-MAY-2023,RTP,NHS ENGLAND SOUTH EAST,SURREY AND SUSSEX HEALTHCARE NHS TRUST,9115,0,1096,0,0,0,2595,0,46,0,0,0,817,178,3207,0,0,767,,,,,,,2023-05-01,10211,2641,71.5,3974
MSitAE-MAY-2023,RTQ,NHS ENGLAND SOUTH WEST,GLOUCESTERSHIRE HEALTH AND CARE NHS FOUNDATION TRUST,0,0,6586,0,0,0,0,0,10,0,0,0,0,0,0,0,0,20,,,,,,,2023-05-01,6586,10,,20
MSitAE-MAY-2023,RV9,NHS ENGLAND NORTH EAST AND YORKSHIRE,HUMBER TEACHING NHS FOUNDATION TRUST,0,0,1033,0,0,40,0,0,5,0,0,1,0,0,0,0,0,0,,,,,,,2023-05-01,1033,5,,0
MSitAE-MAY-2023,RVJ,NHS ENGLAND SOUTH WEST,NORTH BRISTOL NHS TRUST,8928,0,0,92,0,0,2620,0,0,19,0,0,652,39,3069,0,0,1746,,,,,,,2023-05-01,8928,2620,70.7,4815
MSitAE-MAY-2023,RW4,NHS ENGLAND NORTH WEST,MERSEY CARE NHS FOUNDATION TRUST,0,0,12132,0,0,0,0,0,271,0,0,0,0,0,0,0,0,95,,,,,,,2023-05-01,12132,271,,95
MSitAE-MAY-2023,RWW,NHS ENGLAND NORTH WEST,WARRINGTON AND HALTON TEACHING HOSPITALS NHS FOUNDATION TRUST,7362,0,3276,254,0,157,3062,0,78,60,0,6,686,566,2219,0,0,208,,,,,,,2023-05-01,10638,3140,58.4,2427
MSitAE-MAY-2023,RXG,NHS ENGLAND NORTH EAST AND YORKSHIRE,SOUTH WEST YORKSHIRE PARTNERSHIP NHS FOUNDATION TRUST,0,0,0,0,0,0,0,0,0,0,0,0,0,0,0,0,0,139,,,,,,,2023-05-01,0,0,,139
MSitAE-MAY-2023,RXL,NHS ENGLAND NORTH WEST,BLACKPOOL TEACHING HOSPITALS NHS FOUNDATION TRUST,8905,0,11394,258,0,230,4002,0,57,67,0,0,487,931,2553,0,0,1718,,,,,,,2023-05-01,20299,4059,55.1,4271
MSitAE-MAY-2023,RY5,NHS ENGLAND MIDLANDS,LINCOLNSHIRE COMMUNITY HEALTH SERVICES NHS TRUST,0,0,8663,0,0,0,0,0,317,0,0,0,0,0,0,0,0,0,,,,,,,2023-05-01,8663,317,,0
MSitAE-MAY-2023,RYF,NHS ENGLAND SOUTH WEST,SOUTH WESTERN AMBULANCE SERVICE NHS FOUNDATION TRUST,0,0,1953,0,0,0,0,0,140,0,0,0,0,0,0,0,0,0,,,,,,,2023-05-01,1953,140,,0
MSitAE-MAY-2023,RYG,NHS ENGLAND MIDLANDS,COVENTRY AND WARWICKSHIRE PARTNERSHIP NHS TRUST,0,0,0,0,0,0,0,0,0,0,0,0,0,0,0,0,6,57,,,,,,,2023-05-01,0,0,,63
MSitAE-MAY-2023,Y03007,NHS ENGLAND MIDLANDS,ERDINGTON GP HEALTH & WELLBEING WIC,0,0,0,0,0,1826,0,0,0,0,0,0,0,0,0,0,0,0,,,,,,,2023-05-01,0,0,,0
MSitAE-MAY-2023,AXG,NHS ENGLAND SOUTH WEST,WILTSHIRE HEALTH & CARE,0,0,2461,0,0,69,0,0,99,0,0,3,0,0,0,0,0,0,,,,,,,2023-05-01,2461,99,,0
MSitAE-MAY-2023,NNF09,NHS ENGLAND NORTH EAST AND YORKSHIRE,BRANSHOLME HEALTH CENTRE,0,0,4176,0,0,0,0,0,731,0,0,0,0,0,0,0,0,0,,,,,,,2023-05-01,4176,731,,0
MSitAE-MAY-2023,NNF94,NHS ENGLAND NORTH EAST AND YORKSHIRE,EAST RIDING COMMUNITY HOSPITAL,0,0,2932,0,0,0,0,0,508,0,0,0,0,0,0,0,0,0,,,,,,,2023-05-01,2932,508,,0
MSitAE-MAY-2023,NTPAD,NHS ENGLAND SOUTH EAST,PRACTICE PLUS GROUP SURGICAL CENTRE - ST MARYS PORTSMOUTH,0,0,5592,0,0,279,0,0,32,0,0,2,0,0,0,0,0,0,,,,,,,2023-05-01,5592,32,,0
MSitAE-MAY-2023,NV693,NHS ENGLAND NORTH WEST,ROSSENDALE MIU & OOH,0,0,1049,0,0,0,0,0,0,0,0,0,0,0,0,0,0,0,,,,,,,2023-05-01,1049,0,,0
MSitAE-MAY-2023,R1D,NHS ENGLAND MIDLANDS,SHROPSHIRE COMMUNITY HEALTH NHS TRUST,0,0,3639,0,0,0,0,0,9,0,0,0,0,0,0,0,0,0,,,,,,,2023-05-01,3639,9,,0
MSitAE-MAY-2023,RAJ,NHS ENGLAND EAST OF ENGLAND,MID AND SOUTH ESSEX NHS FOUNDATION TRUST,30787,0,1964,763,0,114,10192,0,69,244,0,2,2259,9,8713,0,236,1265,,,,,,,2023-05-01,32751,10261,66.9,10214
MSitAE-MAY-2023,RAX,NHS ENGLAND LONDON,KINGSTON HOSPITAL NHS FOUNDATION TRUST,7124,0,3071,0,0,0,3593,0,218,0,0,0,51,655,1788,0,157,577,,,,,,,2023-05-01,10195,3811,49.6,2522
MSitAE-MAY-2023,RBK,NHS ENGLAND MIDLANDS,WALSALL HEALTHCARE NHS TRUST,7957,0,4478,343,0,152,2466,0,99,53,0,0,504,7,3176,0,0,717,,,,,,,2023-05-01,12435,2565,69.0,3893
MSitAE-MAY-2023,RBS,NHS ENGLAND NORTH WEST,ALDER HEY CHILDREN'S NHS FOUNDATION TRUST,5772,0,0,0,0,0,877,0,0,0,0,0,0,0,1008,0,0,244,,,,,,,2023-05-01,5772,877,84.8,1252
MSitAE-MAY-2023,RCX,NHS ENGLAND EAST OF ENGLAND,"THE QUEEN ELIZABETH HOSPITAL, KING'S LYNN, NHS FOUNDATION TRUST",6526,0,1002,56,0,0,2686,0,0,16,0,0,717,437,2291,0,0,563,,,,,,,2023-05-01,7528,2686,58.8,2854
MSitAE-MAY-2023,RDU,NHS ENGLAND SOUTH EAST,FRIMLEY HEALTH NHS FOUNDATION TRUST,20445,0,0,1552,0,0,0,0,0,0,0,0,2086,0,5701,0,0,329,,,,,,,2023-05-01,20445,0,100.0,6030
MSitAE-MAY-2023,RF4,NHS ENGLAND LONDON,"BARKING, HAVERING AND REDBRIDGE UNIVERSITY HOSPITALS NHS TRUST",11270,2338,14322,0,0,0,6713,486,4383,0,0,0,816,810,5511,0,0,437,,,,,,,2023-05-01,27930,11582,40.4,5948
MSitAE-MAY-2023,RGN,NHS ENGLAND EAST OF ENGLAND,NORTH WEST ANGLIA NHS FOUNDATION TRUST,12305,0,4624,58,0,471,5686,0,740,20,0,40,558,583,2982,0,111,1295,,,,,,,2023-05-01,16929,6426,53.8,4388
MSitAE-MAY-2023,RH8,NHS ENGLAND SOUTH WEST,ROYAL DEVON UNIVERSITY HEALTHCARE NHS FOUNDATION TRUST,11956,0,3070,1203,0,43,5462,0,44,483,0,3,957,82,3395,0,0,2237,,,,,,,2023-05-01,15026,5506,54.3,5632
MSitAE-MAY-2023,RNZ,NHS ENGLAND SOUTH WEST,SALISBURY NHS FOUNDATION TRUST,4264,258,1832,207,0,0,1550,0,0,71,0,0,403,16,1195,0,0,811,,,,,,,2023-05-01,6354,1550,63.6,2006
MSitAE-MAY-2023,RQ3,NHS ENGLAND MIDLANDS,BIRMINGHAM WOMEN'S AND CHILDREN'S NHS FOUNDATION TRUST,5113,0,0,0,0,0,718,0,0,0,0,0,0,0,879,0,0,227,,,,,,,2023-05-01,5113,718,86.0,1106
MSitAE-MAY-2023,RQW,NHS ENGLAND EAST OF ENGLAND,THE PRINCESS ALEXANDRA HOSPITAL NHS TRUST,9089,0,0,1241,0,0,4853,0,0,0,0,0,473,99,1979,0,0,428,,,,,,,2023-05-01,9089,4853,46.6,2407
MSitAE-MAY-2023,RVW,NHS ENGLAND NORTH EAST AND YORKSHIRE,NORTH TEES AND HARTLEPOOL NHS FOUNDATION TRUST,4432,0,11503,0,0,0,0,0,0,0,0,0,92,4,1584,0,490,2047,,,,,,,2023-05-01,15935,0,100.0,4121
MSitAE-MAY-2023,RWF,NHS ENGLAND SOUTH EAST,MAIDSTONE AND TUNBRIDGE WELLS NHS TRUST,18094,0,2401,0,0,0,2625,0,10,0,0,0,746,4,5750,0,0,1241,,,,,,,2023-05-01,20495,2635,85.5,6991
MSitAE-MAY-2023,AD913,NHS ENGLAND LONDON,BECKENHAM BEACON UCC,0,0,3574,0,0,283,0,0,23,0,0,0,0,0,0,0,0,0,,,,,,,2023-05-01,3574,23,,0
MSitAE-MAY-2023,AJN,NHS ENGLAND NORTH EAST AND YORKSHIRE,WORKINGTON HEALTH LIMITED,0,0,504,0,0,0,0,0,0,0,0,0,0,0,0,0,0,0,,,,,,,2023-05-01,504,0,,0
MSitAE-MAY-2023,NNF76,NHS ENGLAND NORTH EAST AND YORKSHIRE,THE WILBERFORCE HEALTH CENTRE,0,0,2974,0,0,0,0,0,0,0,0,0,0,0,0,0,0,0,,,,,,,2023-05-01,2974,0,,0
MSitAE-MAY-2023,NNFA7,NHS ENGLAND NORTH EAST AND YORKSHIRE,GOOLE & DISTRICT HOSPITAL,0,0,1600,0,0,0,0,0,10,0,0,0,0,0,0,0,0,0,,,,,,,2023-05-01,1600,10,,0
MSitAE-MAY-2023,NNJ,NHS ENGLAND MIDLANDS,DHU HEALTH CARE C.I.C,0,0,2077,0,0,0,0,0,1,0,0,0,0,0,0,0,0,0,,,,,,,2023-05-01,2077,1,,0
MSitAE-MAY-2023,NTP11,NHS ENGLAND SOUTH EAST,PRACTICE PLUS GROUP HOSPITAL - SOUTHAMPTON,0,0,5634,0,0,0,0,0,847,0,0,0,0,0,0,0,0,0,,,,,,,2023-05-01,5634,847,,0
MSitAE-MAY-2023,RAT,NHS ENGLAND LONDON,NORTH EAST LONDON NHS FOUNDATION TRUST,0,0,2237,0,0,0,0,0,124,0,0,0,0,0,0,0,0,0,,,,,,,2023-05-01,2237,124,,0
MSitAE-MAY-2023,RCF,NHS ENGLAND NORTH EAST AND YORKSHIRE,AIREDALE NHS FOUNDATION TRUST,5727,322,4,397,0,0,2219,0,0,0,0,0,237,16,1445,0,0,599,,,,,,,2023-05-01,6053,2219,61.3,2044
MSitAE-MAY-2023,RD8,NHS ENGLAND EAST OF ENGLAND,MILTON KEYNES UNIVERSITY HOSPITAL NHS FOUNDATION TRUST,8183,0,4942,564,0,137,3320,0,89,250,0,0,717,0,1738,0,0,397,,,,,,,2023-05-01,13125,3409,59.4,2135
MSitAE-MAY-2023,REP,NHS ENGLAND NORTH WEST,LIVERPOOL WOMEN'S NHS FOUNDATION TRUST,0,1230,0,0,94,0,0,89,0,0,0,0,0,0,0,94,0,19,,,,,,,2023-05-01,1230,89,,113
MSitAE-MAY-2023,RFR,NHS ENGLAND NORTH EAST AND YORKSHIRE,THE ROTHERHAM NHS FOUNDATION TRUST,7608,0,0,2,0,0,0,0,0,0,0,0,298,0,2918,0,0,605,,,,,,,2023-05-01,7608,0,100.0,3523
MSitAE-MAY-2023,RHQ,NHS ENGLAND NORTH EAST AND YORKSHIRE,SHEFFIELD TEACHING HOSPITALS NHS FOUNDATION TRUST,8876,1128,7910,451,0,836,4158,0,267,201,0,15,1041,7,3223,0,0,3107,,,,,,,2023-05-01,17914,4425,53.2,6330
MSitAE-MAY-2023,RHU,NHS ENGLAND SOUTH EAST,PORTSMOUTH HOSPITALS UNIVERSITY NATIONAL HEALTH SERVICE TRUST,9449,732,3035,1278,0,825,0,0,0,0,0,0,1366,0,3640,0,0,2287,,,,,,,2023-05-01,13216,0,100.0,5927
MSitAE-MAY-2023,RJE,NHS ENGLAND MIDLANDS,UNIVERSITY HOSPITALS OF NORTH MIDLANDS NHS TRUST,13789,489,8069,736,0,410,6643,0,275,275,0,3,1074,665,5819,0,0,2725,,,,,,,2023-05-01,22347,6918,51.8,8544
MSitAE-MAY-2023,RK9,NHS ENGLAND SOUTH WEST,UNIVERSITY HOSPITALS PLYMOUTH NHS TRUST,8044,247,4295,0,0,0,0,0,0,0,0,0,681,628,2653,0,1043,0,,,,,,,2023-05-01,12586,0,100.0,3696
MSitAE-MAY-2023,RKB,NHS ENGLAND MIDLANDS,UNIVERSITY HOSPITALS COVENTRY AND WARWICKSHIRE NHS TRUST,11629,1785,6928,37,0,78,5103,184,80,12,0,1,247,3,2742,87,75,1652,,,,,,,2023-05-01,20342,5367,56.1,4556
MSitAE-MAY-2023,RLQ,NHS ENGLAND MIDLANDS,WYE VALLEY NHS TRUST,5759,0,0,146,0,0,2448,0,0,53,0,0,149,225,1568,0,0,497,,,,,,,2023-05-01,5759,2448,57.5,2065
MSitAE-MAY-2023,RM1,NHS ENGLAND EAST OF ENGLAND,NORFOLK AND NORWICH UNIVERSITY HOSPITALS NHS FOUNDATION TRUST,10988,0,8353,471,0,0,4674,0,0,125,0,0,1011,324,2488,0,0,1662,,,,,,,2023-05-01,19341,4674,57.5,4150
MSitAE-MAY-2023,RN3,NHS ENGLAND SOUTH WEST,GREAT WESTERN HOSPITALS NHS FOUNDATION TRUST,5249,0,5204,0,0,262,2364,0,326,0,0,10,343,116,2173,0,0,1501,,,,,,,2023-05-01,10453,2690,55.0,3674
MSitAE-MAY-2023,RNA,NHS ENGLAND MIDLANDS,THE DUDLEY GROUP NHS FOUNDATION TRUST,9545,0,4931,128,0,1383,3980,0,240,35,0,0,736,10,3595,0,0,1709,,,,,,,2023-05-01,14476,4220,58.3,5304
MSitAE-MAY-2023,RP5,NHS ENGLAND NORTH EAST AND YORKSHIRE,DONCASTER AND BASSETLAW TEACHING HOSPITALS NHS FOUNDATION TRUST,13210,0,3782,0,0,0,4390,0,1,0,0,0,1056,128,3493,0,461,1133,,,,,,,2023-05-01,16992,4391,66.8,5087
MSitAE-MAY-2023,RQM,NHS ENGLAND LONDON,CHELSEA AND WESTMINSTER HOSPITAL NHS FOUNDATION TRUST,19412,0,9726,532,0,0,0,0,0,0,0,0,551,26,2517,0,0,391,,,,,,,2023-05-01,29138,0,100.0,2908
MSitAE-MAY-2023,RRF,NHS ENGLAND NORTH WEST,"WRIGHTINGTON, WIGAN AND LEIGH NHS FOUNDATION TRUST",7388,0,5625,0,0,0,3767,0,40,0,0,0,1097,270,2966,0,0,735,,,,,,,2023-05-01,13013,3807,49.0,3701
MSitAE-MAY-2023,RRK,NHS ENGLAND MIDLANDS,UNIVERSITY HOSPITALS BIRMINGHAM NHS FOUNDATION TRUST,33759,0,0,0,0,0,15384,0,0,0,0,0,3480,1127,10614,0,0,4703,,,,,,,2023-05-01,33759,15384,54.4,15317
MSitAE-MAY-2023,RTX,NHS ENGLAND NORTH WEST,UNIVERSITY HOSPITALS OF MORECAMBE BAY NHS FOUNDATION TRUST,8193,0,4292,193,0,49,2869,0,141,38,0,8,520,398,2723,0,28,810,,,,,,,2023-05-01,12485,3010,65.0,3561
MSitAE-MAY-2023,RWH,NHS ENGLAND EAST OF ENGLAND,EAST AND NORTH HERTFORDSHIRE NHS TRUST,9595,0,5751,3,0,382,5503,0,4,2,0,0,201,35,2926,0,0,272,,,,,,,2023-05-01,15346,5507,42.6,3198
MSitAE-MAY-2023,RWJ,NHS ENGLAND NORTH WEST,STOCKPORT NHS FOUNDATION TRUST,9291,0,0,442,0,0,3362,0,0,123,0,0,1000,107,2794,0,0,816,,,,,,,2023-05-01,9291,3362,63.8,3610
MSitAE-MAY-2023,RXP,NHS ENGLAND NORTH EAST AND YORKSHIRE,COUNTY DURHAM AND DARLINGTON NHS FOUNDATION TRUST,12852,0,4598,0,0,6607,6260,0,0,0,0,0,1775,14,4079,0,0,722,,,,,,,2023-05-01,17450,6260,51.3,4801
MSitAE-MAY-2023,RXR,NHS ENGLAND NORTH WEST,EAST LANCASHIRE HOSPITALS NHS TRUST,13576,0,5560,0,0,0,4267,0,500,0,0,0,683,968,3808,0,22,1154,,,,,,,2023-05-01,19136,4767,68.6,4984
MSitAE-MAY-2023,RYR,NHS ENGLAND SOUTH EAST,UNIVERSITY HOSPITALS SUSSEX NHS FOUNDATION TRUST,24483,1651,2589,1576,0,697,9332,9,143,474,0,10,1490,806,7941,34,41,1379,,,,,,,2023-05-01,28723,9484,61.9,9395
MSitAE-MAY-2023,NDA57,NHS ENGLAND SOUTH EAST,HASLEMERE MINOR INJURIES UNIT,0,0,1432,0,0,10,0,0,0,0,0,0,0,0,0,0,0,0,,,,,,,2023-05-01,1432,0,,0
MSitAE-MAY-2023,NNJ07,NHS ENGLAND MIDLANDS,LOUGHBOROUGH URGENT CARE CENTRE,0,0,5525,0,0,517,0,0,43,0,0,2,0,0,0,0,0,0,,,,,,,2023-05-01,5525,43,,0
MSitAE-MAY-2023,NNJ0H,NHS ENGLAND MIDLANDS,LLR EA - THE MERLYN VAZ HEALTH & SOCIAL CARE CENTRE,0,0,174,0,0,1680,0,0,0,0,0,0,0,0,0,0,0,0,,,,,,,2023-05-01,174,0,,0
MSitAE-MAY-2023,NNJ12,NHS ENGLAND MIDLANDS,MARKET HARBOROUGH,0,0,123,0,0,406,0,0,0,0,0,0,0,0,0,0,0,0,,,,,,,2023-05-01,123,0,,0
MSitAE-MAY-2023,NNJ13,NHS ENGLAND MIDLANDS,MELTON MOWBRAY,0,0,46,0,0,394,0,0,0,0,0,0,0,0,0,0,0,0,,,,,,,2023-05-01,46,0,,0
MSitAE-MAY-2023,NNJ14,NHS ENGLAND MIDLANDS,OADBY,0,0,829,0,0,1760,0,0,0,0,0,0,0,0,0,0,0,0,,,,,,,2023-05-01,829,0,,0
MSitAE-MAY-2023,NNJ15,NHS ENGLAND MIDLANDS,OAKHAM,0,0,59,0,0,368,0,0,0,0,0,0,0,0,0,0,0,0,,,,,,,2023-05-01,59,0,,0
MSitAE-MAY-2023,R0D,NHS ENGLAND SOUTH WEST,UNIVERSITY HOSPITALS DORSET NHS FOUNDATION TRUST,13676,0,3939,167,0,0,0,0,0,0,0,0,777,66,4129,5,0,2152,,,,,,,2023-05-01,17615,0,100.0,6286
MSitAE-MAY-2023,RCB,NHS ENGLAND NORTH EAST AND YORKSHIRE,YORK AND SCARBOROUGH TEACHING HOSPITALS NHS FOUNDATION TRUST,9843,438,9469,0,0,446,5222,0,469,0,0,30,773,789,4040,2,0,1511,,,,,,,2023-05-01,19750,5691,46.9,5553
MSitAE-MAY-2023,RCU,NHS ENGLAND NORTH EAST AND YORKSHIRE,SHEFFIELD CHILDREN'S NHS FOUNDATION TRUST,4891,0,242,317,0,17,371,0,0,20,0,0,9,0,923,0,0,99,,,,,,,2023-05-01,5133,371,92.4,1022
MSitAE-MAY-2023,RDE,NHS ENGLAND EAST OF ENGLAND,EAST SUFFOLK AND NORTH ESSEX NHS FOUNDATION TRUST,14160,0,11394,205,0,70,6587,0,78,0,0,3,1148,39,4533,0,245,887,,,,,,,2023-05-01,25554,6665,53.5,5665
MSitAE-MAY-2023,RDR,NHS ENGLAND SOUTH EAST,SUSSEX COMMUNITY NHS FOUNDATION TRUST,0,0,12257,0,0,0,0,0,173,0,0,0,0,0,0,0,0,0,,,,,,,2023-05-01,12257,173,,0
MSitAE-MAY-2023,RH5,NHS ENGLAND SOUTH WEST,SOMERSET NHS FOUNDATION TRUST,13102,0,9417,0,0,0,4534,0,273,0,0,0,349,16,3209,0,0,1570,,,,,,,2023-05-01,22519,4807,65.4,4779
MSitAE-MAY-2023,RHM,NHS ENGLAND SOUTH EAST,UNIVERSITY HOSPITAL SOUTHAMPTON NHS FOUNDATION TRUST,11751,1458,0,10,0,0,4506,53,0,3,0,0,405,11,3537,12,0,1379,,,,,,,2023-05-01,13209,4559,61.7,4928
MSitAE-MAY-2023,RJ1,NHS ENGLAND LONDON,GUY'S AND ST THOMAS' NHS FOUNDATION TRUST,12834,856,2488,0,0,2126,4115,0,1,0,0,0,32,46,3510,0,0,943,,,,,,,2023-05-01,16178,4116,67.9,4453
MSitAE-MAY-2023,RJ6,NHS ENGLAND LONDON,CROYDON HEALTH SERVICES NHS TRUST,13022,0,4868,0,0,0,4935,0,0,0,0,0,501,336,1362,0,0,131,,,,,,,2023-05-01,17890,4935,62.1,1493
MSitAE-MAY-2023,RJL,NHS ENGLAND NORTH EAST AND YORKSHIRE,NORTHERN LINCOLNSHIRE AND GOOLE NHS FOUNDATION TRUST,14491,0,0,0,0,0,5042,0,0,0,0,0,892,673,4482,0,0,554,,,,,,,2023-05-01,14491,5042,65.2,5036
MSitAE-MAY-2023,RKE,NHS ENGLAND LONDON,WHITTINGTON HEALTH NHS TRUST,8823,0,0,0,0,0,3137,0,0,0,0,0,219,302,930,0,0,56,,,,,,,2023-05-01,8823,3137,64.4,986
MSitAE-MAY-2023,RM3,NHS ENGLAND NORTH WEST,NORTHERN CARE ALLIANCE NHS FOUNDATION TRUST,25834,0,7416,0,0,0,10163,0,405,0,0,0,1280,279,6820,0,442,1395,,,,,,,2023-05-01,33250,10568,60.7,8657
MSitAE-MAY-2023,RMP,NHS ENGLAND NORTH WEST,TAMESIDE AND GLOSSOP INTEGRATED CARE NHS FOUNDATION TRUST,8374,0,2623,237,0,0,3749,0,0,0,0,0,268,20,2241,0,0,151,,,,,,,2023-05-01,10997,3749,55.2,2392
MSitAE-MAY-2023,RN5,NHS ENGLAND SOUTH EAST,HAMPSHIRE HOSPITALS NHS FOUNDATION TRUST,12127,0,365,0,0,250,3705,0,0,0,0,0,790,2,3864,0,0,997,,,,,,,2023-05-01,12492,3705,69.4,4861
MSitAE-MAY-2023,RN7,NHS ENGLAND SOUTH EAST,DARTFORD AND GRAVESHAM NHS TRUST,11218,0,3894,0,0,0,3119,0,18,0,0,0,590,2,2783,0,0,338,,,,,,,2023-05-01,15112,3137,72.2,3121
MSitAE-MAY-2023,RNS,NHS ENGLAND MIDLANDS,NORTHAMPTON GENERAL HOSPITAL NHS TRUST,8675,701,2036,168,0,52,3609,22,86,31,0,4,243,791,1635,0,0,1417,,,,,,,2023-05-01,11412,3717,58.4,3052
MSitAE-MAY-2023,RR8,NHS ENGLAND NORTH EAST AND YORKSHIRE,LEEDS TEACHING HOSPITALS NHS TRUST,17493,0,11792,178,0,26,7423,0,68,57,0,0,1554,185,3712,0,0,1126,,,,,,,2023-05-01,29285,7491,57.6,4838
MSitAE-MAY-2023,RTE,NHS ENGLAND SOUTH WEST,GLOUCESTERSHIRE HOSPITALS NHS FOUNDATION TRUST,12697,0,0,256,0,0,4907,0,0,69,0,0,369,1113,2541,0,0,1459,,,,,,,2023-05-01,12697,4907,61.4,4000
MSitAE-MAY-2023,RTG,NHS ENGLAND MIDLANDS,UNIVERSITY HOSPITALS OF DERBY AND BURTON NHS FOUNDATION TRUST,15867,0,14319,125,0,51,8420,0,1146,36,0,2,1042,573,4070,0,181,2193,,,,,,,2023-05-01,30186,9566,46.9,6444
MSitAE-MAY-2023,RTK,NHS ENGLAND SOUTH EAST,ASHFORD AND ST PETER'S HOSPITALS NHS FOUNDATION TRUST,9693,0,0,0,0,0,3607,0,0,0,0,0,546,8,2876,0,0,694,,,,,,,2023-05-01,9693,3607,62.8,3570
MSitAE-MAY-2023,RTR,NHS ENGLAND NORTH EAST AND YORKSHIRE,SOUTH TEES HOSPITALS NHS FOUNDATION TRUST,10419,0,5214,0,0,394,4221,0,311,0,0,11,1070,61,2364,0,168,1984,,,,,,,2023-05-01,15633,4532,59.5,4516
MSitAE-MAY-2023,RVV,NHS ENGLAND SOUTH EAST,EAST KENT HOSPITALS UNIVERSITY NHS FOUNDATION TRUST,11803,0,12600,78,0,0,6496,0,410,27,0,0,597,1136,3920,0,410,1731,,,,,,,2023-05-01,24403,6906,45.0,6061
MSitAE-MAY-2023,RWA,NHS ENGLAND NORTH EAST AND YORKSHIRE,HULL UNIVERSITY TEACHING HOSPITALS NHS TRUST,10915,0,0,0,0,0,5537,0,0,0,0,0,1014,306,3349,0,0,1884,,,,,,,2023-05-01,10915,5537,49.3,5233
MSitAE-MAY-2023,RWD,NHS ENGLAND MIDLANDS,UNITED LINCOLNSHIRE HOSPITALS NHS TRUST,12355,0,6011,14,0,0,6872,0,1030,0,0,0,819,798,3950,0,0,1174,,,,,,,2023-05-01,18366,7902,44.4,5124
MSitAE-MAY-2023,RWG,NHS ENGLAND EAST OF ENGLAND,WEST HERTFORDSHIRE TEACHING HOSPITALS NHS TRUST,7826,0,6989,0,0,1213,3726,0,364,0,0,55,977,0,3335,0,0,866,,,,,,,2023-05-01,14815,4090,52.4,4201
MSitAE-MAY-2023,RXC,NHS ENGLAND SOUTH EAST,EAST SUSSEX HEALTHCARE NHS TRUST,9304,0,2284,831,0,1104,3573,0,39,0,0,0,123,0,3547,0,0,554,,,,,,,2023-05-01,11588,3612,61.6,4101
MSitAE-MAY-2023,RXK,NHS ENGLAND MIDLANDS,SANDWELL AND WEST BIRMINGHAM HOSPITALS NHS TRUST,14917,1231,10302,775,0,0,6719,181,341,195,0,0,1296,39,2986,0,0,499,,,,,,,2023-05-01,26450,7241,55.0,3485
MSitAE-MAY-2023,RXN,NHS ENGLAND NORTH WEST,LANCASHIRE TEACHING HOSPITALS NHS FOUNDATION TRUST,12455,0,3906,249,0,59,4124,0,71,30,0,0,1258,148,3074,0,197,1432,,,,,,,2023-05-01,16361,4195,66.9,4703
MSitAE-MAY-2023,RY9,NHS ENGLAND LONDON,HOUNSLOW AND RICHMOND COMMUNITY HEALTHCARE NHS TRUST,0,0,5282,0,0,0,0,0,0,0,0,0,0,0,0,0,0,0,,,,,,,2023-05-01,5282,0,,0
MSitAE-MAY-2023,RYX,NHS ENGLAND LONDON,CENTRAL LONDON COMMUNITY HEALTHCARE NHS TRUST,0,0,9753,0,0,0,0,0,177,0,0,0,0,0,0,0,0,0,,,,,,,2023-05-01,9753,177,,0
MSitAE-MAY-2023,Y03571,NHS ENGLAND MIDLANDS,CORBY URGENT CARE CENTRE,0,0,8117,0,0,615,0,0,107,0,0,0,0,0,0,0,0,0,,,,,,,2023-05-01,8117,107,,0
MSitAE-MAY-2023,R1H,NHS ENGLAND LONDON,BARTS HEALTH NHS TRUST,24315,840,19240,0,0,0,10756,25,3462,0,0,0,1430,628,5520,0,0,1144,,,,,,,2023-05-01,44395,14243,55.8,6664
MSitAE-MAY-2023,RAP,NHS ENGLAND LONDON,NORTH MIDDLESEX UNIVERSITY HOSPITAL NHS TRUST,8294,526,6929,768,0,0,3832,6,764,144,0,0,614,602,1612,0,0,151,,,,,,,2023-05-01,15749,4602,53.8,1763
MSitAE-MAY-2023,RBL,NHS ENGLAND NORTH WEST,WIRRAL UNIVERSITY TEACHING HOSPITAL NHS FOUNDATION TRUST,8112,0,2853,173,0,214,4016,0,48,67,0,4,557,476,1914,0,0,1557,,,,,,,2023-05-01,10965,4064,50.5,3471
MSitAE-MAY-2023,RD1,NHS ENGLAND SOUTH WEST,ROYAL UNITED HOSPITALS BATH NHS FOUNDATION TRUST,8276,0,0,0,0,0,3786,0,0,0,0,0,675,68,2501,0,8,1316,,,,,,,2023-05-01,8276,3786,54.3,3825
MSitAE-MAY-2023,RJ7,NHS ENGLAND LONDON,ST GEORGE'S UNIVERSITY HOSPITALS NHS FOUNDATION TRUST,8295,0,3279,932,0,0,2193,0,0,92,0,0,592,591,2400,0,0,782,,,,,,,2023-05-01,11574,2193,73.6,3182
MSitAE-MAY-2023,RK5,NHS ENGLAND MIDLANDS,SHERWOOD FOREST HOSPITALS NHS FOUNDATION TRUST,10371,0,5406,18,0,105,3730,0,389,7,0,2,627,83,3207,0,0,379,,,,,,,2023-05-01,15777,4119,64.0,3586
MSitAE-MAY-2023,RP6,NHS ENGLAND LONDON,MOORFIELDS EYE HOSPITAL NHS FOUNDATION TRUST,0,6577,0,0,0,0,0,174,0,0,0,0,0,0,0,7,0,200,,,,,,,2023-05-01,6577,174,,207
MSitAE-MAY-2023,RYJ,NHS ENGLAND LONDON,IMPERIAL COLLEGE HEALTHCARE NHS TRUST,12159,4106,7143,0,0,0,0,0,0,0,0,0,924,60,3015,0,0,1155,,,,,,,2023-05-01,23408,0,100.0,4170
MSitAE-MAY-2023,Y02147,NHS ENGLAND LONDON,URGENT CARE CENTRE (QMS),0,0,8035,0,0,557,0,0,290,0,0,4,0,0,0,0,0,0,,,,,,,2023-05-01,8035,290,,0
MSitAE-MAY-2023,RVR,NHS ENGLAND LONDON,EPSOM AND ST HELIER UNIVERSITY HOSPITALS NHS TRUST,12782,273,0,223,1,0,3032,1,0,13,0,0,594,293,1990,1,0,148,,,,,,,2023-05-01,13055,3033,76.3,2139
MSitAE-MAY-2023,RWX,NHS ENGLAND SOUTH EAST,BERKSHIRE HEALTHCARE NHS FOUNDATION TRUST,0,0,1408,0,0,0,0,0,10,0,0,0,0,0,0,0,50,0,,,,,,,2023-05-01,1408,10,,50
MSitAE-MAY-2023,C83023,NHS ENGLAND MIDLANDS,SLEAFORD MEDICAL GROUP,0,0,638,0,0,0,0,0,0,0,0,0,0,0,0,0,0,9,,,,,,,2023-05-01,638,0,,9
MSitAE-MAY-2023,NR3,NHS ENGLAND MIDLANDS,NOTTINGHAM CITYCARE PARTNERSHIP,0,0,5285,0,0,272,0,0,544,0,0,0,0,0,0,0,0,0,,,,,,,2023-05-01,5285,544,,0
MSitAE-MAY-2023,REF,NHS ENGLAND SOUTH WEST,ROYAL CORNWALL HOSPITALS NHS TRUST,6393,0,12274,0,0,0,3443,0,462,0,0,0,517,467,2101,0,26,1072,,,,,,,2023-05-01,18667,3905,46.1,3199
MSitAE-MAY-2023,RTF,NHS ENGLAND NORTH EAST AND YORKSHIRE,NORTHUMBRIA HEALTHCARE NHS FOUNDATION TRUST,9749,0,13198,0,0,0,1819,0,11,0,0,0,29,0,5399,0,62,997,,,,,,,2023-05-01,22947,1830,81.3,6458
MSitAE-MAY-2023,RNU,NHS ENGLAND SOUTH EAST,OXFORD HEALTH NHS FOUNDATION TRUST,0,0,3749,0,0,0,0,0,426,0,0,0,0,0,0,0,0,0,,,,,,,2023-05-01,3749,426,,0
MSitAE-MAY-2023,DT301,NHS ENGLAND EAST OF ENGLAND,HERTS URGENT CARE (ASCOTS LANE),0,0,2495,0,0,0,0,0,41,0,0,0,0,0,0,0,0,0,,,,,,,2023-05-01,2495,41,,0
MSitAE-MAY-2023,RA2,NHS ENGLAND SOUTH EAST,ROYAL SURREY COUNTY HOSPITAL NHS FOUNDATION TRUST,6452,0,0,604,0,0,1995,0,0,149,0,0,248,1,2296,0,0,919,,,,,,,2023-05-01,6452,1995,69.1,3215
MSitAE-MAY-2023,RBT,NHS ENGLAND NORTH WEST,MID CHESHIRE HOSPITALS NHS FOUNDATION TRUST,7359,0,2651,113,0,37,3435,0,10,22,0,1,632,206,2453,0,0,1030,,,,,,,2023-05-01,10010,3445,53.3,3483
MSitAE-MAY-2023,RET,NHS ENGLAND NORTH WEST,THE WALTON CENTRE NHS FOUNDATION TRUST,0,0,0,0,0,0,0,0,0,0,0,0,0,0,0,0,0,138,,,,,,,2023-05-01,0,0,,138
MSitAE-MAY-2023,RHW,NHS ENGLAND SOUTH EAST,ROYAL BERKSHIRE NHS FOUNDATION TRUST,12068,2392,0,719,0,0,3679,22,0,0,0,0,344,0,2374,1,0,829,,,,,,,2023-05-01,14460,3701,69.5,3204
MSitAE-MAY-2023,RMC,NHS ENGLAND NORTH WEST,BOLTON NHS FOUNDATION TRUST,10145,0,1602,48,0,10,3988,0,291,21,0,0,606,491,2131,0,81,667,,,,,,,2023-05-01,11747,4279,60.7,2879
MSitAE-MAY-2023,RXW,NHS ENGLAND MIDLANDS,THE SHREWSBURY AND TELFORD HOSPITAL NHS TRUST,10982,0,2065,91,0,294,5756,0,217,26,0,1,552,529,2604,0,43,2145,,,,,,,2023-05-01,13047,5973,47.6,4792
MSitAE-MAY-2023,RY2,NHS ENGLAND NORTH WEST,BRIDGEWATER COMMUNITY HEALTHCARE NHS FOUNDATION TRUST,0,0,3329,0,0,154,0,0,86,0,0,3,0,0,0,0,0,0,,,,,,,2023-05-01,3329,86,,0
MSitAE-MAY-2023,Y03218,NHS ENGLAND LONDON,THE PINN UNREGISTERED WIC,0,0,785,0,0,0,0,0,0,0,0,0,0,0,0,0,0,0,,,,,,,2023-05-01,785,0,,0
MSitAE-MAY-2023,RJ2,NHS ENGLAND LONDON,LEWISHAM AND GREENWICH NHS TRUST,13256,0,12578,147,0,41,6928,0,1344,26,0,0,1114,437,3537,0,0,1262,,,,,,,2023-05-01,25834,8272,47.7,4799
MSitAE-MAY-2023,RNQ,NHS ENGLAND MIDLANDS,KETTERING GENERAL HOSPITAL NHS FOUNDATION TRUST,9194,0,0,317,0,0,0,0,0,0,0,0,1174,0,1927,0,0,159,,,,,,,2023-05-01,9194,0,100.0,2086
MSitAE-MAY-2023,RPA,NHS ENGLAND SOUTH EAST,MEDWAY NHS FOUNDATION TRUST,8312,0,6823,331,0,1382,3044,0,846,0,0,0,714,106,2197,0,0,987,,,,,,,2023-05-01,15135,3890,63.4,3184
MSitAE-MAY-2023,RRV,NHS ENGLAND LONDON,UNIVERSITY COLLEGE LONDON HOSPITALS NHS FOUNDATION TRUST,12574,0,0,539,0,0,4166,0,0,0,0,0,313,25,1352,0,0,285,,,,,,,2023-05-01,12574,4166,66.9,1637
MSitAE-MAY-2023,RTH,NHS ENGLAND SOUTH EAST,OXFORD UNIVERSITY HOSPITALS NHS FOUNDATION TRUST,11875,1824,534,1302,0,89,4260,0,8,367,0,1,609,0,3922,119,20,4053,,,,,,,2023-05-01,14233,4268,64.1,8114
MSitAE-MAY-2023,RVY,NHS ENGLAND NORTH WEST,SOUTHPORT AND ORMSKIRK HOSPITAL NHS TRUST,7635,0,3002,160,0,0,2606,0,0,37,0,0,504,212,1901,0,0,121,,,,,,,2023-05-01,10637,2606,65.9,2022
MSitAE-MAY-2023,R1F,NHS ENGLAND SOUTH EAST,ISLE OF WIGHT NHS TRUST,3750,0,2424,19,0,37,1710,0,40,9,0,0,358,421,1154,0,0,287,,,,,,,2023-05-01,6174,1750,54.4,1441
MSitAE-MAY-2023,RAL,NHS ENGLAND LONDON,ROYAL FREE LONDON NHS FOUNDATION TRUST,16751,0,8668,0,0,0,8078,0,379,0,0,0,1184,685,3964,0,0,477,,,,,,,2023-05-01,25419,8457,51.8,4441
MSitAE-MAY-2023,RGT,NHS ENGLAND EAST OF ENGLAND,CAMBRIDGE UNIVERSITY HOSPITALS NHS FOUNDATION TRUST,10249,0,6217,0,0,0,0,0,0,0,0,0,36,5,2770,0,0,505,,,,,,,2023-05-01,16466,0,100.0,3275
MSitAE-MAY-2023,RNN,NHS ENGLAND NORTH EAST AND YORKSHIRE,NORTH CUMBRIA INTEGRATED CARE NHS FOUNDATION TRUST,9055,0,2307,366,0,0,3184,0,12,56,0,0,710,314,2323,0,0,757,,,,,,,2023-05-01,11362,3196,64.8,3080
MSitAE-MAY-2023,Y04538,NHS ENGLAND SOUTH EAST,BRACKNELL URGENT CARE CENTRE WIC,0,0,2822,0,0,0,0,0,63,0,0,0,0,0,0,0,0,0,,,,,,,2023-05-01,2822,63,,0
MSitAE-MAY-2023,DD401,NHS ENGLAND SOUTH WEST,EXMOUTH MINOR INJURY UNIT,0,0,1279,0,0,0,0,0,0,0,0,0,0,0,0,0,0,0,,,,,,,2023-05-01,1279,0,,0
MSitAE-MAY-2023,RBN,NHS ENGLAND NORTH WEST,ST HELENS AND KNOWSLEY TEACHING HOSPITALS NHS TRUST,10182,0,4455,149,0,0,5071,0,222,19,0,0,167,4,5130,0,0,516,,,,,,,2023-05-01,14637,5293,50.2,5646
MSitAE-MAY-2023,R0A,NHS ENGLAND NORTH WEST,MANCHESTER UNIVERSITY NHS FOUNDATION TRUST,22995,3351,13658,2130,427,1032,9255,52,1115,598,7,134,2385,141,5636,188,341,537,,,,,,,2023-05-01,40004,10422,59.8,6702
MSitAE-MAY-2023,RJC,NHS ENGLAND MIDLANDS,SOUTH WARWICKSHIRE UNIVERSITY NHS FOUNDATION TRUST,7647,0,423,18,0,0,2137,0,0,4,0,0,249,0,2057,0,0,590,,,,,,,2023-05-01,8070,2137,72.1,2647
MSitAE-MAY-2023,NLX,NHS ENGLAND SOUTH WEST,SIRONA CARE & HEALTH,0,0,8267,0,0,250,0,0,493,0,0,24,0,0,0,0,0,0,,,,,,,2023-05-01,8267,493,,0
MSitAE-MAY-2023,RFS,NHS ENGLAND MIDLANDS,CHESTERFIELD ROYAL HOSPITAL NHS FOUNDATION TRUST,5518,0,2913,179,0,154,2716,0,268,84,0,16,560,26,2411,0,291,575,,,,,,,2023-05-01,8431,2984,50.8,3277
MSitAE-MAY-2023,G0Q0L,NHS ENGLAND LONDON,BARKING HOSPITAL UTC,0,0,2452,0,0,0,0,0,270,0,0,0,0,0,0,0,0,0,,,,,,,2023-05-01,2452,270,,0
MSitAE-MAY-2023,K6K0R,NHS ENGLAND LONDON,HAROLD WOOD POLYCLINIC UTC,0,0,2457,0,0,0,0,0,304,0,0,0,0,0,0,0,0,0,,,,,,,2023-05-01,2457,304,,0
MSitAE-MAY-2023,RX1,NHS ENGLAND MIDLANDS,NOTTINGHAM UNIVERSITY HOSPITALS NHS TRUST,15840,1863,303,450,0,0,0,0,0,0,0,0,1726,832,3955,0,0,3370,,,,,,,2023-05-01,18006,0,100.0,7325
MSitAE-APRIL-2024,AAH,NHS ENGLAND SOUTH WEST,TETBURY HOSPITAL TRUST LTD,0,0,546,0,0,0,0,0,0,0,0,0,0,0,0,0,0,0,,,,,,,2024-04-01,546,0,,0
MSitAE-APRIL-2024,RAN,NHS ENGLAND LONDON,ROYAL NATIONAL ORTHOPAEDIC HOSPITAL NHS TRUST,0,0,0,0,0,0,0,0,0,0,0,0,0,0,0,0,0,41,,,,,,,2024-04-01,0,0,,41
MSitAE-APRIL-2024,8J094,NHS ENGLAND MIDLANDS,BADGER LTD,0,0,0,0,0,2078,0,0,0,0,0,0,0,0,0,0,0,0,,,,,,,2024-04-01,0,0,,0
MSitAE-APRIL-2024,AD913,NHS ENGLAND LONDON,BECKENHAM BEACON UCC,0,0,3694,0,0,104,0,0,17,0,0,0,0,0,0,0,0,0,,,,,,,2024-04-01,3694,17,,0
MSitAE-APRIL-2024,AQN04,NHS ENGLAND SOUTH EAST,PHL LYMINGTON UTC,0,0,2897,0,0,7,0,0,8,0,0,0,0,0,0,0,0,0,,,,,,,2024-04-01,2897,8,,0
MSitAE-APRIL-2024,L83087,NHS ENGLAND SOUTH WEST,OKEHAMPTON MEDICAL CENTRE,0,0,65,0,0,0,0,0,0,0,0,0,0,0,0,0,0,0,,,,,,,2024-04-01,65,0,,0
MSitAE-APRIL-2024,NQTE4,NHS ENGLAND MIDLANDS,SUMMERFIELD URGENT CARE CENTRE,0,0,3251,0,0,0,0,0,0,0,0,0,0,0,0,0,0,0,,,,,,,2024-04-01,3251,0,,0
MSitAE-APRIL-2024,RA9,NHS ENGLAND SOUTH WEST,TORBAY AND SOUTH DEVON NHS FOUNDATION TRUST,6247,0,3233,0,0,0,3037,0,12,0,0,0,315,86,1686,0,0,989,,,,,,,2024-04-01,9480,3049,51.4,2675
MSitAE-APRIL-2024,RDY,NHS ENGLAND SOUTH WEST,DORSET HEALTHCARE UNIVERSITY NHS FOUNDATION TRUST,0,0,0,0,0,0,0,0,0,0,0,0,0,0,0,0,1,1,,,,,,,2024-04-01,0,0,,2
MSitAE-APRIL-2024,RJ8,NHS ENGLAND SOUTH WEST,CORNWALL PARTNERSHIP NHS FOUNDATION TRUST,0,0,0,0,0,0,0,0,0,0,0,0,0,0,0,0,11,42,,,,,,,2024-04-01,0,0,,53
MSitAE-APRIL-2024,RWY,NHS ENGLAND NORTH EAST AND YORKSHIRE,CALDERDALE AND HUDDERSFIELD NHS FOUNDATION TRUST,15028,0,0,0,0,0,4313,0,0,0,0,0,1354,2,2969,0,0,179,,,,,,,2024-04-01,15028,4313,71.3,3148
MSitAE-APRIL-2024,RXQ,NHS ENGLAND SOUTH EAST,BUCKINGHAMSHIRE HEALTHCARE NHS TRUST,9767,1186,3547,0,0,0,3673,0,118,0,0,0,321,265,3741,824,0,1784,,,,,,,2024-04-01,14500,3791,62.4,6349
MSitAE-APRIL-2024,RY7,NHS ENGLAND NORTH WEST,WIRRAL COMMUNITY HEALTH AND CARE NHS FOUNDATION TRUST,0,0,4382,0,0,0,0,0,101,0,0,0,0,0,0,0,0,0,,,,,,,2024-04-01,4382,101,,0
MSitAE-APRIL-2024,RY8,NHS ENGLAND MIDLANDS,DERBYSHIRE COMMUNITY HEALTH SERVICES NHS FOUNDATION TRUST,0,0,6272,0,0,1630,0,0,31,0,0,2,0,0,0,0,0,0,,,,,,,2024-04-01,6272,31,,0
MSitAE-APRIL-2024,Y00751,NHS ENGLAND SOUTH EAST,EAST BERKS PRIMARY CARE OOH(WAM),0,0,0,0,0,0,0,0,0,0,0,0,0,0,0,0,0,0,,,,,,,2024-04-01,0,0,,0
MSitAE-APRIL-2024,Y02532,NHS ENGLAND NORTH WEST,MIRIAM MINOR EMERGENCY,0,0,1706,0,0,0,0,0,13,0,0,0,0,0,0,0,0,0,,,,,,,2024-04-01,1706,13,,0
MSitAE-APRIL-2024,Y02615,NHS ENGLAND MIDLANDS,SOUTH BIRMINGHAM GP WALK IN CENTRE,0,0,6526,0,0,0,0,0,0,0,0,0,0,0,0,0,0,0,,,,,,,2024-04-01,6526,0,,0
MSitAE-APRIL-2024,Y03007,NHS ENGLAND MIDLANDS,ERDINGTON GP HEALTH & WELLBEING WIC,0,0,0,0,0,2053,0,0,0,0,0,0,0,0,0,0,0,0,,,,,,,2024-04-01,0,0,,0
MSitAE-APRIL-2024,Y03218,NHS ENGLAND LONDON,THE PINN UNREGISTERED WIC,0,0,924,0,0,0,0,0,0,0,0,0,0,0,0,0,0,0,,,,,,,2024-04-01,924,0,,0
MSitAE-APRIL-2024,DT301,NHS ENGLAND EAST OF ENGLAND,HERTS URGENT CARE (ASCOTS LANE),0,0,2273,0,0,0,0,0,17,0,0,0,0,0,0,0,0,0,,,,,,,2024-04-01,2273,17,,0
MSitAE-APRIL-2024,NQT5F,NHS ENGLAND NORTH WEST,SKELMERSDALE WALK IN CENTRE,0,0,1871,0,0,0,0,0,5,0,0,0,0,0,0,0,0,0,,,,,,,2024-04-01,1871,5,,0
MSitAE-APRIL-2024,NQT5H,NHS ENGLAND SOUTH WEST,PAULTON MEMORIAL HOSPITAL,0,0,925,0,0,0,0,0,8,0,0,0,0,0,0,0,0,0,,,,,,,2024-04-01,925,8,,0
MSitAE-APRIL-2024,NTPAD,NHS ENGLAND SOUTH EAST,PRACTICE PLUS GROUP SURGICAL CENTRE - ST MARYS PORTSMOUTH,0,0,5566,0,0,327,0,0,238,0,0,2,0,0,0,0,0,0,,,,,,,2024-04-01,5566,238,,0
MSitAE-APRIL-2024,NTV0B,NHS ENGLAND SOUTH EAST,ASHFORD WALK-IN-CENTRE,0,0,2476,0,0,0,0,0,51,0,0,0,0,0,0,0,0,0,,,,,,,2024-04-01,2476,51,,0
MSitAE-APRIL-2024,NTV0W,NHS ENGLAND SOUTH EAST,WOKING WALK IN CENTRE,0,0,2482,0,0,0,0,0,89,0,0,0,0,0,0,0,0,0,,,,,,,2024-04-01,2482,89,,0
MSitAE-APRIL-2024,RBQ,NHS ENGLAND NORTH WEST,LIVERPOOL HEART AND CHEST HOSPITAL NHS FOUNDATION TRUST,0,0,0,0,0,0,0,0,0,0,0,0,0,0,0,0,0,160,,,,,,,2024-04-01,0,0,,160
MSitAE-APRIL-2024,RFF,NHS ENGLAND NORTH EAST AND YORKSHIRE,BARNSLEY HOSPITAL NHS FOUNDATION TRUST,8335,0,0,432,0,0,2671,0,0,0,0,0,456,0,2872,0,0,470,,,,,,,2024-04-01,8335,2671,68.0,3342
MSitAE-APRIL-2024,RPC,NHS ENGLAND SOUTH EAST,QUEEN VICTORIA HOSPITAL NHS FOUNDATION TRUST,0,0,1400,0,0,0,0,0,6,0,0,0,0,0,0,0,3,493,,,,,,,2024-04-01,1400,6,,496
MSitAE-APRIL-2024,RRV,NHS ENGLAND LONDON,UNIVERSITY COLLEGE LONDON HOSPITALS NHS FOUNDATION TRUST,12195,0,0,545,0,0,4209,0,0,0,0,0,419,144,1364,0,0,276,,,,,,,2024-04-01,12195,4209,65.5,1640
MSitAE-APRIL-2024,Y02147,NHS ENGLAND LONDON,URGENT CARE CENTRE (QMS),0,0,7556,0,0,592,0,0,304,0,0,3,0,0,0,0,0,0,,,,,,,2024-04-01,7556,304,,0
MSitAE-APRIL-2024,AXG,NHS ENGLAND SOUTH WEST,WILTSHIRE HEALTH & CARE,0,0,2355,0,0,0,0,0,24,0,0,0,0,0,0,0,0,0,,,,,,,2024-04-01,2355,24,,0
MSitAE-APRIL-2024,C82038,NHS ENGLAND MIDLANDS,LATHAM HOUSE MEDICAL PRACTICE,0,0,274,0,0,0,0,0,0,0,0,0,0,0,0,0,0,0,,,,,,,2024-04-01,274,0,,0
MSitAE-APRIL-2024,G0Q0L,NHS ENGLAND LONDON,BARKING HOSPITAL UTC,0,0,2758,0,0,0,0,0,34,0,0,0,0,0,0,0,0,0,,,,,,,2024-04-01,2758,34,,0
MSitAE-APRIL-2024,K6K0R,NHS ENGLAND LONDON,HAROLD WOOD POLYCLINIC UTC,0,0,2858,0,0,0,0,0,37,0,0,0,0,0,0,0,0,0,,,,,,,2024-04-01,2858,37,,0
MSitAE-APRIL-2024,NTP11,NHS ENGLAND SOUTH EAST,PRACTICE PLUS GROUP HOSPITAL - SOUTHAMPTON,0,0,5442,0,0,0,0,0,353,0,0,0,0,0,0,0,0,0,,,,,,,2024-04-01,5442,353,,0
MSitAE-APRIL-2024,REM,NHS ENGLAND NORTH WEST,LIVERPOOL UNIVERSITY HOSPITALS NHS FOUNDATION TRUST,14949,1654,7385,465,0,0,6916,196,466,69,0,0,2040,1268,4976,0,0,2327,,,,,,,2024-04-01,23988,7578,53.7,7303
MSitAE-APRIL-2024,RQX,NHS ENGLAND LONDON,HOMERTON HEALTHCARE NHS FOUNDATION TRUST,10569,0,0,27,0,0,1770,0,0,0,0,0,158,17,1702,0,0,321,,,,,,,2024-04-01,10569,1770,83.3,2023
MSitAE-APRIL-2024,Y02676,NHS ENGLAND SOUTH EAST,BRIGHTON STATION HEALTH CENTRE,0,0,1953,0,0,0,0,0,0,0,0,0,0,0,0,0,0,0,,,,,,,2024-04-01,1953,0,,0
MSitAE-APRIL-2024,Y07709,NHS ENGLAND SOUTH EAST,READING URGENT CARE CENTRE,0,0,2165,0,0,0,0,0,0,0,0,0,0,0,0,0,0,0,,,,,,,2024-04-01,2165,0,,0
MSitAE-APRIL-2024,NQT51,NHS ENGLAND SOUTH EAST,STATION PLAZA HEALTH CENTRE,0,0,1625,0,0,0,0,0,0,0,0,0,0,0,0,0,0,0,,,,,,,2024-04-01,1625,0,,0
MSitAE-APRIL-2024,RJN,NHS ENGLAND NORTH WEST,EAST CHESHIRE NHS TRUST,4227,0,0,67,0,42,2040,0,0,0,0,0,265,144,848,0,0,188,,,,,,,2024-04-01,4227,2040,51.7,1036
MSitAE-APRIL-2024,RNS,NHS ENGLAND MIDLANDS,NORTHAMPTON GENERAL HOSPITAL NHS TRUST,11308,594,2420,19,0,0,3500,17,55,13,0,0,337,907,1885,0,0,1130,,,,,,,2024-04-01,14322,3572,69.0,3015
MSitAE-APRIL-2024,RW4,NHS ENGLAND NORTH WEST,MERSEY CARE NHS FOUNDATION TRUST,0,0,10698,0,0,0,0,0,587,0,0,0,0,0,0,0,0,53,,,,,,,2024-04-01,10698,587,,53
MSitAE-APRIL-2024,NNJ,NHS ENGLAND MIDLANDS,DHU HEALTH CARE C.I.C,0,0,2054,0,0,0,0,0,2,0,0,0,0,0,0,0,0,0,,,,,,,2024-04-01,2054,2,,0
MSitAE-APRIL-2024,R0B,NHS ENGLAND NORTH EAST AND YORKSHIRE,SOUTH TYNESIDE AND SUNDERLAND NHS FOUNDATION TRUST,11076,1348,5875,463,0,1423,5043,36,110,227,0,26,695,3,4348,17,0,1119,,,,,,,2024-04-01,18299,5189,54.5,5484
MSitAE-APRIL-2024,RFR,NHS ENGLAND NORTH EAST AND YORKSHIRE,THE ROTHERHAM NHS FOUNDATION TRUST,8172,0,0,0,0,0,2707,0,0,0,0,0,593,2,2978,0,0,530,,,,,,,2024-04-01,8172,2707,66.9,3508
MSitAE-APRIL-2024,RW1,NHS ENGLAND SOUTH EAST,SOUTHERN HEALTH NHS FOUNDATION TRUST,0,0,3132,0,0,0,0,0,74,0,0,0,0,0,0,0,1,141,,,,,,,2024-04-01,3132,74,,142
MSitAE-APRIL-2024,RWG,NHS ENGLAND EAST OF ENGLAND,WEST HERTFORDSHIRE TEACHING HOSPITALS NHS TRUST,8081,0,7466,0,0,771,3123,0,329,0,0,2,841,1,3826,0,0,526,,,,,,,2024-04-01,15547,3452,61.4,4352
MSitAE-APRIL-2024,RYY,NHS ENGLAND SOUTH EAST,KENT COMMUNITY HEALTH NHS FOUNDATION TRUST,0,0,10020,0,0,0,0,0,37,0,0,0,0,0,0,0,0,0,,,,,,,2024-04-01,10020,37,,0
MSitAE-APRIL-2024,Y02428,NHS ENGLAND EAST OF ENGLAND,PUTNOE WALK IN CENTRE,0,0,3102,0,0,0,0,0,0,0,0,0,0,0,0,0,0,0,,,,,,,2024-04-01,3102,0,,0
MSitAE-APRIL-2024,ACH01,NHS ENGLAND SOUTH EAST,WHITSTABLE MEDICAL PRACTICE,0,0,4419,0,0,0,0,0,0,0,0,0,0,0,0,0,0,0,,,,,,,2024-04-01,4419,0,,0
MSitAE-APRIL-2024,NDJ,NHS ENGLAND SOUTH EAST,FIRST COMMUNITY HEALTH AND CARE CIC,0,0,2183,0,0,0,0,0,0,0,0,0,0,0,0,0,0,0,,,,,,,2024-04-01,2183,0,,0
MSitAE-APRIL-2024,NNJ07,NHS ENGLAND MIDLANDS,LOUGHBOROUGH URGENT CARE CENTRE,0,0,6079,0,0,211,0,0,19,0,0,0,0,0,0,0,0,0,,,,,,,2024-04-01,6079,19,,0
MSitAE-APRIL-2024,NNJ0H,NHS ENGLAND MIDLANDS,LLR EA - THE MERLYN VAZ HEALTH & SOCIAL CARE CENTRE,0,0,208,0,0,2011,0,0,0,0,0,0,0,0,0,0,0,0,,,,,,,2024-04-01,208,0,,0
MSitAE-APRIL-2024,NNJ12,NHS ENGLAND MIDLANDS,MARKET HARBOROUGH,0,0,101,0,0,326,0,0,0,0,0,0,0,0,0,0,0,0,,,,,,,2024-04-01,101,0,,0
MSitAE-APRIL-2024,NNJ13,NHS ENGLAND MIDLANDS,MELTON MOWBRAY,0,0,71,0,0,348,0,0,1,0,0,0,0,0,0,0,0,0,,,,,,,2024-04-01,71,1,,0
MSitAE-APRIL-2024,NNJ15,NHS ENGLAND MIDLANDS,OAKHAM,0,0,75,0,0,359,0,0,0,0,0,0,0,0,0,0,0,0,,,,,,,2024-04-01,75,0,,0
MSitAE-APRIL-2024,NR3,NHS ENGLAND MIDLANDS,NOTTINGHAM CITYCARE PARTNERSHIP,0,0,5160,0,0,262,0,0,124,0,0,0,0,0,0,0,0,0,,,,,,,2024-04-01,5160,124,,0
MSitAE-APRIL-2024,R1D,NHS ENGLAND MIDLANDS,SHROPSHIRE COMMUNITY HEALTH NHS TRUST,0,0,3359,0,0,0,0,0,4,0,0,0,0,0,0,0,0,1,,,,,,,2024-04-01,3359,4,,1
MSitAE-APRIL-2024,RBV,NHS ENGLAND NORTH WEST,THE CHRISTIE NHS FOUNDATION TRUST,0,0,0,0,0,0,0,0,0,0,0,0,0,0,0,0,0,703,,,,,,,2024-04-01,0,0,,703
MSitAE-APRIL-2024,REF,NHS ENGLAND SOUTH WEST,ROYAL CORNWALL HOSPITALS NHS TRUST,6105,0,11367,0,0,0,3146,0,516,0,0,0,546,371,2190,0,50,1078,,,,,,,2024-04-01,17472,3662,48.5,3318
MSitAE-APRIL-2024,RGP,NHS ENGLAND EAST OF ENGLAND,JAMES PAGET UNIVERSITY HOSPITALS NHS FOUNDATION TRUST,6950,0,1392,132,0,0,2636,0,0,35,0,0,642,357,1644,0,0,405,,,,,,,2024-04-01,8342,2636,62.1,2049
MSitAE-APRIL-2024,RJZ,NHS ENGLAND LONDON,KING'S COLLEGE HOSPITAL NHS FOUNDATION TRUST,15174,0,8660,75,0,1253,6963,0,774,15,0,96,1435,943,3592,0,0,509,,,,,,,2024-04-01,23834,7737,54.1,4101
MSitAE-APRIL-2024,RNA,NHS ENGLAND MIDLANDS,THE DUDLEY GROUP NHS FOUNDATION TRUST,9265,0,4928,164,0,689,2751,0,192,20,0,0,2125,135,3452,0,0,2022,,,,,,,2024-04-01,14193,2943,70.3,5474
MSitAE-APRIL-2024,RNQ,NHS ENGLAND MIDLANDS,KETTERING GENERAL HOSPITAL NHS FOUNDATION TRUST,9087,0,8804,592,0,0,3344,0,112,0,0,0,1372,0,1996,0,0,226,,,,,,,2024-04-01,17891,3456,63.2,2222
MSitAE-APRIL-2024,RP6,NHS ENGLAND LONDON,MOORFIELDS EYE HOSPITAL NHS FOUNDATION TRUST,0,6050,0,0,0,0,0,110,0,0,0,0,0,0,0,6,0,184,,,,,,,2024-04-01,6050,110,,190
MSitAE-APRIL-2024,RTP,NHS ENGLAND SOUTH EAST,SURREY AND SUSSEX HEALTHCARE NHS TRUST,10191,0,0,0,0,0,3246,0,0,0,0,0,643,479,3094,0,0,765,,,,,,,2024-04-01,10191,3246,68.1,3859
MSitAE-APRIL-2024,RV9,NHS ENGLAND NORTH EAST AND YORKSHIRE,HUMBER TEACHING NHS FOUNDATION TRUST,0,0,1182,0,0,25,0,0,1,0,0,0,0,0,0,0,0,0,,,,,,,2024-04-01,1182,1,,0
MSitAE-APRIL-2024,RWP,NHS ENGLAND MIDLANDS,WORCESTERSHIRE ACUTE HOSPITALS NHS TRUST,12732,0,5740,170,0,20,6543,0,42,66,0,0,824,248,3784,0,0,1505,,,,,,,2024-04-01,18472,6585,48.6,5289
MSitAE-APRIL-2024,RX1,NHS ENGLAND MIDLANDS,NOTTINGHAM UNIVERSITY HOSPITALS NHS TRUST,14649,2022,316,570,0,0,7071,119,5,267,0,0,695,519,3880,0,0,3931,,,,,,,2024-04-01,16987,7195,51.7,7811
MSitAE-APRIL-2024,RXC,NHS ENGLAND SOUTH EAST,EAST SUSSEX HEALTHCARE NHS TRUST,9911,0,2291,785,0,976,3222,0,26,0,0,0,249,0,3526,0,0,530,,,,,,,2024-04-01,12202,3248,67.5,4056
MSitAE-APRIL-2024,RXG,NHS ENGLAND NORTH EAST AND YORKSHIRE,SOUTH WEST YORKSHIRE PARTNERSHIP NHS FOUNDATION TRUST,0,0,0,0,0,0,0,0,0,0,0,0,0,0,0,0,0,111,,,,,,,2024-04-01,0,0,,111
MSitAE-APRIL-2024,RXL,NHS ENGLAND NORTH WEST,BLACKPOOL TEACHING HOSPITALS NHS FOUNDATION TRUST,8434,0,10404,264,0,278,3726,0,109,84,0,0,428,517,2485,0,0,1460,,,,,,,2024-04-01,18838,3835,55.8,3945
MSitAE-APRIL-2024,RY2,NHS ENGLAND NORTH WEST,BRIDGEWATER COMMUNITY HEALTHCARE NHS FOUNDATION TRUST,0,0,3432,0,0,183,0,0,54,0,0,3,0,0,0,0,0,0,,,,,,,2024-04-01,3432,54,,0
MSitAE-APRIL-2024,RYF,NHS ENGLAND SOUTH WEST,SOUTH WESTERN AMBULANCE SERVICE NHS FOUNDATION TRUST,0,0,1691,0,0,21,0,0,142,0,0,1,0,0,0,0,0,0,,,,,,,2024-04-01,1691,142,,0
MSitAE-APRIL-2024,RYX,NHS ENGLAND LONDON,CENTRAL LONDON COMMUNITY HEALTHCARE NHS TRUST,0,0,10114,0,0,647,0,0,247,0,0,9,0,0,0,0,0,0,,,,,,,2024-04-01,10114,247,,0
MSitAE-APRIL-2024,NV693,NHS ENGLAND NORTH WEST,ROSSENDALE MIU & OOH,0,0,1019,0,0,0,0,0,1,0,0,0,0,0,0,0,0,0,,,,,,,2024-04-01,1019,1,,0
MSitAE-APRIL-2024,R0D,NHS ENGLAND SOUTH WEST,UNIVERSITY HOSPITALS DORSET NHS FOUNDATION TRUST,12739,0,4818,0,0,0,5255,0,0,0,0,0,863,131,3992,4,0,2340,,,,,,,2024-04-01,17557,5255,58.7,6336
MSitAE-APRIL-2024,RA7,NHS ENGLAND SOUTH WEST,UNIVERSITY HOSPITALS BRISTOL AND WESTON NHS FOUNDATION TRUST,15115,2307,0,0,0,0,5366,115,0,0,0,0,1201,350,5118,12,0,1458,,,,,,,2024-04-01,17422,5481,64.5,6588
MSitAE-APRIL-2024,RAE,NHS ENGLAND NORTH EAST AND YORKSHIRE,BRADFORD TEACHING HOSPITALS NHS FOUNDATION TRUST,9299,910,2849,0,0,0,2164,0,0,0,0,0,623,94,2314,0,66,1500,,,,,,,2024-04-01,13058,2164,76.7,3880
MSitAE-APRIL-2024,RBS,NHS ENGLAND NORTH WEST,ALDER HEY CHILDREN'S NHS FOUNDATION TRUST,5628,0,0,0,0,0,712,0,0,0,0,0,0,0,920,0,0,337,,,,,,,2024-04-01,5628,712,87.3,1257
MSitAE-APRIL-2024,RCU,NHS ENGLAND NORTH EAST AND YORKSHIRE,SHEFFIELD CHILDREN'S NHS FOUNDATION TRUST,4319,0,214,261,0,12,516,0,0,31,0,0,9,0,868,0,0,108,,,,,,,2024-04-01,4533,516,88.1,976
MSitAE-APRIL-2024,RDU,NHS ENGLAND SOUTH EAST,FRIMLEY HEALTH NHS FOUNDATION TRUST,21666,990,12046,0,0,0,8793,1,79,0,0,0,2206,181,5878,0,0,272,,,,,,,2024-04-01,34702,8873,59.4,6150
MSitAE-APRIL-2024,REP,NHS ENGLAND NORTH WEST,LIVERPOOL WOMEN'S NHS FOUNDATION TRUST,0,1265,0,0,139,0,0,125,0,0,0,0,0,0,0,98,0,18,,,,,,,2024-04-01,1265,125,,116
MSitAE-APRIL-2024,RJE,NHS ENGLAND MIDLANDS,UNIVERSITY HOSPITALS OF NORTH MIDLANDS NHS TRUST,13330,490,8542,643,0,487,6574,0,73,237,0,10,1060,927,5823,0,0,3002,,,,,,,2024-04-01,22362,6647,50.7,8825
MSitAE-APRIL-2024,RL4,NHS ENGLAND MIDLANDS,THE ROYAL WOLVERHAMPTON NHS TRUST,13101,0,8087,171,0,823,3736,0,250,17,0,3,1074,156,5774,0,0,970,,,,,,,2024-04-01,21188,3986,71.5,6744
MSitAE-APRIL-2024,RLQ,NHS ENGLAND MIDLANDS,WYE VALLEY NHS TRUST,6127,1329,0,170,0,0,2349,0,0,29,0,0,383,293,2019,0,0,625,,,,,,,2024-04-01,7456,2349,61.7,2644
MSitAE-APRIL-2024,RRK,NHS ENGLAND MIDLANDS,UNIVERSITY HOSPITALS BIRMINGHAM NHS FOUNDATION TRUST,32656,307,1558,63,0,253,13825,0,16,11,0,2,2112,2228,10561,0,0,6074,,,,,,,2024-04-01,34521,13841,57.7,16635
MSitAE-APRIL-2024,RTG,NHS ENGLAND MIDLANDS,UNIVERSITY HOSPITALS OF DERBY AND BURTON NHS FOUNDATION TRUST,20711,0,9871,450,0,34,8262,0,30,183,0,0,838,754,3991,0,2,2386,,,,,,,2024-04-01,30582,8292,60.1,6379
MSitAE-APRIL-2024,RVJ,NHS ENGLAND SOUTH WEST,NORTH BRISTOL NHS TRUST,8952,0,0,21,0,0,3265,0,0,5,0,0,661,324,2825,0,0,1935,,,,,,,2024-04-01,8952,3265,63.5,4760
MSitAE-APRIL-2024,RVW,NHS ENGLAND NORTH EAST AND YORKSHIRE,NORTH TEES AND HARTLEPOOL NHS FOUNDATION TRUST,4459,0,11238,0,0,0,1734,0,40,0,0,0,80,0,1618,0,584,2133,,,,,,,2024-04-01,15697,1774,61.1,4335
MSitAE-APRIL-2024,RXN,NHS ENGLAND NORTH WEST,LANCASHIRE TEACHING HOSPITALS NHS FOUNDATION TRUST,11493,0,3788,288,0,106,4564,0,260,75,0,2,1061,459,2940,0,158,1222,,,,,,,2024-04-01,15281,4824,60.3,4320
MSitAE-APRIL-2024,RXR,NHS ENGLAND NORTH WEST,EAST LANCASHIRE HOSPITALS NHS TRUST,12318,0,10055,0,0,0,4052,0,382,0,0,0,385,1113,3462,0,80,1663,,,,,,,2024-04-01,22373,4434,67.1,5205
MSitAE-APRIL-2024,RY4,NHS ENGLAND EAST OF ENGLAND,HERTFORDSHIRE COMMUNITY NHS TRUST,0,0,916,0,0,0,0,0,19,0,0,0,0,0,0,0,0,0,,,,,,,2024-04-01,916,19,,0
MSitAE-APRIL-2024,AJN,NHS ENGLAND NORTH EAST AND YORKSHIRE,WORKINGTON HEALTH LIMITED,0,0,344,0,0,0,0,0,0,0,0,0,0,0,0,0,0,0,,,,,,,2024-04-01,344,0,,0
MSitAE-APRIL-2024,NL7,NHS ENGLAND MIDLANDS,ASSURA VERTIS URGENT CARE CENTRES (BIRMINGHAM),0,0,4045,0,0,0,0,0,0,0,0,0,0,0,0,0,0,0,,,,,,,2024-04-01,4045,0,,0
MSitAE-APRIL-2024,R1H,NHS ENGLAND LONDON,BARTS HEALTH NHS TRUST,23379,915,16891,0,0,0,11368,30,2835,0,0,0,880,1225,4700,0,0,1326,,,,,,,2024-04-01,41185,14233,51.4,6026
MSitAE-APRIL-2024,RA2,NHS ENGLAND SOUTH EAST,ROYAL SURREY COUNTY HOSPITAL NHS FOUNDATION TRUST,6572,0,1327,725,0,10,2006,0,0,192,0,0,333,1,2491,0,0,1025,,,,,,,2024-04-01,7899,2006,69.5,3516
MSitAE-APRIL-2024,RAJ,NHS ENGLAND EAST OF ENGLAND,MID AND SOUTH ESSEX NHS FOUNDATION TRUST,28759,0,5982,589,0,138,7935,0,157,98,0,1,2656,5,8966,0,231,1276,,,,,,,2024-04-01,34741,8092,72.4,10473
MSitAE-APRIL-2024,RAL,NHS ENGLAND LONDON,ROYAL FREE LONDON NHS FOUNDATION TRUST,18315,0,8065,0,0,0,7442,0,150,0,0,0,986,905,3827,0,0,524,,,,,,,2024-04-01,26380,7592,59.4,4351
MSitAE-APRIL-2024,RAX,NHS ENGLAND LONDON,KINGSTON HOSPITAL NHS FOUNDATION TRUST,6887,0,8057,0,0,0,3304,0,217,0,0,0,202,462,2145,0,148,690,,,,,,,2024-04-01,14944,3521,52.0,2983
MSitAE-APRIL-2024,RBD,NHS ENGLAND SOUTH WEST,DORSET COUNTY HOSPITAL NHS FOUNDATION TRUST,4182,0,0,380,0,3966,1461,0,0,91,0,5,170,24,1866,0,0,511,,,,,,,2024-04-01,4182,1461,65.1,2377
MSitAE-APRIL-2024,RBK,NHS ENGLAND MIDLANDS,WALSALL HEALTHCARE NHS TRUST,8277,0,3865,432,0,145,2857,0,136,74,0,0,852,79,3551,0,0,713,,,,,,,2024-04-01,12142,2993,65.5,4264
MSitAE-APRIL-2024,RCB,NHS ENGLAND NORTH EAST AND YORKSHIRE,YORK AND SCARBOROUGH TEACHING HOSPITALS NHS FOUNDATION TRUST,11129,389,8439,0,0,26,6306,0,322,0,0,0,903,859,4468,2,0,1564,,,,,,,2024-04-01,19957,6628,43.3,6034
MSitAE-APRIL-2024,RCF,NHS ENGLAND NORTH EAST AND YORKSHIRE,AIREDALE NHS FOUNDATION TRUST,5567,264,13,560,0,0,1916,0,0,0,0,0,363,119,1479,0,0,563,,,,,,,2024-04-01,5844,1916,65.6,2042
MSitAE-APRIL-2024,RD8,NHS ENGLAND EAST OF ENGLAND,MILTON KEYNES UNIVERSITY HOSPITAL NHS FOUNDATION TRUST,7780,0,5601,622,0,144,3264,0,159,255,0,0,737,0,2055,0,0,411,,,,,,,2024-04-01,13381,3423,58.0,2466
MSitAE-APRIL-2024,RGN,NHS ENGLAND EAST OF ENGLAND,NORTH WEST ANGLIA NHS FOUNDATION TRUST,12628,0,4569,821,0,712,5703,0,579,251,0,87,449,803,3276,0,138,1452,,,,,,,2024-04-01,17197,6282,54.8,4866
MSitAE-APRIL-2024,RGT,NHS ENGLAND EAST OF ENGLAND,CAMBRIDGE UNIVERSITY HOSPITALS NHS FOUNDATION TRUST,9929,0,5600,760,0,538,5184,0,74,342,0,24,547,663,2722,0,38,493,,,,,,,2024-04-01,15529,5258,47.8,3253
MSitAE-APRIL-2024,RJR,NHS ENGLAND NORTH WEST,COUNTESS OF CHESTER HOSPITAL NHS FOUNDATION TRUST,5133,0,1751,0,0,0,2621,0,147,0,0,0,344,654,1800,0,0,1250,,,,,,,2024-04-01,6884,2768,48.9,3050
MSitAE-APRIL-2024,RK5,NHS ENGLAND MIDLANDS,SHERWOOD FOREST HOSPITALS NHS FOUNDATION TRUST,10776,0,5411,23,0,144,3917,0,298,5,0,2,575,140,3383,0,1,340,,,,,,,2024-04-01,16187,4215,63.7,3724
MSitAE-APRIL-2024,RN5,NHS ENGLAND SOUTH EAST,HAMPSHIRE HOSPITALS NHS FOUNDATION TRUST,12107,153,474,0,0,142,4679,0,0,0,0,0,636,37,4274,10,0,1057,,,,,,,2024-04-01,12734,4679,61.4,5341
MSitAE-APRIL-2024,RNN,NHS ENGLAND NORTH EAST AND YORKSHIRE,NORTH CUMBRIA INTEGRATED CARE NHS FOUNDATION TRUST,8482,0,1831,376,0,44,3656,0,28,95,0,1,592,574,2189,0,0,732,,,,,,,2024-04-01,10313,3684,56.9,2921
MSitAE-APRIL-2024,RNU,NHS ENGLAND SOUTH EAST,OXFORD HEALTH NHS FOUNDATION TRUST,0,0,3874,0,0,0,0,0,403,0,0,0,0,0,0,0,0,0,,,,,,,2024-04-01,3874,403,,0
MSitAE-APRIL-2024,RR7,NHS ENGLAND NORTH EAST AND YORKSHIRE,GATESHEAD HEALTH NHS FOUNDATION TRUST,5637,0,3716,23,0,7,2581,0,55,11,0,0,989,1,1644,0,0,803,,,,,,,2024-04-01,9353,2636,54.2,2447
MSitAE-APRIL-2024,RTK,NHS ENGLAND SOUTH EAST,ASHFORD AND ST PETER'S HOSPITALS NHS FOUNDATION TRUST,9838,0,0,0,0,0,3220,0,0,0,0,0,630,172,3140,0,0,604,,,,,,,2024-04-01,9838,3220,67.3,3744
MSitAE-APRIL-2024,RTQ,NHS ENGLAND SOUTH WEST,GLOUCESTERSHIRE HEALTH AND CARE NHS FOUNDATION TRUST,0,0,6718,0,0,0,0,0,32,0,0,0,0,0,0,0,0,34,,,,,,,2024-04-01,6718,32,,34
MSitAE-APRIL-2024,RWA,NHS ENGLAND NORTH EAST AND YORKSHIRE,HULL UNIVERSITY TEACHING HOSPITALS NHS TRUST,8942,0,4632,0,0,0,5108,0,382,0,0,0,1032,413,3458,0,0,1903,,,,,,,2024-04-01,13574,5490,42.9,5361
MSitAE-APRIL-2024,RWE,NHS ENGLAND MIDLANDS,UNIVERSITY HOSPITALS OF LEICESTER NHS TRUST,21378,1812,0,0,0,0,8850,78,0,0,0,0,1558,839,6179,3,0,3480,,,,,,,2024-04-01,23190,8928,58.6,9662
MSitAE-APRIL-2024,RWF,NHS ENGLAND SOUTH EAST,MAIDSTONE AND TUNBRIDGE WELLS NHS TRUST,17938,0,2136,718,0,172,3182,0,25,77,0,1,941,9,5320,0,0,995,,,,,,,2024-04-01,20074,3207,82.3,6315
MSitAE-APRIL-2024,RXK,NHS ENGLAND MIDLANDS,SANDWELL AND WEST BIRMINGHAM HOSPITALS NHS TRUST,14441,1125,8898,999,0,0,6807,123,296,234,0,0,1567,409,2695,0,0,291,,,,,,,2024-04-01,24464,7226,52.9,2986
MSitAE-APRIL-2024,RXW,NHS ENGLAND MIDLANDS,THE SHREWSBURY AND TELFORD HOSPITAL NHS TRUST,10713,0,2246,0,0,0,6164,0,328,0,0,0,452,579,3008,0,45,2088,,,,,,,2024-04-01,12959,6492,42.5,5141
MSitAE-APRIL-2024,RY5,NHS ENGLAND MIDLANDS,LINCOLNSHIRE COMMUNITY HEALTH SERVICES NHS TRUST,0,0,8628,0,0,0,0,0,213,0,0,0,0,0,0,0,0,0,,,,,,,2024-04-01,8628,213,,0
MSitAE-APRIL-2024,RYR,NHS ENGLAND SOUTH EAST,UNIVERSITY HOSPITALS SUSSEX NHS FOUNDATION TRUST,21306,1559,4897,1308,0,1095,9621,48,478,463,0,27,1533,1394,7759,24,30,1490,,,,,,,2024-04-01,27762,10147,54.8,9303
MSitAE-APRIL-2024,C82009,NHS ENGLAND MIDLANDS,MARKET HARBOROUGH MED.CTR,0,0,296,0,0,0,0,0,0,0,0,0,0,0,0,0,0,0,,,,,,,2024-04-01,296,0,,0
MSitAE-APRIL-2024,NNF09,NHS ENGLAND NORTH EAST AND YORKSHIRE,BRANSHOLME HEALTH CENTRE,0,0,3849,0,0,0,0,0,908,0,0,0,0,0,0,0,0,0,,,,,,,2024-04-01,3849,908,,0
MSitAE-APRIL-2024,NNF94,NHS ENGLAND NORTH EAST AND YORKSHIRE,EAST RIDING COMMUNITY HOSPITAL,0,0,2787,0,0,0,0,0,315,0,0,0,0,0,0,0,0,0,,,,,,,2024-04-01,2787,315,,0
MSitAE-APRIL-2024,NNFA7,NHS ENGLAND NORTH EAST AND YORKSHIRE,GOOLE & DISTRICT HOSPITAL,0,0,1577,0,0,0,0,0,13,0,0,0,0,0,0,0,0,0,,,,,,,2024-04-01,1577,13,,0
MSitAE-APRIL-2024,R1F,NHS ENGLAND SOUTH EAST,ISLE OF WIGHT NHS TRUST,4088,0,2006,22,0,26,1779,0,1,10,0,0,185,50,1089,0,0,249,,,,,,,2024-04-01,6094,1780,56.5,1338
MSitAE-APRIL-2024,R1K,NHS ENGLAND LONDON,LONDON NORTH WEST UNIVERSITY HEALTHCARE NHS TRUST,12755,0,14697,0,0,0,6154,0,181,0,0,0,673,686,6513,0,0,435,,,,,,,2024-04-01,27452,6335,51.8,6948
MSitAE-APRIL-2024,RAP,NHS ENGLAND LONDON,NORTH MIDDLESEX UNIVERSITY HOSPITAL NHS TRUST,7727,516,7501,83,1,102,4606,1,911,44,0,14,199,834,1515,0,0,169,,,,,,,2024-04-01,15744,5518,40.4,1684
MSitAE-APRIL-2024,RBT,NHS ENGLAND NORTH WEST,MID CHESHIRE HOSPITALS NHS FOUNDATION TRUST,6991,0,2496,158,0,83,3897,0,31,35,0,0,764,398,2453,0,0,1025,,,,,,,2024-04-01,9487,3928,44.3,3478
MSitAE-APRIL-2024,RC9,NHS ENGLAND EAST OF ENGLAND,BEDFORDSHIRE HOSPITALS NHS FOUNDATION TRUST,15343,0,7895,0,0,1029,6075,0,0,0,0,0,80,22,4589,0,0,2122,,,,,,,2024-04-01,23238,6075,60.4,6711
MSitAE-APRIL-2024,RDE,NHS ENGLAND EAST OF ENGLAND,EAST SUFFOLK AND NORTH ESSEX NHS FOUNDATION TRUST,14264,0,12449,814,0,273,5880,0,172,0,0,0,1051,353,6088,0,331,985,,,,,,,2024-04-01,26713,6052,58.8,7404
MSitAE-APRIL-2024,RFS,NHS ENGLAND MIDLANDS,CHESTERFIELD ROYAL HOSPITAL NHS FOUNDATION TRUST,6813,0,1469,270,0,90,2969,0,202,99,0,3,894,142,2739,0,246,620,,,,,,,2024-04-01,8282,3171,56.4,3605
MSitAE-APRIL-2024,RHM,NHS ENGLAND SOUTH EAST,UNIVERSITY HOSPITAL SOUTHAMPTON NHS FOUNDATION TRUST,11282,1347,0,182,0,0,3842,70,0,52,0,0,387,13,3574,9,0,1552,,,,,,,2024-04-01,12629,3912,65.9,5135
MSitAE-APRIL-2024,RJ1,NHS ENGLAND LONDON,GUY'S AND ST THOMAS' NHS FOUNDATION TRUST,10365,767,6320,0,0,0,4172,0,248,0,0,0,153,34,2090,0,0,249,,,,,,,2024-04-01,17452,4420,59.7,2339
MSitAE-APRIL-2024,RJ6,NHS ENGLAND LONDON,CROYDON HEALTH SERVICES NHS TRUST,12926,0,4996,17,0,0,4171,0,0,9,0,0,432,558,1380,0,0,96,,,,,,,2024-04-01,17922,4171,67.7,1476
MSitAE-APRIL-2024,RJ7,NHS ENGLAND LONDON,ST GEORGE'S UNIVERSITY HOSPITALS NHS FOUNDATION TRUST,8344,0,3193,1017,0,0,2429,0,0,114,0,0,492,774,2435,0,0,816,,,,,,,2024-04-01,11537,2429,70.9,3251
MSitAE-APRIL-2024,RJC,NHS ENGLAND MIDLANDS,SOUTH WARWICKSHIRE UNIVERSITY NHS FOUNDATION TRUST,8132,0,409,17,0,0,2155,0,0,0,0,0,290,17,2297,0,0,697,,,,,,,2024-04-01,8541,2155,73.5,2994
MSitAE-APRIL-2024,RK9,NHS ENGLAND SOUTH WEST,UNIVERSITY HOSPITALS PLYMOUTH NHS TRUST,8342,166,4652,0,0,0,5042,0,238,0,0,0,548,675,2740,0,0,1106,,,,,,,2024-04-01,13160,5280,39.6,3846
MSitAE-APRIL-2024,RKB,NHS ENGLAND MIDLANDS,UNIVERSITY HOSPITALS COVENTRY AND WARWICKSHIRE NHS TRUST,11311,1904,7661,46,0,118,5329,66,243,18,0,1,267,90,2906,106,87,1640,,,,,,,2024-04-01,20876,5638,52.9,4739
MSitAE-APRIL-2024,RLT,NHS ENGLAND MIDLANDS,GEORGE ELIOT HOSPITAL NHS TRUST,6653,0,1835,0,0,0,2101,0,43,0,0,0,505,254,936,0,0,37,,,,,,,2024-04-01,8488,2144,68.4,973
MSitAE-APRIL-2024,RM1,NHS ENGLAND EAST OF ENGLAND,NORFOLK AND NORWICH UNIVERSITY HOSPITALS NHS FOUNDATION TRUST,11148,0,8817,464,0,0,3421,0,2,79,0,0,626,114,2512,0,0,1701,,,,,,,2024-04-01,19965,3423,69.3,4213
MSitAE-APRIL-2024,RMP,NHS ENGLAND NORTH WEST,TAMESIDE AND GLOSSOP INTEGRATED CARE NHS FOUNDATION TRUST,7768,0,2645,445,0,260,3746,0,0,0,0,0,576,98,2368,0,0,636,,,,,,,2024-04-01,10413,3746,51.8,3004
MSitAE-APRIL-2024,RNZ,NHS ENGLAND SOUTH WEST,SALISBURY NHS FOUNDATION TRUST,4179,350,1880,313,0,0,1707,0,0,104,0,0,469,6,1378,0,0,887,,,,,,,2024-04-01,6409,1707,59.2,2265
MSitAE-APRIL-2024,RP5,NHS ENGLAND NORTH EAST AND YORKSHIRE,DONCASTER AND BASSETLAW TEACHING HOSPITALS NHS FOUNDATION TRUST,12754,0,3328,0,0,0,4103,0,0,0,0,0,783,168,3995,0,419,1075,,,,,,,2024-04-01,16082,4103,67.8,5489
MSitAE-APRIL-2024,RPA,NHS ENGLAND SOUTH EAST,MEDWAY NHS FOUNDATION TRUST,8540,0,6817,367,0,1147,2638,0,480,77,0,0,414,521,2277,0,0,1202,,,,,,,2024-04-01,15357,3118,69.1,3479
MSitAE-APRIL-2024,RQM,NHS ENGLAND LONDON,CHELSEA AND WESTMINSTER HOSPITAL NHS FOUNDATION TRUST,18886,0,5831,901,0,0,4549,0,128,0,0,0,905,26,2657,0,0,370,,,,,,,2024-04-01,24717,4677,75.9,3027
MSitAE-APRIL-2024,RQW,NHS ENGLAND EAST OF ENGLAND,THE PRINCESS ALEXANDRA HOSPITAL NHS TRUST,7323,0,1962,0,0,766,3558,0,0,0,0,0,583,202,2161,0,0,433,,,,,,,2024-04-01,9285,3558,51.4,2594
MSitAE-APRIL-2024,RR8,NHS ENGLAND NORTH EAST AND YORKSHIRE,LEEDS TEACHING HOSPITALS NHS TRUST,16864,746,11864,43,0,46,6569,0,88,11,0,0,1838,203,3688,0,0,1242,,,,,,,2024-04-01,29474,6657,61.0,4930
MSitAE-APRIL-2024,RRF,NHS ENGLAND NORTH WEST,"WRIGHTINGTON, WIGAN AND LEIGH NHS FOUNDATION TRUST",7150,0,5383,0,0,0,3557,0,30,0,0,0,1069,516,2087,0,0,819,,,,,,,2024-04-01,12533,3587,50.3,2906
MSitAE-APRIL-2024,RTE,NHS ENGLAND SOUTH WEST,GLOUCESTERSHIRE HOSPITALS NHS FOUNDATION TRUST,12328,0,0,212,0,0,5098,0,0,64,0,0,308,859,2669,0,0,1865,,,,,,,2024-04-01,12328,5098,58.6,4534
MSitAE-APRIL-2024,RTF,NHS ENGLAND NORTH EAST AND YORKSHIRE,NORTHUMBRIA HEALTHCARE NHS FOUNDATION TRUST,9458,0,12043,0,0,0,3071,0,0,0,0,0,79,3,4336,0,37,1623,,,,,,,2024-04-01,21501,3071,67.5,5996
MSitAE-APRIL-2024,RTR,NHS ENGLAND NORTH EAST AND YORKSHIRE,SOUTH TEES HOSPITALS NHS FOUNDATION TRUST,7825,0,9064,0,0,965,3915,0,480,0,0,70,418,28,2644,0,98,2153,,,,,,,2024-04-01,16889,4395,50.0,4895
MSitAE-APRIL-2024,RVR,NHS ENGLAND LONDON,EPSOM AND ST HELIER UNIVERSITY HOSPITALS NHS TRUST,10936,323,1477,371,1,33,2995,0,70,40,0,0,263,651,1833,3,0,112,,,,,,,2024-04-01,12736,3065,72.6,1948
MSitAE-APRIL-2024,RVV,NHS ENGLAND SOUTH EAST,EAST KENT HOSPITALS UNIVERSITY NHS FOUNDATION TRUST,12256,0,11721,0,0,0,6442,0,310,0,0,0,482,1207,3541,0,510,1047,,,,,,,2024-04-01,23977,6752,47.4,5098
MSitAE-APRIL-2024,RWD,NHS ENGLAND MIDLANDS,UNITED LINCOLNSHIRE HOSPITALS NHS TRUST,9608,0,10108,2,0,0,6171,0,1081,1,0,0,1090,693,4148,0,0,1203,,,,,,,2024-04-01,19716,7252,35.8,5351
MSitAE-APRIL-2024,RWH,NHS ENGLAND EAST OF ENGLAND,EAST AND NORTH HERTFORDSHIRE NHS TRUST,8880,0,6559,12,0,420,4928,0,54,7,0,4,175,22,3219,0,67,255,,,,,,,2024-04-01,15439,4982,44.5,3541
MSitAE-APRIL-2024,RWJ,NHS ENGLAND NORTH WEST,STOCKPORT NHS FOUNDATION TRUST,7129,0,1004,496,0,153,3027,0,16,189,0,1,756,308,2388,0,82,750,,,,,,,2024-04-01,8133,3043,57.5,3220
MSitAE-APRIL-2024,RWW,NHS ENGLAND NORTH WEST,WARRINGTON AND HALTON TEACHING HOSPITALS NHS FOUNDATION TRUST,6727,0,3182,284,0,126,3288,0,52,109,0,2,664,651,1807,0,0,239,,,,,,,2024-04-01,9909,3340,51.1,2046
MSitAE-APRIL-2024,RXF,NHS ENGLAND NORTH EAST AND YORKSHIRE,MID YORKSHIRE TEACHING NHS TRUST,17513,162,5006,120,0,100,7000,0,473,11,0,5,2264,114,3563,0,149,899,,,,,,,2024-04-01,22681,7473,60.0,4611
MSitAE-APRIL-2024,RXP,NHS ENGLAND NORTH EAST AND YORKSHIRE,COUNTY DURHAM AND DARLINGTON NHS FOUNDATION TRUST,12647,0,4146,0,0,6275,5388,0,0,0,0,0,2269,13,4306,0,0,742,,,,,,,2024-04-01,16793,5388,57.4,5048
MSitAE-APRIL-2024,RYG,NHS ENGLAND MIDLANDS,COVENTRY AND WARWICKSHIRE PARTNERSHIP NHS TRUST,0,0,0,0,0,0,0,0,0,0,0,0,0,0,0,0,6,55,,,,,,,2024-04-01,0,0,,61
MSitAE-APRIL-2024,RYJ,NHS ENGLAND LONDON,IMPERIAL COLLEGE HEALTHCARE NHS TRUST,11395,3944,6932,0,0,387,4969,33,392,0,0,0,669,152,4019,0,0,1112,,,,,,,2024-04-01,22271,5394,56.4,5131
MSitAE-APRIL-2024,ARN03,NHS ENGLAND NORTH EAST AND YORKSHIRE,LOCAL CARE DIRECT,0,0,2189,0,0,305,0,0,0,0,0,0,0,0,0,0,0,0,,,,,,,2024-04-01,2189,0,,0
MSitAE-APRIL-2024,RD1,NHS ENGLAND SOUTH WEST,ROYAL UNITED HOSPITALS BATH NHS FOUNDATION TRUST,8258,0,0,0,0,0,3304,0,0,0,0,0,772,39,2421,0,14,1602,,,,,,,2024-04-01,8258,3304,60.0,4037
MSitAE-APRIL-2024,RDR,NHS ENGLAND SOUTH EAST,SUSSEX COMMUNITY NHS FOUNDATION TRUST,0,0,12252,0,0,0,0,0,394,0,0,0,0,0,0,0,0,0,,,,,,,2024-04-01,12252,394,,0
MSitAE-APRIL-2024,RF4,NHS ENGLAND LONDON,"BARKING, HAVERING AND REDBRIDGE UNIVERSITY HOSPITALS NHS TRUST",12585,2426,13415,0,0,0,5543,378,292,0,0,0,721,657,7837,0,0,475,,,,,,,2024-04-01,28426,6213,56.0,8312
MSitAE-APRIL-2024,RHQ,NHS ENGLAND NORTH EAST AND YORKSHIRE,SHEFFIELD TEACHING HOSPITALS NHS FOUNDATION TRUST,8906,1137,7457,401,1,1151,4356,0,172,175,0,22,1236,5,3737,0,0,2799,,,,,,,2024-04-01,17500,4528,51.1,6536
MSitAE-APRIL-2024,RJ2,NHS ENGLAND LONDON,LEWISHAM AND GREENWICH NHS TRUST,13071,0,11391,36,0,0,7203,0,1446,5,0,0,1091,733,3639,0,0,1341,,,,,,,2024-04-01,24462,8649,44.9,4980
MSitAE-APRIL-2024,RKE,NHS ENGLAND LONDON,WHITTINGTON HEALTH NHS TRUST,8958,0,0,0,0,0,2515,0,0,0,0,0,196,428,1004,0,0,44,,,,,,,2024-04-01,8958,2515,71.9,1048
MSitAE-APRIL-2024,RN7,NHS ENGLAND SOUTH EAST,DARTFORD AND GRAVESHAM NHS TRUST,10890,0,3474,0,0,0,3338,0,61,0,0,0,909,120,2813,0,0,433,,,,,,,2024-04-01,14364,3399,69.3,3246
MSitAE-APRIL-2024,RTX,NHS ENGLAND NORTH WEST,UNIVERSITY HOSPITALS OF MORECAMBE BAY NHS FOUNDATION TRUST,8617,0,2740,148,0,632,2626,0,104,32,0,40,511,354,2977,0,17,966,,,,,,,2024-04-01,11357,2730,69.5,3960
MSitAE-APRIL-2024,RWX,NHS ENGLAND SOUTH EAST,BERKSHIRE HEALTHCARE NHS FOUNDATION TRUST,0,0,1440,0,0,0,0,0,21,0,0,0,0,0,0,0,38,0,,,,,,,2024-04-01,1440,21,,38
MSitAE-APRIL-2024,RBN,NHS ENGLAND NORTH WEST,MERSEY AND WEST LANCASHIRE TEACHING HOSPITALS NHS TRUST,16959,0,7515,414,0,0,7393,0,169,59,0,0,563,302,7177,0,0,613,,,,,,,2024-04-01,24474,7562,56.4,7790
MSitAE-APRIL-2024,RH5,NHS ENGLAND SOUTH WEST,SOMERSET NHS FOUNDATION TRUST,12901,0,9795,0,0,1,4809,0,111,0,0,0,433,20,3336,0,0,2148,,,,,,,2024-04-01,22696,4920,62.7,5484
MSitAE-APRIL-2024,RET,NHS ENGLAND NORTH WEST,THE WALTON CENTRE NHS FOUNDATION TRUST,0,0,0,0,0,0,0,0,0,0,0,0,0,0,0,0,0,172,,,,,,,2024-04-01,0,0,,172
MSitAE-APRIL-2024,RL1,NHS ENGLAND MIDLANDS,THE ROBERT JONES AND AGNES HUNT ORTHOPAEDIC HOSPITAL NHS FOUNDATION TRUST,0,0,0,0,0,0,0,0,0,0,0,0,0,0,0,0,0,23,,,,,,,2024-04-01,0,0,,23
MSitAE-APRIL-2024,RMC,NHS ENGLAND NORTH WEST,BOLTON NHS FOUNDATION TRUST,7570,0,3317,124,0,145,4055,0,312,46,0,5,484,656,2272,0,63,761,,,,,,,2024-04-01,10887,4367,46.4,3096
MSitAE-APRIL-2024,RN3,NHS ENGLAND SOUTH WEST,GREAT WESTERN HOSPITALS NHS FOUNDATION TRUST,5212,0,5502,0,0,171,2283,0,339,0,0,1,431,118,2261,0,0,1425,,,,,,,2024-04-01,10714,2622,56.2,3686
MSitAE-APRIL-2024,RTD,NHS ENGLAND NORTH EAST AND YORKSHIRE,THE NEWCASTLE UPON TYNE HOSPITALS NHS FOUNDATION TRUST,11690,1659,5200,0,0,783,5019,161,0,0,0,0,683,122,3477,28,0,2948,,,,,,,2024-04-01,18549,5180,57.1,6453
MSitAE-APRIL-2024,R0A,NHS ENGLAND NORTH WEST,MANCHESTER UNIVERSITY NHS FOUNDATION TRUST,23565,3203,11520,3030,522,968,11068,93,737,1294,12,93,3573,623,5256,170,148,503,,,,,,,2024-04-01,38288,11898,53.0,6077
MSitAE-APRIL-2024,RAS,NHS ENGLAND LONDON,THE HILLINGDON HOSPITALS NHS FOUNDATION TRUST,5629,0,6741,0,0,0,2550,0,41,0,0,0,302,16,2720,0,0,191,,,,,,,2024-04-01,12370,2591,54.7,2911
MSitAE-APRIL-2024,RBL,NHS ENGLAND NORTH WEST,WIRRAL UNIVERSITY TEACHING HOSPITAL NHS FOUNDATION TRUST,7595,0,2639,125,0,183,3922,0,47,43,0,5,723,362,2175,0,0,1712,,,,,,,2024-04-01,10234,3969,48.4,3887
MSitAE-APRIL-2024,RCD,NHS ENGLAND NORTH EAST AND YORKSHIRE,HARROGATE AND DISTRICT NHS FOUNDATION TRUST,4751,0,835,209,0,23,1543,0,1,47,0,0,320,66,1257,0,0,457,,,,,,,2024-04-01,5586,1544,67.5,1714
MSitAE-APRIL-2024,RCX,NHS ENGLAND EAST OF ENGLAND,"THE QUEEN ELIZABETH HOSPITAL, KING'S LYNN, NHS FOUNDATION TRUST",6228,0,1182,31,0,0,2119,0,0,7,0,0,352,142,2283,0,0,652,,,,,,,2024-04-01,7410,2119,66.0,2935
MSitAE-APRIL-2024,RH8,NHS ENGLAND SOUTH WEST,ROYAL DEVON UNIVERSITY HEALTHCARE NHS FOUNDATION TRUST,11828,503,3905,1217,0,47,3836,45,45,399,0,0,840,20,4125,0,0,2202,,,,,,,2024-04-01,16236,3926,67.6,6327
MSitAE-APRIL-2024,RHW,NHS ENGLAND SOUTH EAST,ROYAL BERKSHIRE NHS FOUNDATION TRUST,11556,2317,0,631,27,0,4261,17,0,184,0,0,722,0,2510,1,0,887,,,,,,,2024-04-01,13873,4278,63.1,3398
MSitAE-APRIL-2024,RJL,NHS ENGLAND NORTH EAST AND YORKSHIRE,NORTHERN LINCOLNSHIRE AND GOOLE NHS FOUNDATION TRUST,15035,0,489,0,0,0,3943,0,2,0,0,0,594,723,4816,0,0,356,,,,,,,2024-04-01,15524,3945,73.8,5172
MSitAE-APRIL-2024,RQ3,NHS ENGLAND MIDLANDS,BIRMINGHAM WOMEN'S AND CHILDREN'S NHS FOUNDATION TRUST,5028,0,0,0,0,0,859,0,0,0,0,0,0,6,990,0,0,179,,,,,,,2024-04-01,5028,859,82.9,1169
MSitAE-APRIL-2024,C83023,NHS ENGLAND MIDLANDS,SLEAFORD MEDICAL GROUP,0,0,773,0,0,0,0,0,0,0,0,0,0,0,0,0,0,3,,,,,,,2024-04-01,773,0,,3
MSitAE-APRIL-2024,NNJ14,NHS ENGLAND MIDLANDS,OADBY,0,0,353,0,0,2256,0,0,0,0,0,0,0,0,0,0,0,0,,,,,,,2024-04-01,353,0,,0
MSitAE-APRIL-2024,RGR,NHS ENGLAND EAST OF ENGLAND,WEST SUFFOLK NHS FOUNDATION TRUST,7275,0,702,42,0,0,2688,0,0,0,0,0,567,531,1968,0,0,593,,,,,,,2024-04-01,7977,2688,63.1,2561
MSitAE-APRIL-2024,RM3,NHS ENGLAND NORTH WEST,NORTHERN CARE ALLIANCE NHS FOUNDATION TRUST,24552,0,8892,0,0,0,10220,0,233,0,0,0,1230,782,7145,0,454,1643,,,,,,,2024-04-01,33444,10453,58.4,9242
MSitAE-APRIL-2024,RHU,NHS ENGLAND SOUTH EAST,PORTSMOUTH HOSPITALS UNIVERSITY NATIONAL HEALTH SERVICE TRUST,9965,803,3105,1335,0,819,4851,4,70,687,0,14,1470,14,3503,0,0,2536,,,,,,,2024-04-01,13873,4925,51.3,6039
MSitAE-APRIL-2024,NLX,NHS ENGLAND SOUTH WEST,SIRONA CARE & HEALTH,0,0,8116,0,0,242,0,0,498,0,0,40,0,0,0,0,0,0,,,,,,,2024-04-01,8116,498,,0
MSitAE-APRIL-2024,RTH,NHS ENGLAND SOUTH EAST,OXFORD UNIVERSITY HOSPITALS NHS FOUNDATION TRUST,11325,1862,2329,1397,0,100,3965,0,8,353,0,0,687,0,4141,125,23,4439,,,,,,,2024-04-01,15516,3973,65.0,8728
MSitAE-AUGUST-2024,RAN,NHS ENGLAND LONDON,ROYAL NATIONAL ORTHOPAEDIC HOSPITAL NHS TRUST,0,0,0,0,0,0,0,0,0,0,0,0,0,0,0,0,0,40,,,,,,,2024-08-01,0,0,,40
MSitAE-AUGUST-2024,RW1,NHS ENGLAND SOUTH EAST,SOUTHERN HEALTH NHS FOUNDATION TRUST,0,0,2876,0,0,0,0,0,27,0,0,0,0,0,0,0,1,151,,,,,,,2024-08-01,2876,27,,152
MSitAE-AUGUST-2024,RWY,NHS ENGLAND NORTH EAST AND YORKSHIRE,CALDERDALE AND HUDDERSFIELD NHS FOUNDATION TRUST,14746,0,0,0,0,0,4154,0,0,0,0,0,884,2,2882,0,0,381,,,,,,,2024-08-01,14746,4154,71.8,3263
MSitAE-AUGUST-2024,C82009,NHS ENGLAND MIDLANDS,MARKET HARBOROUGH MED.CTR,0,0,280,0,0,0,0,0,0,0,0,0,0,0,0,0,0,0,,,,,,,2024-08-01,280,0,,0
MSitAE-AUGUST-2024,C82038,NHS ENGLAND MIDLANDS,LATHAM HOUSE MEDICAL PRACTICE,0,0,355,0,0,0,0,0,0,0,0,0,0,0,0,0,0,0,,,,,,,2024-08-01,355,0,,0
MSitAE-AUGUST-2024,G0Q0L,NHS ENGLAND LONDON,BARKING HOSPITAL UTC,0,0,2493,0,0,0,0,0,6,0,0,0,0,0,0,0,0,0,,,,,,,2024-08-01,2493,6,,0
MSitAE-AUGUST-2024,K6K0R,NHS ENGLAND LONDON,HAROLD WOOD POLYCLINIC UTC,0,0,2641,0,0,0,0,0,7,0,0,0,0,0,0,0,0,0,,,,,,,2024-08-01,2641,7,,0
MSitAE-AUGUST-2024,NL7,NHS ENGLAND MIDLANDS,ASSURA VERTIS URGENT CARE CENTRES (BIRMINGHAM),0,0,3772,0,0,0,0,0,0,0,0,0,0,0,0,0,0,0,,,,,,,2024-08-01,3772,0,,0
MSitAE-AUGUST-2024,NQT5F,NHS ENGLAND NORTH WEST,SKELMERSDALE WALK IN CENTRE,0,0,1619,0,0,0,0,0,2,0,0,0,0,0,0,0,0,0,,,,,,,2024-08-01,1619,2,,0
MSitAE-AUGUST-2024,NQT5H,NHS ENGLAND SOUTH WEST,PAULTON MEMORIAL HOSPITAL,0,0,1035,0,0,0,0,0,8,0,0,0,0,0,0,0,0,0,,,,,,,2024-08-01,1035,8,,0
MSitAE-AUGUST-2024,RDY,NHS ENGLAND SOUTH WEST,DORSET HEALTHCARE UNIVERSITY NHS FOUNDATION TRUST,0,0,0,0,0,0,0,0,0,0,0,0,0,0,0,0,0,1,,,,,,,2024-08-01,0,0,,1
MSitAE-AUGUST-2024,RJ8,NHS ENGLAND SOUTH WEST,CORNWALL PARTNERSHIP NHS FOUNDATION TRUST,0,0,0,0,0,0,0,0,0,0,0,0,0,0,0,0,17,65,,,,,,,2024-08-01,0,0,,82
MSitAE-AUGUST-2024,RYF,NHS ENGLAND SOUTH WEST,SOUTH WESTERN AMBULANCE SERVICE NHS FOUNDATION TRUST,0,0,1676,0,0,0,0,0,133,0,0,0,0,0,0,0,0,0,,,,,,,2024-08-01,1676,133,,0
MSitAE-AUGUST-2024,RYY,NHS ENGLAND SOUTH EAST,KENT COMMUNITY HEALTH NHS FOUNDATION TRUST,0,0,15433,0,0,0,0,0,90,0,0,0,0,0,0,0,0,0,,,,,,,2024-08-01,15433,90,,0
MSitAE-AUGUST-2024,Y02147,NHS ENGLAND LONDON,URGENT CARE CENTRE (QMS),0,0,7179,0,0,491,0,0,55,0,0,1,0,0,0,0,0,0,,,,,,,2024-08-01,7179,55,,0
MSitAE-AUGUST-2024,Y02532,NHS ENGLAND NORTH WEST,MIRIAM MINOR EMERGENCY,0,0,1532,0,0,0,0,0,0,0,0,0,0,0,0,0,0,0,,,,,,,2024-08-01,1532,0,,0
MSitAE-AUGUST-2024,8J094,NHS ENGLAND MIDLANDS,BADGER LTD,0,0,0,0,0,2100,0,0,0,0,0,0,0,0,0,0,0,0,,,,,,,2024-08-01,0,0,,0
MSitAE-AUGUST-2024,AQN04,NHS ENGLAND SOUTH EAST,PHL LYMINGTON UTC,0,0,3066,0,0,11,0,0,8,0,0,0,0,0,0,0,0,0,,,,,,,2024-08-01,3066,8,,0
MSitAE-AUGUST-2024,DT301,NHS ENGLAND EAST OF ENGLAND,HERTS URGENT CARE (ASCOTS LANE),0,0,2150,0,0,0,0,0,47,0,0,0,0,0,0,0,0,0,,,,,,,2024-08-01,2150,47,,0
MSitAE-AUGUST-2024,NQTE4,NHS ENGLAND MIDLANDS,SUMMERFIELD URGENT CARE CENTRE,0,0,2889,0,0,0,0,0,0,0,0,0,0,0,0,0,0,0,,,,,,,2024-08-01,2889,0,,0
MSitAE-AUGUST-2024,NTV0B,NHS ENGLAND SOUTH EAST,ASHFORD WALK-IN-CENTRE,0,0,2331,0,0,0,0,0,20,0,0,0,0,0,0,0,0,0,,,,,,,2024-08-01,2331,20,,0
MSitAE-AUGUST-2024,NTV0W,NHS ENGLAND SOUTH EAST,WOKING WALK IN CENTRE,0,0,2491,0,0,0,0,0,36,0,0,0,0,0,0,0,0,0,,,,,,,2024-08-01,2491,36,,0
MSitAE-AUGUST-2024,NV693,NHS ENGLAND NORTH WEST,ROSSENDALE MIU & OOH,0,0,1053,0,0,0,0,0,0,0,0,0,0,0,0,0,0,0,,,,,,,2024-08-01,1053,0,,0
MSitAE-AUGUST-2024,RA9,NHS ENGLAND SOUTH WEST,TORBAY AND SOUTH DEVON NHS FOUNDATION TRUST,6432,0,3643,396,0,176,2930,0,27,160,0,2,318,33,2114,0,0,1134,,,,,,,2024-08-01,10075,2957,54.4,3248
MSitAE-AUGUST-2024,RFF,NHS ENGLAND NORTH EAST AND YORKSHIRE,BARNSLEY HOSPITAL NHS FOUNDATION TRUST,8490,0,0,46,0,0,1896,0,0,0,0,0,224,0,2878,0,0,489,,,,,,,2024-08-01,8490,1896,77.7,3367
MSitAE-AUGUST-2024,RV9,NHS ENGLAND NORTH EAST AND YORKSHIRE,HUMBER TEACHING NHS FOUNDATION TRUST,0,0,1116,0,0,66,0,0,6,0,0,1,0,0,0,0,0,0,,,,,,,2024-08-01,1116,6,,0
MSitAE-AUGUST-2024,RXG,NHS ENGLAND NORTH EAST AND YORKSHIRE,SOUTH WEST YORKSHIRE PARTNERSHIP NHS FOUNDATION TRUST,0,0,0,0,0,0,0,0,0,0,0,0,0,0,0,0,0,120,,,,,,,2024-08-01,0,0,,120
MSitAE-AUGUST-2024,RY5,NHS ENGLAND MIDLANDS,LINCOLNSHIRE COMMUNITY HEALTH SERVICES NHS TRUST,0,0,8664,0,0,0,0,0,434,0,0,0,0,0,0,0,0,0,,,,,,,2024-08-01,8664,434,,0
MSitAE-AUGUST-2024,RY8,NHS ENGLAND MIDLANDS,DERBYSHIRE COMMUNITY HEALTH SERVICES NHS FOUNDATION TRUST,0,0,6151,0,0,1504,0,0,34,0,0,2,0,0,0,0,0,0,,,,,,,2024-08-01,6151,34,,0
MSitAE-AUGUST-2024,Y00751,NHS ENGLAND SOUTH EAST,EAST BERKS PRIMARY CARE OOH(WAM),0,0,0,0,0,0,0,0,0,0,0,0,0,0,0,0,0,0,,,,,,,2024-08-01,0,0,,0
MSitAE-AUGUST-2024,Y02615,NHS ENGLAND MIDLANDS,SOUTH BIRMINGHAM GP WALK IN CENTRE,0,0,6192,0,0,0,0,0,0,0,0,0,0,0,0,0,0,0,,,,,,,2024-08-01,6192,0,,0
MSitAE-AUGUST-2024,Y03007,NHS ENGLAND MIDLANDS,ERDINGTON GP HEALTH & WELLBEING WIC,0,0,0,0,0,1942,0,0,0,0,0,0,0,0,0,0,0,0,,,,,,,2024-08-01,0,0,,0
MSitAE-AUGUST-2024,Y03218,NHS ENGLAND LONDON,THE PINN UNREGISTERED WIC,0,0,1074,0,0,0,0,0,0,0,0,0,0,0,0,0,0,0,,,,,,,2024-08-01,1074,0,,0
MSitAE-AUGUST-2024,AAH,NHS ENGLAND SOUTH WEST,TETBURY HOSPITAL TRUST LTD,0,0,552,0,0,0,0,0,0,0,0,0,0,0,0,0,0,0,,,,,,,2024-08-01,552,0,,0
MSitAE-AUGUST-2024,NDJ,NHS ENGLAND SOUTH EAST,FIRST COMMUNITY HEALTH AND CARE CIC,0,0,2361,0,0,0,0,0,0,0,0,0,0,0,0,0,0,0,,,,,,,2024-08-01,2361,0,,0
MSitAE-AUGUST-2024,NQT51,NHS ENGLAND SOUTH EAST,STATION PLAZA HEALTH CENTRE,0,0,1151,0,0,0,0,0,0,0,0,0,0,0,0,0,0,0,,,,,,,2024-08-01,1151,0,,0
MSitAE-AUGUST-2024,R0B,NHS ENGLAND NORTH EAST AND YORKSHIRE,SOUTH TYNESIDE AND SUNDERLAND NHS FOUNDATION TRUST,10568,1333,5515,441,0,1275,4269,37,108,188,0,10,450,1,4184,13,0,1155,,,,,,,2024-08-01,17416,4414,59.6,5352
MSitAE-AUGUST-2024,RGR,NHS ENGLAND EAST OF ENGLAND,WEST SUFFOLK NHS FOUNDATION TRUST,7363,0,712,63,0,0,2488,0,0,0,0,0,465,260,1950,0,0,555,,,,,,,2024-08-01,8075,2488,66.2,2505
MSitAE-AUGUST-2024,RJN,NHS ENGLAND NORTH WEST,EAST CHESHIRE NHS TRUST,4125,0,0,89,0,37,1995,0,0,0,0,0,186,70,867,0,0,170,,,,,,,2024-08-01,4125,1995,51.6,1037
MSitAE-AUGUST-2024,RK9,NHS ENGLAND SOUTH WEST,UNIVERSITY HOSPITALS PLYMOUTH NHS TRUST,8907,144,5284,0,0,0,4568,0,57,0,0,0,690,297,2956,0,0,1252,,,,,,,2024-08-01,14335,4625,48.7,4208
MSitAE-AUGUST-2024,RNU,NHS ENGLAND SOUTH EAST,OXFORD HEALTH NHS FOUNDATION TRUST,0,0,3643,0,0,0,0,0,308,0,0,0,0,0,0,0,0,0,,,,,,,2024-08-01,3643,308,,0
MSitAE-AUGUST-2024,Y07709,NHS ENGLAND SOUTH EAST,READING URGENT CARE CENTRE,0,0,2115,0,0,0,0,0,0,0,0,0,0,0,0,0,0,0,,,,,,,2024-08-01,2115,0,,0
MSitAE-AUGUST-2024,L83087,NHS ENGLAND SOUTH WEST,OKEHAMPTON MEDICAL CENTRE,0,0,96,0,0,0,0,0,0,0,0,0,0,0,0,0,0,0,,,,,,,2024-08-01,96,0,,0
MSitAE-AUGUST-2024,NTP11,NHS ENGLAND SOUTH EAST,PRACTICE PLUS GROUP HOSPITAL - SOUTHAMPTON,0,0,5004,0,0,0,0,0,163,0,0,0,0,0,0,0,0,0,,,,,,,2024-08-01,5004,163,,0
MSitAE-AUGUST-2024,RA2,NHS ENGLAND SOUTH EAST,ROYAL SURREY COUNTY HOSPITAL NHS FOUNDATION TRUST,6150,0,1404,587,0,14,758,0,0,49,0,0,60,0,2479,0,0,992,,,,,,,2024-08-01,7554,758,87.7,3471
MSitAE-AUGUST-2024,REM,NHS ENGLAND NORTH WEST,LIVERPOOL UNIVERSITY HOSPITALS NHS FOUNDATION TRUST,14900,1770,7379,376,0,0,6858,62,102,73,0,0,1621,644,5096,0,0,2527,,,,,,,2024-08-01,24049,7022,54.0,7623
MSitAE-AUGUST-2024,RQ3,NHS ENGLAND MIDLANDS,BIRMINGHAM WOMEN'S AND CHILDREN'S NHS FOUNDATION TRUST,3730,0,0,0,0,0,148,0,0,0,0,0,0,0,861,0,0,150,,,,,,,2024-08-01,3730,148,96.0,1011
MSitAE-AUGUST-2024,RQX,NHS ENGLAND LONDON,HOMERTON HEALTHCARE NHS FOUNDATION TRUST,10373,0,0,3,0,0,1335,0,0,0,0,0,167,16,1742,0,0,316,,,,,,,2024-08-01,10373,1335,87.1,2058
MSitAE-AUGUST-2024,RR7,NHS ENGLAND NORTH EAST AND YORKSHIRE,GATESHEAD HEALTH NHS FOUNDATION TRUST,5352,0,3468,30,0,0,2427,0,28,3,0,0,943,0,1457,0,0,49,,,,,,,2024-08-01,8820,2455,54.7,1506
MSitAE-AUGUST-2024,RRV,NHS ENGLAND LONDON,UNIVERSITY COLLEGE LONDON HOSPITALS NHS FOUNDATION TRUST,12262,0,0,247,0,0,2915,0,0,0,0,0,220,50,1429,0,0,255,,,,,,,2024-08-01,12262,2915,76.2,1684
MSitAE-AUGUST-2024,Y02428,NHS ENGLAND EAST OF ENGLAND,PUTNOE WALK IN CENTRE,0,0,2395,0,0,0,0,0,0,0,0,0,0,0,0,0,0,0,,,,,,,2024-08-01,2395,0,,0
MSitAE-AUGUST-2024,RBD,NHS ENGLAND SOUTH WEST,DORSET COUNTY HOSPITAL NHS FOUNDATION TRUST,4587,0,0,363,0,4493,1653,0,0,87,0,14,189,42,1899,0,0,489,,,,,,,2024-08-01,4587,1653,64.0,2388
MSitAE-AUGUST-2024,RDU,NHS ENGLAND SOUTH EAST,FRIMLEY HEALTH NHS FOUNDATION TRUST,21240,1000,10368,0,0,0,8383,0,41,0,0,0,2172,95,5446,0,0,262,,,,,,,2024-08-01,32608,8424,60.5,5708
MSitAE-AUGUST-2024,RNQ,NHS ENGLAND MIDLANDS,KETTERING GENERAL HOSPITAL NHS FOUNDATION TRUST,9006,0,8229,341,0,0,3205,0,44,0,0,0,1361,0,1974,0,0,211,,,,,,,2024-08-01,17235,3249,64.4,2185
MSitAE-AUGUST-2024,RTP,NHS ENGLAND SOUTH EAST,SURREY AND SUSSEX HEALTHCARE NHS TRUST,9840,0,0,0,0,0,2527,0,0,0,0,0,457,308,3099,0,0,798,,,,,,,2024-08-01,9840,2527,74.3,3897
MSitAE-AUGUST-2024,RWF,NHS ENGLAND SOUTH EAST,MAIDSTONE AND TUNBRIDGE WELLS NHS TRUST,16301,0,2179,771,0,173,2651,0,7,62,0,0,640,12,4915,0,0,884,,,,,,,2024-08-01,18480,2658,83.7,5799
MSitAE-AUGUST-2024,RWX,NHS ENGLAND SOUTH EAST,BERKSHIRE HEALTHCARE NHS FOUNDATION TRUST,0,0,1441,0,0,0,0,0,11,0,0,0,0,0,0,0,46,0,,,,,,,2024-08-01,1441,11,,46
MSitAE-AUGUST-2024,RXL,NHS ENGLAND NORTH WEST,BLACKPOOL TEACHING HOSPITALS NHS FOUNDATION TRUST,8668,0,10210,286,0,280,4133,0,42,88,0,0,527,566,2542,0,0,1246,,,,,,,2024-08-01,18878,4175,52.3,3788
MSitAE-AUGUST-2024,RY4,NHS ENGLAND EAST OF ENGLAND,HERTFORDSHIRE COMMUNITY NHS TRUST,0,0,1042,0,0,0,0,0,56,0,0,0,0,0,0,0,0,0,,,,,,,2024-08-01,1042,56,,0
MSitAE-AUGUST-2024,AXG,NHS ENGLAND SOUTH WEST,WILTSHIRE HEALTH & CARE,0,0,2574,0,0,0,0,0,11,0,0,0,0,0,0,0,0,0,,,,,,,2024-08-01,2574,11,,0
MSitAE-AUGUST-2024,NNJ,NHS ENGLAND MIDLANDS,DHU HEALTH CARE C.I.C,0,0,1836,0,0,0,0,0,1,0,0,0,0,0,0,0,0,0,,,,,,,2024-08-01,1836,1,,0
MSitAE-AUGUST-2024,RA7,NHS ENGLAND SOUTH WEST,UNIVERSITY HOSPITALS BRISTOL AND WESTON NHS FOUNDATION TRUST,14153,2323,0,0,0,0,4271,97,0,0,0,0,796,82,4993,10,0,1412,,,,,,,2024-08-01,16476,4368,69.8,6415
MSitAE-AUGUST-2024,RAJ,NHS ENGLAND EAST OF ENGLAND,MID AND SOUTH ESSEX NHS FOUNDATION TRUST,28003,0,5633,7,0,0,8638,0,110,1,0,0,2818,12,8820,0,217,1156,,,,,,,2024-08-01,33636,8748,69.2,10193
MSitAE-AUGUST-2024,RBQ,NHS ENGLAND NORTH WEST,LIVERPOOL HEART AND CHEST HOSPITAL NHS FOUNDATION TRUST,0,0,0,0,0,0,0,0,0,0,0,0,0,0,0,0,0,155,,,,,,,2024-08-01,0,0,,155
MSitAE-AUGUST-2024,RCU,NHS ENGLAND NORTH EAST AND YORKSHIRE,SHEFFIELD CHILDREN'S NHS FOUNDATION TRUST,3483,0,0,317,0,0,159,0,0,21,0,0,1,0,715,0,0,70,,,,,,,2024-08-01,3483,159,95.4,785
MSitAE-AUGUST-2024,REP,NHS ENGLAND NORTH WEST,LIVERPOOL WOMEN'S NHS FOUNDATION TRUST,0,1297,0,0,133,0,0,161,0,0,0,0,0,0,0,100,0,11,,,,,,,2024-08-01,1297,161,,111
MSitAE-AUGUST-2024,RJ6,NHS ENGLAND LONDON,CROYDON HEALTH SERVICES NHS TRUST,12064,0,4545,0,0,0,3900,0,0,0,0,0,465,485,1384,0,0,118,,,,,,,2024-08-01,16609,3900,67.7,1502
MSitAE-AUGUST-2024,RJR,NHS ENGLAND NORTH WEST,COUNTESS OF CHESTER HOSPITAL NHS FOUNDATION TRUST,4794,0,2183,0,0,0,2638,0,173,0,0,0,303,634,1541,0,0,1094,,,,,,,2024-08-01,6977,2811,45.0,2635
MSitAE-AUGUST-2024,RLQ,NHS ENGLAND MIDLANDS,WYE VALLEY NHS TRUST,5824,1104,191,119,0,0,2317,0,0,28,0,0,402,241,1821,0,0,626,,,,,,,2024-08-01,7119,2317,60.2,2447
MSitAE-AUGUST-2024,RMC,NHS ENGLAND NORTH WEST,BOLTON NHS FOUNDATION TRUST,7196,0,3435,36,0,58,3074,0,172,14,0,0,694,428,2141,0,94,640,,,,,,,2024-08-01,10631,3246,57.3,2875
MSitAE-AUGUST-2024,RPA,NHS ENGLAND SOUTH EAST,MEDWAY NHS FOUNDATION TRUST,8254,0,6525,245,0,863,2698,0,448,55,0,0,405,572,1805,0,0,622,,,,,,,2024-08-01,14779,3146,67.3,2427
MSitAE-AUGUST-2024,RQW,NHS ENGLAND EAST OF ENGLAND,THE PRINCESS ALEXANDRA HOSPITAL NHS TRUST,7939,0,1429,0,0,543,3654,0,0,0,0,0,395,85,2104,0,0,412,,,,,,,2024-08-01,9368,3654,54.0,2516
MSitAE-AUGUST-2024,RTQ,NHS ENGLAND SOUTH WEST,GLOUCESTERSHIRE HEALTH AND CARE NHS FOUNDATION TRUST,0,0,7444,0,0,0,0,0,29,0,0,0,0,0,0,0,0,19,,,,,,,2024-08-01,7444,29,,19
MSitAE-AUGUST-2024,RVW,NHS ENGLAND NORTH EAST AND YORKSHIRE,NORTH TEES AND HARTLEPOOL NHS FOUNDATION TRUST,4447,0,10672,0,0,0,1585,0,21,0,0,0,61,0,1552,0,481,1813,,,,,,,2024-08-01,15119,1606,64.4,3846
MSitAE-AUGUST-2024,RWD,NHS ENGLAND MIDLANDS,UNITED LINCOLNSHIRE HOSPITALS NHS TRUST,9359,0,9710,0,0,0,6096,0,910,0,0,0,1146,732,4105,0,0,1092,,,,,,,2024-08-01,19069,7006,34.9,5197
MSitAE-AUGUST-2024,RWE,NHS ENGLAND MIDLANDS,UNIVERSITY HOSPITALS OF LEICESTER NHS TRUST,20272,1837,0,0,0,0,8227,2,0,0,0,0,1536,662,5941,2,0,3262,,,,,,,2024-08-01,22109,8229,59.4,9205
MSitAE-AUGUST-2024,RXW,NHS ENGLAND MIDLANDS,THE SHREWSBURY AND TELFORD HOSPITAL NHS TRUST,10059,0,2342,0,0,0,5314,0,176,0,0,0,590,546,3126,0,155,1825,,,,,,,2024-08-01,12401,5490,47.2,5106
MSitAE-AUGUST-2024,Y02676,NHS ENGLAND SOUTH EAST,BRIGHTON STATION HEALTH CENTRE,0,0,1843,0,0,0,0,0,0,0,0,0,0,0,0,0,0,0,,,,,,,2024-08-01,1843,0,,0
MSitAE-AUGUST-2024,AD913,NHS ENGLAND LONDON,BECKENHAM BEACON UCC,0,0,3826,0,0,169,0,0,8,0,0,0,0,0,0,0,0,0,,,,,,,2024-08-01,3826,8,,0
MSitAE-AUGUST-2024,ARN03,NHS ENGLAND NORTH EAST AND YORKSHIRE,LOCAL CARE DIRECT,0,0,1911,0,0,279,0,0,0,0,0,0,0,0,0,0,0,0,,,,,,,2024-08-01,1911,0,,0
MSitAE-AUGUST-2024,NLX,NHS ENGLAND SOUTH WEST,SIRONA CARE & HEALTH,0,0,8236,0,0,306,0,0,278,0,0,61,0,0,0,0,0,0,,,,,,,2024-08-01,8236,278,,0
MSitAE-AUGUST-2024,NNJ07,NHS ENGLAND MIDLANDS,LOUGHBOROUGH URGENT CARE CENTRE,0,0,5267,0,0,540,0,0,13,0,0,0,0,0,0,0,0,0,,,,,,,2024-08-01,5267,13,,0
MSitAE-AUGUST-2024,NNJ0H,NHS ENGLAND MIDLANDS,LLR EA - THE MERLYN VAZ HEALTH & SOCIAL CARE CENTRE,0,0,158,0,0,2036,0,0,0,0,0,0,0,0,0,0,0,0,,,,,,,2024-08-01,158,0,,0
MSitAE-AUGUST-2024,NNJ12,NHS ENGLAND MIDLANDS,MARKET HARBOROUGH,0,0,84,0,0,414,0,0,0,0,0,0,0,0,0,0,0,0,,,,,,,2024-08-01,84,0,,0
MSitAE-AUGUST-2024,NNJ13,NHS ENGLAND MIDLANDS,MELTON MOWBRAY,0,0,75,0,0,374,0,0,0,0,0,0,0,0,0,0,0,0,,,,,,,2024-08-01,75,0,,0
MSitAE-AUGUST-2024,NNJ14,NHS ENGLAND MIDLANDS,OADBY,0,0,555,0,0,2220,0,0,1,0,0,0,0,0,0,0,0,0,,,,,,,2024-08-01,555,1,,0
MSitAE-AUGUST-2024,NNJ15,NHS ENGLAND MIDLANDS,OAKHAM,0,0,98,0,0,337,0,0,0,0,0,0,0,0,0,0,0,0,,,,,,,2024-08-01,98,0,,0
MSitAE-AUGUST-2024,NTPAD,NHS ENGLAND SOUTH EAST,PRACTICE PLUS GROUP SURGICAL CENTRE - ST MARYS PORTSMOUTH,0,0,5199,0,0,273,0,0,15,0,0,0,0,0,0,0,0,0,,,,,,,2024-08-01,5199,15,,0
MSitAE-AUGUST-2024,R0A,NHS ENGLAND NORTH WEST,MANCHESTER UNIVERSITY NHS FOUNDATION TRUST,21610,2878,10782,3238,507,1028,8773,54,486,1126,5,78,3009,171,5500,166,192,407,,,,,,,2024-08-01,35270,9313,59.4,6265
MSitAE-AUGUST-2024,R1K,NHS ENGLAND LONDON,LONDON NORTH WEST UNIVERSITY HEALTHCARE NHS TRUST,12312,0,13540,0,0,0,5394,0,69,0,0,0,613,315,6468,0,0,413,,,,,,,2024-08-01,25852,5463,56.2,6881
MSitAE-AUGUST-2024,RBK,NHS ENGLAND MIDLANDS,WALSALL HEALTHCARE NHS TRUST,8140,0,3856,9,0,148,2010,0,51,1,0,0,494,28,3467,0,0,641,,,,,,,2024-08-01,11996,2061,75.3,4108
MSitAE-AUGUST-2024,RCX,NHS ENGLAND EAST OF ENGLAND,"THE QUEEN ELIZABETH HOSPITAL, KING'S LYNN, NHS FOUNDATION TRUST",6630,0,1196,0,0,0,2298,0,0,0,0,0,207,63,1959,0,0,244,,,,,,,2024-08-01,7826,2298,65.3,2203
MSitAE-AUGUST-2024,RF4,NHS ENGLAND LONDON,"BARKING, HAVERING AND REDBRIDGE UNIVERSITY HOSPITALS NHS TRUST",11649,2203,11348,0,0,0,4999,249,69,0,0,0,620,630,7338,0,0,374,,,,,,,2024-08-01,25200,5317,57.1,7712
MSitAE-AUGUST-2024,RN3,NHS ENGLAND SOUTH WEST,GREAT WESTERN HOSPITALS NHS FOUNDATION TRUST,5235,0,5541,0,0,4,2055,0,157,0,0,0,602,0,2433,0,0,1248,,,,,,,2024-08-01,10776,2212,60.7,3681
MSitAE-AUGUST-2024,RR8,NHS ENGLAND NORTH EAST AND YORKSHIRE,LEEDS TEACHING HOSPITALS NHS TRUST,16116,686,10138,61,0,35,5972,0,32,13,0,0,1581,67,3607,0,0,1142,,,,,,,2024-08-01,26940,6004,62.9,4749
MSitAE-AUGUST-2024,RRF,NHS ENGLAND NORTH WEST,"WRIGHTINGTON, WIGAN AND LEIGH NHS FOUNDATION TRUST",6825,0,4797,0,0,0,3138,0,14,0,0,0,1217,206,2387,0,0,679,,,,,,,2024-08-01,11622,3152,54.0,3066
MSitAE-AUGUST-2024,RRK,NHS ENGLAND MIDLANDS,UNIVERSITY HOSPITALS BIRMINGHAM NHS FOUNDATION TRUST,31490,363,1511,31,0,252,12017,0,34,19,0,1,2750,1600,11641,0,0,5192,,,,,,,2024-08-01,33364,12051,61.8,16833
MSitAE-AUGUST-2024,RTG,NHS ENGLAND MIDLANDS,UNIVERSITY HOSPITALS OF DERBY AND BURTON NHS FOUNDATION TRUST,19069,0,8871,388,0,32,7987,0,0,124,0,0,828,639,4062,0,1,2481,,,,,,,2024-08-01,27940,7987,58.1,6544
MSitAE-AUGUST-2024,RTX,NHS ENGLAND NORTH WEST,UNIVERSITY HOSPITALS OF MORECAMBE BAY NHS FOUNDATION TRUST,8644,0,3291,164,0,726,2490,0,58,17,0,75,554,256,3028,0,24,874,,,,,,,2024-08-01,11935,2548,71.2,3926
MSitAE-AUGUST-2024,RVJ,NHS ENGLAND SOUTH WEST,NORTH BRISTOL NHS TRUST,8834,0,0,11,0,0,3410,0,0,4,0,0,662,83,2664,0,0,1798,,,,,,,2024-08-01,8834,3410,61.4,4462
MSitAE-AUGUST-2024,RW4,NHS ENGLAND NORTH WEST,MERSEY CARE NHS FOUNDATION TRUST,0,0,11716,0,0,0,0,0,107,0,0,0,0,0,0,0,0,64,,,,,,,2024-08-01,11716,107,,64
MSitAE-AUGUST-2024,RWJ,NHS ENGLAND NORTH WEST,STOCKPORT NHS FOUNDATION TRUST,7521,0,902,207,0,43,2914,0,8,77,0,0,636,90,2567,0,84,782,,,,,,,2024-08-01,8423,2922,61.3,3433
MSitAE-AUGUST-2024,RWW,NHS ENGLAND NORTH WEST,WARRINGTON AND HALTON TEACHING HOSPITALS NHS FOUNDATION TRUST,6457,0,2811,218,0,139,3266,0,43,75,0,1,833,569,1717,0,0,123,,,,,,,2024-08-01,9268,3309,49.4,1840
MSitAE-AUGUST-2024,RXF,NHS ENGLAND NORTH EAST AND YORKSHIRE,MID YORKSHIRE TEACHING NHS TRUST,15391,151,5579,124,0,76,5982,0,163,4,0,0,2271,118,3544,0,165,806,,,,,,,2024-08-01,21121,6145,61.1,4515
MSitAE-AUGUST-2024,RXQ,NHS ENGLAND SOUTH EAST,BUCKINGHAMSHIRE HEALTHCARE NHS TRUST,9083,1106,3295,1,0,0,3045,0,119,1,0,0,257,114,4044,759,0,1635,,,,,,,2024-08-01,13484,3164,66.5,6438
MSitAE-AUGUST-2024,RYJ,NHS ENGLAND LONDON,IMPERIAL COLLEGE HEALTHCARE NHS TRUST,10815,3847,7157,0,0,401,4454,45,259,0,0,0,660,170,3799,1,0,1067,,,,,,,2024-08-01,21819,4758,58.8,4867
MSitAE-AUGUST-2024,ACH01,NHS ENGLAND SOUTH EAST,WHITSTABLE MEDICAL PRACTICE,0,0,5170,0,0,0,0,0,0,0,0,0,0,0,0,0,0,0,,,,,,,2024-08-01,5170,0,,0
MSitAE-AUGUST-2024,AJN,NHS ENGLAND NORTH EAST AND YORKSHIRE,WORKINGTON HEALTH LIMITED,0,0,381,0,0,0,0,0,0,0,0,0,0,0,0,0,0,0,,,,,,,2024-08-01,381,0,,0
MSitAE-AUGUST-2024,NNF09,NHS ENGLAND NORTH EAST AND YORKSHIRE,BRANSHOLME HEALTH CENTRE,0,0,3487,0,0,0,0,0,218,0,0,0,0,0,0,0,0,0,,,,,,,2024-08-01,3487,218,,0
MSitAE-AUGUST-2024,NNF16,NHS ENGLAND NORTH EAST AND YORKSHIRE,BRIDLINGTON HOSPITAL,0,0,1838,0,0,0,0,0,37,0,0,0,0,0,0,0,0,0,,,,,,,2024-08-01,1838,37,,0
MSitAE-AUGUST-2024,NNF94,NHS ENGLAND NORTH EAST AND YORKSHIRE,EAST RIDING COMMUNITY HOSPITAL,0,0,2910,0,0,0,0,0,169,0,0,0,0,0,0,0,0,0,,,,,,,2024-08-01,2910,169,,0
MSitAE-AUGUST-2024,NNFA7,NHS ENGLAND NORTH EAST AND YORKSHIRE,GOOLE & DISTRICT HOSPITAL,0,0,1541,0,0,0,0,0,15,0,0,0,0,0,0,0,0,0,,,,,,,2024-08-01,1541,15,,0
MSitAE-AUGUST-2024,NR3,NHS ENGLAND MIDLANDS,NOTTINGHAM CITYCARE PARTNERSHIP,0,0,4789,0,0,241,0,0,92,0,0,0,0,0,0,0,0,0,,,,,,,2024-08-01,4789,92,,0
MSitAE-AUGUST-2024,R1D,NHS ENGLAND MIDLANDS,SHROPSHIRE COMMUNITY HEALTH NHS TRUST,0,0,3262,0,0,1,0,0,3,0,0,0,0,0,0,0,0,0,,,,,,,2024-08-01,3262,3,,0
MSitAE-AUGUST-2024,R1F,NHS ENGLAND SOUTH EAST,ISLE OF WIGHT NHS TRUST,4455,282,1791,20,0,22,1900,0,0,5,0,0,171,34,1144,0,0,308,,,,,,,2024-08-01,6528,1900,57.4,1452
MSitAE-AUGUST-2024,RAE,NHS ENGLAND NORTH EAST AND YORKSHIRE,BRADFORD TEACHING HOSPITALS NHS FOUNDATION TRUST,8798,1061,2757,0,0,0,2109,0,0,0,0,0,643,64,2459,0,28,1356,,,,,,,2024-08-01,12616,2109,76.0,3843
MSitAE-AUGUST-2024,RBS,NHS ENGLAND NORTH WEST,ALDER HEY CHILDREN'S NHS FOUNDATION TRUST,3843,0,0,0,0,0,290,0,0,0,0,0,0,0,693,0,0,268,,,,,,,2024-08-01,3843,290,92.5,961
MSitAE-AUGUST-2024,RC9,NHS ENGLAND EAST OF ENGLAND,BEDFORDSHIRE HOSPITALS NHS FOUNDATION TRUST,15388,0,6452,0,0,959,5874,0,0,0,0,0,82,3,4343,0,0,2235,,,,,,,2024-08-01,21840,5874,61.8,6578
MSitAE-AUGUST-2024,RCF,NHS ENGLAND NORTH EAST AND YORKSHIRE,AIREDALE NHS FOUNDATION TRUST,5712,250,0,466,0,0,2335,0,0,0,0,0,419,101,1463,0,0,504,,,,,,,2024-08-01,5962,2335,59.1,1967
MSitAE-AUGUST-2024,RD8,NHS ENGLAND EAST OF ENGLAND,MILTON KEYNES UNIVERSITY HOSPITAL NHS FOUNDATION TRUST,7730,0,4619,535,0,173,2694,0,50,169,0,0,384,0,2146,0,0,406,,,,,,,2024-08-01,12349,2744,65.1,2552
MSitAE-AUGUST-2024,REF,NHS ENGLAND SOUTH WEST,ROYAL CORNWALL HOSPITALS NHS TRUST,6978,0,13933,0,0,0,4106,0,1106,0,0,0,691,375,2357,0,85,1365,,,,,,,2024-08-01,20911,5212,41.2,3807
MSitAE-AUGUST-2024,RGP,NHS ENGLAND EAST OF ENGLAND,JAMES PAGET UNIVERSITY HOSPITALS NHS FOUNDATION TRUST,7757,0,1390,0,0,0,3175,0,0,0,0,0,622,269,1697,0,0,364,,,,,,,2024-08-01,9147,3175,59.1,2061
MSitAE-AUGUST-2024,RH8,NHS ENGLAND SOUTH WEST,ROYAL DEVON UNIVERSITY HEALTHCARE NHS FOUNDATION TRUST,12797,0,4349,1256,0,88,4835,0,38,417,0,3,923,18,3964,0,0,2052,,,,,,,2024-08-01,17146,4873,62.2,6016
MSitAE-AUGUST-2024,RJ2,NHS ENGLAND LONDON,LEWISHAM AND GREENWICH NHS TRUST,13116,0,9639,0,0,0,6100,0,963,0,0,0,909,317,4035,0,0,1440,,,,,,,2024-08-01,22755,7063,53.5,5475
MSitAE-AUGUST-2024,RJ7,NHS ENGLAND LONDON,ST GEORGE'S UNIVERSITY HOSPITALS NHS FOUNDATION TRUST,7874,0,3433,430,0,0,2229,0,0,56,0,0,516,643,2501,0,0,757,,,,,,,2024-08-01,11307,2229,71.7,3258
MSitAE-AUGUST-2024,RJC,NHS ENGLAND MIDLANDS,SOUTH WARWICKSHIRE UNIVERSITY NHS FOUNDATION TRUST,7904,0,387,0,0,0,2064,0,0,0,0,0,227,3,2159,0,0,829,,,,,,,2024-08-01,8291,2064,73.9,2988
MSitAE-AUGUST-2024,RK5,NHS ENGLAND MIDLANDS,SHERWOOD FOREST HOSPITALS NHS FOUNDATION TRUST,10030,0,5073,342,0,125,2611,0,83,101,0,5,219,27,3583,0,0,286,,,,,,,2024-08-01,15103,2694,74.0,3869
MSitAE-AUGUST-2024,RL4,NHS ENGLAND MIDLANDS,THE ROYAL WOLVERHAMPTON NHS TRUST,12199,0,6590,70,0,791,3643,0,23,9,0,0,1004,182,5672,0,0,892,,,,,,,2024-08-01,18789,3666,70.1,6564
MSitAE-AUGUST-2024,RLT,NHS ENGLAND MIDLANDS,GEORGE ELIOT HOSPITAL NHS TRUST,6068,0,1727,0,0,0,2011,0,16,0,0,0,505,56,1119,0,0,30,,,,,,,2024-08-01,7795,2027,66.9,1149
MSitAE-AUGUST-2024,RNA,NHS ENGLAND MIDLANDS,THE DUDLEY GROUP NHS FOUNDATION TRUST,8675,0,3924,0,0,713,2155,0,30,0,0,0,1944,11,3596,0,0,2091,,,,,,,2024-08-01,12599,2185,75.2,5687
MSitAE-AUGUST-2024,RNN,NHS ENGLAND NORTH EAST AND YORKSHIRE,NORTH CUMBRIA INTEGRATED CARE NHS FOUNDATION TRUST,8417,0,1977,389,0,39,3254,0,52,80,0,3,570,379,2330,0,0,683,,,,,,,2024-08-01,10394,3306,61.3,3013
MSitAE-AUGUST-2024,RNS,NHS ENGLAND MIDLANDS,NORTHAMPTON GENERAL HOSPITAL NHS TRUST,9338,584,1949,1322,0,69,3165,13,21,374,0,2,526,721,1925,0,0,1155,,,,,,,2024-08-01,11871,3199,66.1,3080
MSitAE-AUGUST-2024,RP5,NHS ENGLAND NORTH EAST AND YORKSHIRE,DONCASTER AND BASSETLAW TEACHING HOSPITALS NHS FOUNDATION TRUST,12903,0,3593,0,0,0,4532,0,4,0,0,0,984,82,4240,0,416,921,,,,,,,2024-08-01,16496,4536,64.9,5577
MSitAE-AUGUST-2024,RP6,NHS ENGLAND LONDON,MOORFIELDS EYE HOSPITAL NHS FOUNDATION TRUST,0,5681,0,0,0,0,0,106,0,0,0,0,0,0,0,1,0,235,,,,,,,2024-08-01,5681,106,,236
MSitAE-AUGUST-2024,RQM,NHS ENGLAND LONDON,CHELSEA AND WESTMINSTER HOSPITAL NHS FOUNDATION TRUST,17554,0,5324,578,0,0,4169,0,23,0,0,0,321,37,2560,0,0,366,,,,,,,2024-08-01,22878,4192,76.3,2926
MSitAE-AUGUST-2024,RTD,NHS ENGLAND NORTH EAST AND YORKSHIRE,THE NEWCASTLE UPON TYNE HOSPITALS NHS FOUNDATION TRUST,11019,1533,4532,0,0,741,4134,57,0,0,0,0,280,3,3250,24,0,2712,,,,,,,2024-08-01,17084,4191,62.5,5986
MSitAE-AUGUST-2024,RTK,NHS ENGLAND SOUTH EAST,ASHFORD AND ST PETER'S HOSPITALS NHS FOUNDATION TRUST,9097,0,0,0,0,0,2779,0,0,0,0,0,455,137,2698,0,0,555,,,,,,,2024-08-01,9097,2779,69.5,3253
MSitAE-AUGUST-2024,RTR,NHS ENGLAND NORTH EAST AND YORKSHIRE,SOUTH TEES HOSPITALS NHS FOUNDATION TRUST,7068,0,8661,0,0,1660,3345,0,323,0,0,42,224,3,2539,0,128,2107,,,,,,,2024-08-01,15729,3668,52.7,4774
MSitAE-AUGUST-2024,RVV,NHS ENGLAND SOUTH EAST,EAST KENT HOSPITALS UNIVERSITY NHS FOUNDATION TRUST,12131,0,12066,0,0,0,5313,0,152,0,0,0,581,1033,2971,0,637,481,,,,,,,2024-08-01,24197,5465,56.2,4089
MSitAE-AUGUST-2024,RWA,NHS ENGLAND NORTH EAST AND YORKSHIRE,HULL UNIVERSITY TEACHING HOSPITALS NHS TRUST,8912,0,4121,0,0,0,4513,0,128,0,0,0,1046,221,3476,0,0,1974,,,,,,,2024-08-01,13033,4641,49.4,5450
MSitAE-AUGUST-2024,RX1,NHS ENGLAND MIDLANDS,NOTTINGHAM UNIVERSITY HOSPITALS NHS TRUST,14080,1762,331,588,0,0,6415,74,1,243,0,0,702,230,4180,0,0,3716,,,,,,,2024-08-01,16173,6490,54.4,7896
MSitAE-AUGUST-2024,RXC,NHS ENGLAND SOUTH EAST,EAST SUSSEX HEALTHCARE NHS TRUST,8411,0,2403,1913,0,1162,2960,0,13,0,0,0,239,4,2971,0,0,596,,,,,,,2024-08-01,10814,2973,64.8,3567
MSitAE-AUGUST-2024,RXN,NHS ENGLAND NORTH WEST,LANCASHIRE TEACHING HOSPITALS NHS FOUNDATION TRUST,11392,0,3432,140,0,35,4112,0,67,21,0,0,1029,299,3076,0,80,1095,,,,,,,2024-08-01,14824,4179,63.9,4251
MSitAE-AUGUST-2024,RXR,NHS ENGLAND NORTH WEST,EAST LANCASHIRE HOSPITALS NHS TRUST,12519,0,9583,0,0,0,4131,0,385,0,0,0,767,713,4075,0,92,1386,,,,,,,2024-08-01,22102,4516,67.0,5553
MSitAE-AUGUST-2024,RY7,NHS ENGLAND NORTH WEST,WIRRAL COMMUNITY HEALTH AND CARE NHS FOUNDATION TRUST,0,0,4431,0,0,0,0,0,92,0,0,0,0,0,0,0,0,0,,,,,,,2024-08-01,4431,92,,0
MSitAE-AUGUST-2024,RYG,NHS ENGLAND MIDLANDS,COVENTRY AND WARWICKSHIRE PARTNERSHIP NHS TRUST,0,0,0,0,0,0,0,0,0,0,0,0,0,0,0,0,8,70,,,,,,,2024-08-01,0,0,,78
MSitAE-AUGUST-2024,RYR,NHS ENGLAND SOUTH EAST,UNIVERSITY HOSPITALS SUSSEX NHS FOUNDATION TRUST,21299,1537,5156,1364,0,1168,8909,26,583,443,0,26,1561,1108,8163,35,43,1373,,,,,,,2024-08-01,27992,9518,58.2,9614
MSitAE-AUGUST-2024,R0D,NHS ENGLAND SOUTH WEST,UNIVERSITY HOSPITALS DORSET NHS FOUNDATION TRUST,13227,0,5108,0,0,0,4636,0,0,0,0,0,520,34,4203,6,0,2250,,,,,,,2024-08-01,18335,4636,65.0,6459
MSitAE-AUGUST-2024,RAS,NHS ENGLAND LONDON,THE HILLINGDON HOSPITALS NHS FOUNDATION TRUST,5660,0,6238,0,0,0,3220,0,124,0,0,0,280,10,2589,0,0,207,,,,,,,2024-08-01,11898,3344,43.1,2796
MSitAE-AUGUST-2024,RBN,NHS ENGLAND NORTH WEST,MERSEY AND WEST LANCASHIRE TEACHING HOSPITALS NHS TRUST,15686,0,6746,426,0,0,5312,0,41,46,0,0,718,298,6935,0,0,587,,,,,,,2024-08-01,22432,5353,66.1,7522
MSitAE-AUGUST-2024,RBV,NHS ENGLAND NORTH WEST,THE CHRISTIE NHS FOUNDATION TRUST,0,0,0,0,0,0,0,0,0,0,0,0,0,0,0,0,0,767,,,,,,,2024-08-01,0,0,,767
MSitAE-AUGUST-2024,RCB,NHS ENGLAND NORTH EAST AND YORKSHIRE,YORK AND SCARBOROUGH TEACHING HOSPITALS NHS FOUNDATION TRUST,10260,359,6792,0,0,0,5736,0,221,0,0,0,830,388,4485,0,0,1351,,,,,,,2024-08-01,17411,5957,44.1,5836
MSitAE-AUGUST-2024,RCD,NHS ENGLAND NORTH EAST AND YORKSHIRE,HARROGATE AND DISTRICT NHS FOUNDATION TRUST,4834,0,1047,294,0,32,1229,0,0,40,0,0,212,4,1055,0,0,240,,,,,,,2024-08-01,5881,1229,74.6,1295
MSitAE-AUGUST-2024,RDE,NHS ENGLAND EAST OF ENGLAND,EAST SUFFOLK AND NORTH ESSEX NHS FOUNDATION TRUST,14589,0,11577,768,0,282,6004,0,90,0,0,0,931,120,6315,0,333,891,,,,,,,2024-08-01,26166,6094,58.8,7539
MSitAE-AUGUST-2024,RFR,NHS ENGLAND NORTH EAST AND YORKSHIRE,THE ROTHERHAM NHS FOUNDATION TRUST,8118,0,0,0,0,0,2552,0,0,0,0,0,337,0,1904,0,0,344,,,,,,,2024-08-01,8118,2552,68.6,2248
MSitAE-AUGUST-2024,RFS,NHS ENGLAND MIDLANDS,CHESTERFIELD ROYAL HOSPITAL NHS FOUNDATION TRUST,7088,0,1456,185,0,90,3150,0,126,71,0,9,756,57,2644,0,275,563,,,,,,,2024-08-01,8544,3276,55.6,3482
MSitAE-AUGUST-2024,RGN,NHS ENGLAND EAST OF ENGLAND,NORTH WEST ANGLIA NHS FOUNDATION TRUST,13526,0,4324,250,0,466,4683,0,98,73,0,6,604,559,3517,0,54,1252,,,,,,,2024-08-01,17850,4781,65.4,4823
MSitAE-AUGUST-2024,RGT,NHS ENGLAND EAST OF ENGLAND,CAMBRIDGE UNIVERSITY HOSPITALS NHS FOUNDATION TRUST,10138,0,5640,283,0,337,4471,0,61,83,0,5,595,245,2740,0,34,451,,,,,,,2024-08-01,15778,4532,55.9,3225
MSitAE-AUGUST-2024,RH5,NHS ENGLAND SOUTH WEST,SOMERSET NHS FOUNDATION TRUST,12836,0,9360,0,0,1,4814,0,141,0,0,0,322,38,3088,0,0,2011,,,,,,,2024-08-01,22196,4955,62.5,5099
MSitAE-AUGUST-2024,RHQ,NHS ENGLAND NORTH EAST AND YORKSHIRE,SHEFFIELD TEACHING HOSPITALS NHS FOUNDATION TRUST,8861,1132,6642,370,1,985,4351,0,88,151,0,4,1097,13,3514,0,0,2968,,,,,,,2024-08-01,16635,4439,50.9,6482
MSitAE-AUGUST-2024,RJE,NHS ENGLAND MIDLANDS,UNIVERSITY HOSPITALS OF NORTH MIDLANDS NHS TRUST,12919,433,7598,613,0,515,5675,0,60,219,0,8,1133,247,4994,0,0,3714,,,,,,,2024-08-01,20950,5735,56.1,8708
MSitAE-AUGUST-2024,RKB,NHS ENGLAND MIDLANDS,UNIVERSITY HOSPITALS COVENTRY AND WARWICKSHIRE NHS TRUST,10799,816,5748,0,0,0,5613,168,146,0,0,0,108,26,1669,30,150,598,,,,,,,2024-08-01,17363,5927,48.0,2447
MSitAE-AUGUST-2024,RKE,NHS ENGLAND LONDON,WHITTINGTON HEALTH NHS TRUST,8979,0,0,0,0,0,2440,0,0,0,0,0,302,113,983,0,0,38,,,,,,,2024-08-01,8979,2440,72.8,1021
MSitAE-AUGUST-2024,RL1,NHS ENGLAND MIDLANDS,THE ROBERT JONES AND AGNES HUNT ORTHOPAEDIC HOSPITAL NHS FOUNDATION TRUST,0,0,0,0,0,0,0,0,0,0,0,0,0,0,0,0,0,22,,,,,,,2024-08-01,0,0,,22
MSitAE-AUGUST-2024,RM1,NHS ENGLAND EAST OF ENGLAND,NORFOLK AND NORWICH UNIVERSITY HOSPITALS NHS FOUNDATION TRUST,12009,0,8937,0,0,0,3719,0,1,0,0,0,594,69,2697,0,0,1524,,,,,,,2024-08-01,20946,3720,69.0,4221
MSitAE-AUGUST-2024,RMP,NHS ENGLAND NORTH WEST,TAMESIDE AND GLOSSOP INTEGRATED CARE NHS FOUNDATION TRUST,7648,0,2203,378,0,211,3013,0,0,0,0,0,629,97,1721,0,0,326,,,,,,,2024-08-01,9851,3013,60.6,2047
MSitAE-AUGUST-2024,RN5,NHS ENGLAND SOUTH EAST,HAMPSHIRE HOSPITALS NHS FOUNDATION TRUST,11978,104,476,0,0,161,5150,0,0,0,0,0,283,20,4148,10,37,1158,,,,,,,2024-08-01,12558,5150,57.0,5353
MSitAE-AUGUST-2024,RN7,NHS ENGLAND SOUTH EAST,DARTFORD AND GRAVESHAM NHS TRUST,10046,0,3539,0,0,0,2955,0,16,0,0,0,578,50,2806,0,0,400,,,,,,,2024-08-01,13585,2971,70.6,3206
MSitAE-AUGUST-2024,RNZ,NHS ENGLAND SOUTH WEST,SALISBURY NHS FOUNDATION TRUST,4489,334,1814,176,0,0,1846,0,0,75,0,0,379,2,1309,0,0,862,,,,,,,2024-08-01,6637,1846,58.9,2171
MSitAE-AUGUST-2024,RTE,NHS ENGLAND SOUTH WEST,GLOUCESTERSHIRE HOSPITALS NHS FOUNDATION TRUST,12375,0,0,220,0,0,4612,0,0,61,0,0,586,394,2569,0,0,1970,,,,,,,2024-08-01,12375,4612,62.7,4539
MSitAE-AUGUST-2024,RTF,NHS ENGLAND NORTH EAST AND YORKSHIRE,NORTHUMBRIA HEALTHCARE NHS FOUNDATION TRUST,8979,0,12194,0,0,0,1587,0,7,0,0,0,8,0,4196,0,63,417,,,,,,,2024-08-01,21173,1594,82.3,4676
MSitAE-AUGUST-2024,RWH,NHS ENGLAND EAST OF ENGLAND,EAST AND NORTH HERTFORDSHIRE NHS TRUST,8325,0,6787,0,0,0,3977,0,55,0,0,0,180,10,3300,0,99,264,,,,,,,2024-08-01,15112,4032,52.2,3663
MSitAE-AUGUST-2024,RWP,NHS ENGLAND MIDLANDS,WORCESTERSHIRE ACUTE HOSPITALS NHS TRUST,12435,0,6018,193,0,17,5940,0,4,74,0,0,780,335,3307,0,0,922,,,,,,,2024-08-01,18453,5944,52.2,4229
MSitAE-AUGUST-2024,RY2,NHS ENGLAND NORTH WEST,BRIDGEWATER COMMUNITY HEALTHCARE NHS FOUNDATION TRUST,0,0,2856,0,0,160,0,0,35,0,0,1,0,0,0,0,0,0,,,,,,,2024-08-01,2856,35,,0
MSitAE-AUGUST-2024,RAP,NHS ENGLAND LONDON,NORTH MIDDLESEX UNIVERSITY HOSPITAL NHS TRUST,7497,446,5804,97,1,120,3764,1,449,39,0,16,340,742,1373,0,148,73,,,,,,,2024-08-01,13747,4214,49.8,1594
MSitAE-AUGUST-2024,RAX,NHS ENGLAND LONDON,KINGSTON HOSPITAL NHS FOUNDATION TRUST,6465,0,7507,0,0,0,2705,0,171,0,0,0,214,343,1935,0,152,469,,,,,,,2024-08-01,13972,2876,58.2,2556
MSitAE-AUGUST-2024,RD1,NHS ENGLAND SOUTH WEST,ROYAL UNITED HOSPITALS BATH NHS FOUNDATION TRUST,8167,0,0,0,0,0,3025,0,0,0,0,0,560,15,2434,0,7,1471,,,,,,,2024-08-01,8167,3025,63.0,3912
MSitAE-AUGUST-2024,RHM,NHS ENGLAND SOUTH EAST,UNIVERSITY HOSPITAL SOUTHAMPTON NHS FOUNDATION TRUST,11011,1283,0,225,0,0,3616,112,0,42,0,0,241,6,3770,8,0,1541,,,,,,,2024-08-01,12294,3728,67.2,5319
MSitAE-AUGUST-2024,RJ1,NHS ENGLAND LONDON,GUY'S AND ST THOMAS' NHS FOUNDATION TRUST,9600,755,6306,0,0,0,3894,29,284,0,0,0,128,18,2073,0,0,231,,,,,,,2024-08-01,16661,4207,59.4,2304
MSitAE-AUGUST-2024,RJL,NHS ENGLAND NORTH EAST AND YORKSHIRE,NORTHERN LINCOLNSHIRE AND GOOLE NHS FOUNDATION TRUST,8901,0,6001,0,0,391,4401,0,49,0,0,2,761,652,5038,0,0,326,,,,,,,2024-08-01,14902,4450,50.6,5364
MSitAE-AUGUST-2024,RVR,NHS ENGLAND LONDON,EPSOM AND ST HELIER UNIVERSITY HOSPITALS NHS TRUST,10029,301,1507,321,0,24,2603,0,92,41,0,1,346,498,1789,2,0,135,,,,,,,2024-08-01,11837,2695,74.0,1926
MSitAE-AUGUST-2024,RXK,NHS ENGLAND MIDLANDS,SANDWELL AND WEST BIRMINGHAM HOSPITALS NHS TRUST,13740,1292,6652,921,0,0,6199,209,12,142,0,0,1526,406,2635,0,0,452,,,,,,,2024-08-01,21684,6420,54.9,3087
MSitAE-AUGUST-2024,C83023,NHS ENGLAND MIDLANDS,SLEAFORD MEDICAL GROUP,0,0,520,0,0,0,0,0,0,0,0,0,0,0,0,0,0,10,,,,,,,2024-08-01,520,0,,10
MSitAE-AUGUST-2024,RET,NHS ENGLAND NORTH WEST,THE WALTON CENTRE NHS FOUNDATION TRUST,0,0,0,0,0,0,0,0,0,0,0,0,0,0,0,0,0,168,,,,,,,2024-08-01,0,0,,168
MSitAE-AUGUST-2024,RXP,NHS ENGLAND NORTH EAST AND YORKSHIRE,COUNTY DURHAM AND DARLINGTON NHS FOUNDATION TRUST,12196,0,4102,0,0,6940,5277,0,0,0,0,0,1767,19,3974,0,0,701,,,,,,,2024-08-01,16298,5277,56.7,4675
MSitAE-AUGUST-2024,RYX,NHS ENGLAND LONDON,CENTRAL LONDON COMMUNITY HEALTHCARE NHS TRUST,0,0,10103,0,0,400,0,0,76,0,0,0,0,0,0,0,0,0,,,,,,,2024-08-01,10103,76,,0
MSitAE-AUGUST-2024,R1H,NHS ENGLAND LONDON,BARTS HEALTH NHS TRUST,23072,900,15461,0,0,0,10843,32,1024,0,0,0,1259,923,4736,0,0,1177,,,,,,,2024-08-01,39433,11899,53.0,5913
MSitAE-AUGUST-2024,RDR,NHS ENGLAND SOUTH EAST,SUSSEX COMMUNITY NHS FOUNDATION TRUST,0,0,11466,0,0,0,0,0,129,0,0,0,0,0,0,0,0,0,,,,,,,2024-08-01,11466,129,,0
MSitAE-AUGUST-2024,RAL,NHS ENGLAND LONDON,ROYAL FREE LONDON NHS FOUNDATION TRUST,16221,0,7472,0,0,0,5507,0,35,0,0,0,983,517,3828,0,0,562,,,,,,,2024-08-01,23693,5542,66.1,4390
MSitAE-AUGUST-2024,RBL,NHS ENGLAND NORTH WEST,WIRRAL UNIVERSITY TEACHING HOSPITAL NHS FOUNDATION TRUST,7488,0,2445,0,0,189,4206,0,6,0,0,1,668,628,2151,0,0,1647,,,,,,,2024-08-01,9933,4212,43.8,3798
MSitAE-AUGUST-2024,RBT,NHS ENGLAND NORTH WEST,MID CHESHIRE HOSPITALS NHS FOUNDATION TRUST,6652,0,2720,4,0,48,3586,0,39,0,0,2,596,539,2223,0,0,926,,,,,,,2024-08-01,9372,3625,46.1,3149
MSitAE-AUGUST-2024,RHW,NHS ENGLAND SOUTH EAST,ROYAL BERKSHIRE NHS FOUNDATION TRUST,11028,2275,0,713,14,0,3195,11,0,174,2,0,297,0,2392,2,0,540,,,,,,,2024-08-01,13303,3206,71.0,2934
MSitAE-AUGUST-2024,RPC,NHS ENGLAND SOUTH EAST,QUEEN VICTORIA HOSPITAL NHS FOUNDATION TRUST,0,0,1586,0,0,0,0,0,0,0,0,0,0,0,0,0,3,583,,,,,,,2024-08-01,1586,0,,586
MSitAE-AUGUST-2024,RTH,NHS ENGLAND SOUTH EAST,OXFORD UNIVERSITY HOSPITALS NHS FOUNDATION TRUST,11262,1807,1778,1328,0,105,3596,0,3,296,0,1,782,0,4247,131,14,4350,,,,,,,2024-08-01,14847,3599,68.1,8742
MSitAE-AUGUST-2024,RJZ,NHS ENGLAND LONDON,KING'S COLLEGE HOSPITAL NHS FOUNDATION TRUST,14582,0,7961,65,0,1149,5850,0,256,9,0,3,1374,452,2793,0,0,413,,,,,,,2024-08-01,22543,6106,59.9,3206
MSitAE-AUGUST-2024,RWG,NHS ENGLAND EAST OF ENGLAND,WEST HERTFORDSHIRE TEACHING HOSPITALS NHS TRUST,7704,0,7134,0,0,834,2355,0,117,0,0,0,557,25,3979,0,0,549,,,,,,,2024-08-01,14838,2472,69.4,4528
MSitAE-AUGUST-2024,RM3,NHS ENGLAND NORTH WEST,NORTHERN CARE ALLIANCE NHS FOUNDATION TRUST,23316,0,8184,0,0,0,10163,0,229,0,0,0,3807,496,6691,0,298,1727,,,,,,,2024-08-01,31500,10392,56.4,8716
MSitAE-AUGUST-2024,RHU,NHS ENGLAND SOUTH EAST,PORTSMOUTH HOSPITALS UNIVERSITY NATIONAL HEALTH SERVICE TRUST,9425,762,2991,1367,0,783,4560,8,20,695,0,5,1503,19,3377,0,0,2373,,,,,,,2024-08-01,13178,4588,51.6,5750
MSitAE-DECEMBER-2024,AQN04,NHS ENGLAND SOUTH EAST,PHL LYMINGTON UTC,0,0,2808,0,0,13,0,0,4,0,0,0,0,0,0,0,0,0,,,,,,,2024-12-01,2808,4,,0
MSitAE-DECEMBER-2024,G0Q0L,NHS ENGLAND LONDON,BARKING HOSPITAL UTC,0,0,2841,0,0,0,0,0,35,0,0,0,0,0,0,0,0,0,,,,,,,2024-12-01,2841,35,,0
MSitAE-DECEMBER-2024,K6K0R,NHS ENGLAND LONDON,HAROLD WOOD POLYCLINIC UTC,0,0,2880,0,0,0,0,0,18,0,0,0,0,0,0,0,0,0,,,,,,,2024-12-01,2880,18,,0
MSitAE-DECEMBER-2024,RBT,NHS ENGLAND NORTH WEST,MID CHESHIRE HOSPITALS NHS FOUNDATION TRUST,7274,0,2684,0,0,62,4418,0,137,0,0,9,683,609,2427,0,0,1048,,,,,,,2024-12-01,9958,4555,39.3,3475
MSitAE-DECEMBER-2024,RJ8,NHS ENGLAND SOUTH WEST,CORNWALL PARTNERSHIP NHS FOUNDATION TRUST,0,0,0,0,0,0,0,0,0,0,0,0,0,0,0,0,4,74,,,,,,,2024-12-01,0,0,,78
MSitAE-DECEMBER-2024,RTP,NHS ENGLAND SOUTH EAST,SURREY AND SUSSEX HEALTHCARE NHS TRUST,11305,0,0,0,0,0,5040,0,0,0,0,0,662,525,3137,0,0,874,,,,,,,2024-12-01,11305,5040,55.4,4011
MSitAE-DECEMBER-2024,RW1,NHS ENGLAND SOUTH EAST,HAMPSHIRE AND ISLE OF WIGHT HEALTHCARE NHS FOUNDATION TRUST,0,0,2915,0,0,0,0,0,51,0,0,0,0,0,0,0,0,121,,,,,,,2024-12-01,2915,51,,121
MSitAE-DECEMBER-2024,RYY,NHS ENGLAND SOUTH EAST,KENT COMMUNITY HEALTH NHS FOUNDATION TRUST,0,0,9337,0,0,0,0,0,43,0,0,0,0,0,0,0,0,0,,,,,,,2024-12-01,9337,43,,0
MSitAE-DECEMBER-2024,Y00751,NHS ENGLAND SOUTH EAST,EAST BERKS PRIMARY CARE OOH(WAM),0,0,0,0,0,0,0,0,0,0,0,0,0,0,0,0,0,0,,,,,,,2024-12-01,0,0,,0
MSitAE-DECEMBER-2024,AAH,NHS ENGLAND SOUTH WEST,TETBURY HOSPITAL TRUST LTD,0,0,547,0,0,0,0,0,0,0,0,0,0,0,0,0,0,0,,,,,,,2024-12-01,547,0,,0
MSitAE-DECEMBER-2024,C82038,NHS ENGLAND MIDLANDS,LATHAM HOUSE MEDICAL PRACTICE,0,0,255,0,0,0,0,0,0,0,0,0,0,0,0,0,0,0,,,,,,,2024-12-01,255,0,,0
MSitAE-DECEMBER-2024,C83023,NHS ENGLAND MIDLANDS,SLEAFORD MEDICAL GROUP,0,0,691,0,0,0,0,0,0,0,0,0,0,0,0,0,0,2,,,,,,,2024-12-01,691,0,,2
MSitAE-DECEMBER-2024,L83087,NHS ENGLAND SOUTH WEST,OKEHAMPTON MEDICAL CENTRE,0,0,62,0,0,0,0,0,0,0,0,0,0,0,0,0,0,0,,,,,,,2024-12-01,62,0,,0
MSitAE-DECEMBER-2024,NDJ,NHS ENGLAND SOUTH EAST,FIRST COMMUNITY HEALTH AND CARE CIC,0,0,2047,0,0,0,0,0,0,0,0,0,0,0,0,0,0,0,,,,,,,2024-12-01,2047,0,,0
MSitAE-DECEMBER-2024,NQT5F,NHS ENGLAND NORTH WEST,SKELMERSDALE WALK IN CENTRE,0,0,1855,0,0,0,0,0,13,0,0,0,0,0,0,0,0,0,,,,,,,2024-12-01,1855,13,,0
MSitAE-DECEMBER-2024,NQT5H,NHS ENGLAND SOUTH WEST,PAULTON MEMORIAL HOSPITAL,0,0,919,0,0,0,0,0,2,0,0,0,0,0,0,0,0,0,,,,,,,2024-12-01,919,2,,0
MSitAE-DECEMBER-2024,NQTE4,NHS ENGLAND MIDLANDS,SUMMERFIELD URGENT CARE CENTRE,0,0,3187,0,0,0,0,0,0,0,0,0,0,0,0,0,0,0,,,,,,,2024-12-01,3187,0,,0
MSitAE-DECEMBER-2024,NR3,NHS ENGLAND MIDLANDS,NOTTINGHAM CITYCARE PARTNERSHIP,0,0,5522,0,0,272,0,0,857,0,0,0,0,0,0,0,0,0,,,,,,,2024-12-01,5522,857,,0
MSitAE-DECEMBER-2024,NTP11,NHS ENGLAND SOUTH EAST,PRACTICE PLUS GROUP HOSPITAL - SOUTHAMPTON,0,0,5058,0,0,0,0,0,235,0,0,0,0,0,0,0,0,0,,,,,,,2024-12-01,5058,235,,0
MSitAE-DECEMBER-2024,NTV0B,NHS ENGLAND SOUTH EAST,ASHFORD WALK-IN-CENTRE,0,0,2372,0,0,0,0,0,170,0,0,0,0,0,0,0,0,0,,,,,,,2024-12-01,2372,170,,0
MSitAE-DECEMBER-2024,NTV0W,NHS ENGLAND SOUTH EAST,WOKING WALK IN CENTRE,0,0,2564,0,0,0,0,0,45,0,0,0,0,0,0,0,0,0,,,,,,,2024-12-01,2564,45,,0
MSitAE-DECEMBER-2024,RDY,NHS ENGLAND SOUTH WEST,DORSET HEALTHCARE UNIVERSITY NHS FOUNDATION TRUST,0,0,0,0,0,0,0,0,0,0,0,0,0,0,0,0,1,2,,,,,,,2024-12-01,0,0,,3
MSitAE-DECEMBER-2024,RNU,NHS ENGLAND SOUTH EAST,OXFORD HEALTH NHS FOUNDATION TRUST,0,0,3042,0,0,0,0,0,256,0,0,0,0,0,0,0,0,0,,,,,,,2024-12-01,3042,256,,0
MSitAE-DECEMBER-2024,RPC,NHS ENGLAND SOUTH EAST,QUEEN VICTORIA HOSPITAL NHS FOUNDATION TRUST,0,0,1316,0,0,0,0,0,5,0,0,0,0,0,0,0,2,480,,,,,,,2024-12-01,1316,5,,482
MSitAE-DECEMBER-2024,RWY,NHS ENGLAND NORTH EAST AND YORKSHIRE,CALDERDALE AND HUDDERSFIELD NHS FOUNDATION TRUST,16032,0,0,0,0,0,5838,0,0,0,0,0,1353,19,3272,0,0,329,,,,,,,2024-12-01,16032,5838,63.6,3601
MSitAE-DECEMBER-2024,RXG,NHS ENGLAND NORTH EAST AND YORKSHIRE,SOUTH WEST YORKSHIRE PARTNERSHIP NHS FOUNDATION TRUST,0,0,0,0,0,0,0,0,0,0,0,0,0,0,0,0,0,111,,,,,,,2024-12-01,0,0,,111
MSitAE-DECEMBER-2024,Y02532,NHS ENGLAND NORTH WEST,MIRIAM MINOR EMERGENCY,0,0,1687,0,0,0,0,0,0,0,0,0,0,0,0,0,0,0,,,,,,,2024-12-01,1687,0,,0
MSitAE-DECEMBER-2024,Y02615,NHS ENGLAND MIDLANDS,SOUTH BIRMINGHAM GP WALK IN CENTRE,0,0,7704,0,0,0,0,0,0,0,0,0,0,0,0,0,0,0,,,,,,,2024-12-01,7704,0,,0
MSitAE-DECEMBER-2024,Y02676,NHS ENGLAND SOUTH EAST,BRIGHTON STATION HEALTH CENTRE,0,0,1820,0,0,0,0,0,0,0,0,0,0,0,0,0,0,0,,,,,,,2024-12-01,1820,0,,0
MSitAE-DECEMBER-2024,Y07709,NHS ENGLAND SOUTH EAST,READING URGENT CARE CENTRE,0,0,2022,0,0,0,0,0,0,0,0,0,0,0,0,0,0,0,,,,,,,2024-12-01,2022,0,,0
MSitAE-DECEMBER-2024,NL7,NHS ENGLAND MIDLANDS,ASSURA VERTIS URGENT CARE CENTRES (BIRMINGHAM),0,0,4899,0,0,0,0,0,0,0,0,0,0,0,0,0,0,0,,,,,,,2024-12-01,4899,0,,0
MSitAE-DECEMBER-2024,NNJ,NHS ENGLAND MIDLANDS,DHU HEALTH CARE C.I.C,0,0,2279,0,0,0,0,0,0,0,0,0,0,0,0,0,0,0,,,,,,,2024-12-01,2279,0,,0
MSitAE-DECEMBER-2024,RA9,NHS ENGLAND SOUTH WEST,TORBAY AND SOUTH DEVON NHS FOUNDATION TRUST,6285,0,2940,495,0,172,3208,0,42,216,0,2,374,80,2175,0,0,1235,,,,,,,2024-12-01,9225,3250,49.0,3410
MSitAE-DECEMBER-2024,RFF,NHS ENGLAND NORTH EAST AND YORKSHIRE,BARNSLEY HOSPITAL NHS FOUNDATION TRUST,9184,0,0,19,0,0,3487,0,0,0,0,0,841,5,2994,0,0,526,,,,,,,2024-12-01,9184,3487,62.0,3520
MSitAE-DECEMBER-2024,RNS,NHS ENGLAND MIDLANDS,NORTHAMPTON GENERAL HOSPITAL NHS TRUST,9144,490,2669,1528,0,189,4028,6,409,525,0,24,500,874,2236,0,0,991,,,,,,,2024-12-01,12303,4443,55.9,3227
MSitAE-DECEMBER-2024,RQW,NHS ENGLAND EAST OF ENGLAND,THE PRINCESS ALEXANDRA HOSPITAL NHS TRUST,8022,0,2229,0,0,788,4949,0,0,0,0,0,584,289,1671,0,0,221,,,,,,,2024-12-01,10251,4949,38.3,1892
MSitAE-DECEMBER-2024,RV9,NHS ENGLAND NORTH EAST AND YORKSHIRE,HUMBER TEACHING NHS FOUNDATION TRUST,0,0,1102,0,0,38,0,0,5,0,0,0,0,0,0,0,0,0,,,,,,,2024-12-01,1102,5,,0
MSitAE-DECEMBER-2024,RY8,NHS ENGLAND MIDLANDS,DERBYSHIRE COMMUNITY HEALTH SERVICES NHS FOUNDATION TRUST,0,0,6211,0,0,2205,0,0,43,0,0,10,0,0,0,0,0,0,,,,,,,2024-12-01,6211,43,,0
MSitAE-DECEMBER-2024,Y02428,NHS ENGLAND EAST OF ENGLAND,PUTNOE WALK IN CENTRE,0,0,4070,0,0,0,0,0,0,0,0,0,0,0,0,0,0,0,,,,,,,2024-12-01,4070,0,,0
MSitAE-DECEMBER-2024,8J094,NHS ENGLAND MIDLANDS,BADGER LTD,0,0,0,0,0,1541,0,0,0,0,0,0,0,0,0,0,0,0,,,,,,,2024-12-01,0,0,,0
MSitAE-DECEMBER-2024,NNJ07,NHS ENGLAND MIDLANDS,LOUGHBOROUGH URGENT CARE CENTRE,0,0,6414,0,0,624,0,0,38,0,0,2,0,0,0,0,0,0,,,,,,,2024-12-01,6414,38,,0
MSitAE-DECEMBER-2024,NNJ0H,NHS ENGLAND MIDLANDS,LLR EA - THE MERLYN VAZ HEALTH & SOCIAL CARE CENTRE,0,0,172,0,0,2283,0,0,0,0,0,0,0,0,0,0,0,0,,,,,,,2024-12-01,172,0,,0
MSitAE-DECEMBER-2024,NNJ12,NHS ENGLAND MIDLANDS,MARKET HARBOROUGH,0,0,134,0,0,503,0,0,0,0,0,0,0,0,0,0,0,0,,,,,,,2024-12-01,134,0,,0
MSitAE-DECEMBER-2024,NNJ13,NHS ENGLAND MIDLANDS,MELTON MOWBRAY,0,0,98,0,0,457,0,0,0,0,0,1,0,0,0,0,0,0,,,,,,,2024-12-01,98,0,,0
MSitAE-DECEMBER-2024,NNJ14,NHS ENGLAND MIDLANDS,OADBY,0,0,529,0,0,3446,0,0,0,0,0,0,0,0,0,0,0,0,,,,,,,2024-12-01,529,0,,0
MSitAE-DECEMBER-2024,NNJ15,NHS ENGLAND MIDLANDS,OAKHAM,0,0,74,0,0,402,0,0,0,0,0,0,0,0,0,0,0,0,,,,,,,2024-12-01,74,0,,0
MSitAE-DECEMBER-2024,NQT51,NHS ENGLAND SOUTH EAST,STATION PLAZA HEALTH CENTRE,0,0,1158,0,0,0,0,0,0,0,0,0,0,0,0,0,0,0,,,,,,,2024-12-01,1158,0,,0
MSitAE-DECEMBER-2024,RAX,NHS ENGLAND LONDON,KINGSTON AND RICHMOND NHS FOUNDATION TRUST,7469,0,8388,0,0,0,4007,0,238,0,0,0,274,478,2278,0,178,185,,,,,,,2024-12-01,15857,4245,46.4,2641
MSitAE-DECEMBER-2024,RJL,NHS ENGLAND NORTH EAST AND YORKSHIRE,NORTHERN LINCOLNSHIRE AND GOOLE NHS FOUNDATION TRUST,9302,0,6729,0,0,460,5160,0,47,0,0,2,584,879,5577,0,0,431,,,,,,,2024-12-01,16031,5207,44.5,6008
MSitAE-DECEMBER-2024,RJN,NHS ENGLAND NORTH WEST,EAST CHESHIRE NHS TRUST,4448,0,0,83,0,31,2292,0,0,0,0,0,209,407,943,0,0,210,,,,,,,2024-12-01,4448,2292,48.5,1153
MSitAE-DECEMBER-2024,RXQ,NHS ENGLAND SOUTH EAST,BUCKINGHAMSHIRE HEALTHCARE NHS TRUST,10785,1095,3672,1,0,0,4498,0,413,0,0,0,313,274,3872,753,0,2074,,,,,,,2024-12-01,15552,4911,58.3,6699
MSitAE-DECEMBER-2024,RY5,NHS ENGLAND MIDLANDS,LINCOLNSHIRE COMMUNITY HEALTH SERVICES NHS TRUST,0,0,8592,0,0,0,0,0,324,0,0,0,0,0,0,0,0,0,,,,,,,2024-12-01,8592,324,,0
MSitAE-DECEMBER-2024,Y03007,NHS ENGLAND MIDLANDS,ERDINGTON GP HEALTH & WELLBEING WIC,0,0,0,0,0,2525,0,0,0,0,0,0,0,0,0,0,0,0,,,,,,,2024-12-01,0,0,,0
MSitAE-DECEMBER-2024,C82009,NHS ENGLAND MIDLANDS,MARKET HARBOROUGH MED.CTR,0,0,228,0,0,0,0,0,0,0,0,0,0,0,0,0,0,0,,,,,,,2024-12-01,228,0,,0
MSitAE-DECEMBER-2024,RAN,NHS ENGLAND LONDON,ROYAL NATIONAL ORTHOPAEDIC HOSPITAL NHS TRUST,0,0,0,0,0,0,0,0,0,0,0,0,0,0,0,0,0,29,,,,,,,2024-12-01,0,0,,29
MSitAE-DECEMBER-2024,RTR,NHS ENGLAND NORTH EAST AND YORKSHIRE,SOUTH TEES HOSPITALS NHS FOUNDATION TRUST,7836,0,8987,0,0,1947,4422,0,743,0,0,79,622,104,2888,0,112,2401,,,,,,,2024-12-01,16823,5165,43.6,5401
MSitAE-DECEMBER-2024,RWA,NHS ENGLAND NORTH EAST AND YORKSHIRE,HULL UNIVERSITY TEACHING HOSPITALS NHS TRUST,9511,0,4552,0,0,0,6118,0,330,0,0,0,890,776,3378,0,0,2375,,,,,,,2024-12-01,14063,6448,35.7,5753
MSitAE-DECEMBER-2024,RWG,NHS ENGLAND EAST OF ENGLAND,WEST HERTFORDSHIRE TEACHING HOSPITALS NHS TRUST,8756,0,7243,0,0,885,3605,0,381,0,0,0,808,21,4120,0,0,650,,,,,,,2024-12-01,15999,3986,58.8,4770
MSitAE-DECEMBER-2024,RXK,NHS ENGLAND MIDLANDS,SANDWELL AND WEST BIRMINGHAM HOSPITALS NHS TRUST,11365,947,9370,534,0,0,5386,160,770,0,0,0,750,228,2491,0,0,544,,,,,,,2024-12-01,21682,6316,52.6,3035
MSitAE-DECEMBER-2024,RY4,NHS ENGLAND EAST OF ENGLAND,HERTFORDSHIRE COMMUNITY NHS TRUST,0,0,899,0,0,0,0,0,20,0,0,0,0,0,0,0,0,0,,,,,,,2024-12-01,899,20,,0
MSitAE-DECEMBER-2024,DT301,NHS ENGLAND EAST OF ENGLAND,HERTS URGENT CARE (ASCOTS LANE),0,0,1884,0,0,0,0,0,38,0,0,0,0,0,0,0,0,0,,,,,,,2024-12-01,1884,38,,0
MSitAE-DECEMBER-2024,RBD,NHS ENGLAND SOUTH WEST,DORSET COUNTY HOSPITAL NHS FOUNDATION TRUST,4150,0,0,394,0,4127,2053,0,0,110,0,13,264,42,1764,0,0,507,,,,,,,2024-12-01,4150,2053,50.5,2271
MSitAE-DECEMBER-2024,RBQ,NHS ENGLAND NORTH WEST,LIVERPOOL HEART AND CHEST HOSPITAL NHS FOUNDATION TRUST,0,0,0,0,0,0,0,0,0,0,0,0,0,0,0,0,0,172,,,,,,,2024-12-01,0,0,,172
MSitAE-DECEMBER-2024,RHW,NHS ENGLAND SOUTH EAST,ROYAL BERKSHIRE NHS FOUNDATION TRUST,11028,2143,1713,944,15,0,4966,10,0,327,0,0,847,7,2603,0,0,383,,,,,,,2024-12-01,14884,4976,55.0,2986
MSitAE-DECEMBER-2024,RJR,NHS ENGLAND NORTH WEST,COUNTESS OF CHESTER HOSPITAL NHS FOUNDATION TRUST,5166,0,2154,0,0,0,2975,0,286,0,0,0,258,647,1687,0,0,1311,,,,,,,2024-12-01,7320,3261,42.4,2998
MSitAE-DECEMBER-2024,RL1,NHS ENGLAND MIDLANDS,THE ROBERT JONES AND AGNES HUNT ORTHOPAEDIC HOSPITAL NHS FOUNDATION TRUST,0,0,0,0,0,0,0,0,0,0,0,0,0,0,0,0,0,24,,,,,,,2024-12-01,0,0,,24
MSitAE-DECEMBER-2024,RLQ,NHS ENGLAND MIDLANDS,WYE VALLEY NHS TRUST,6159,945,104,193,0,0,2675,0,0,37,0,0,436,232,1528,0,0,134,,,,,,,2024-12-01,7208,2675,56.6,1662
MSitAE-DECEMBER-2024,ACH01,NHS ENGLAND SOUTH EAST,WHITSTABLE MEDICAL PRACTICE,0,0,5496,0,0,0,0,0,0,0,0,0,0,0,0,0,0,0,,,,,,,2024-12-01,5496,0,,0
MSitAE-DECEMBER-2024,AJN,NHS ENGLAND NORTH EAST AND YORKSHIRE,WORKINGTON HEALTH LIMITED,0,0,259,0,0,0,0,0,0,0,0,0,0,0,0,0,0,0,,,,,,,2024-12-01,259,0,,0
MSitAE-DECEMBER-2024,AXG,NHS ENGLAND SOUTH WEST,WILTSHIRE HEALTH & CARE,0,0,2149,0,0,0,0,0,59,0,0,0,0,0,0,0,0,0,,,,,,,2024-12-01,2149,59,,0
MSitAE-DECEMBER-2024,NLX,NHS ENGLAND SOUTH WEST,SIRONA CARE & HEALTH,0,0,7664,0,0,382,0,0,348,0,0,75,0,0,0,0,0,0,,,,,,,2024-12-01,7664,348,,0
MSitAE-DECEMBER-2024,NNF09,NHS ENGLAND NORTH EAST AND YORKSHIRE,BRANSHOLME HEALTH CENTRE,0,0,3600,0,0,0,0,0,470,0,0,0,0,0,0,0,0,0,,,,,,,2024-12-01,3600,470,,0
MSitAE-DECEMBER-2024,NNF16,NHS ENGLAND NORTH EAST AND YORKSHIRE,BRIDLINGTON HOSPITAL,0,0,1383,0,0,0,0,0,65,0,0,0,0,0,0,0,0,0,,,,,,,2024-12-01,1383,65,,0
MSitAE-DECEMBER-2024,NNF94,NHS ENGLAND NORTH EAST AND YORKSHIRE,EAST RIDING COMMUNITY HOSPITAL,0,0,2643,0,0,0,0,0,214,0,0,0,0,0,0,0,0,0,,,,,,,2024-12-01,2643,214,,0
MSitAE-DECEMBER-2024,NNFA7,NHS ENGLAND NORTH EAST AND YORKSHIRE,GOOLE & DISTRICT HOSPITAL,0,0,1536,0,0,0,0,0,24,0,0,0,0,0,0,0,0,0,,,,,,,2024-12-01,1536,24,,0
MSitAE-DECEMBER-2024,NV693,NHS ENGLAND NORTH WEST,ROSSENDALE MIU & OOH,0,0,869,0,0,0,0,0,0,0,0,0,0,0,0,0,0,0,,,,,,,2024-12-01,869,0,,0
MSitAE-DECEMBER-2024,RA2,NHS ENGLAND SOUTH EAST,ROYAL SURREY COUNTY HOSPITAL NHS FOUNDATION TRUST,6551,0,1270,918,0,13,2291,0,0,268,0,0,429,4,2441,0,0,1024,,,,,,,2024-12-01,7821,2291,65.0,3465
MSitAE-DECEMBER-2024,RC9,NHS ENGLAND EAST OF ENGLAND,BEDFORDSHIRE HOSPITALS NHS FOUNDATION TRUST,16743,0,9623,0,0,1186,7825,0,0,0,0,0,81,82,4855,0,0,2234,,,,,,,2024-12-01,26366,7825,53.3,7089
MSitAE-DECEMBER-2024,RCD,NHS ENGLAND NORTH EAST AND YORKSHIRE,HARROGATE AND DISTRICT NHS FOUNDATION TRUST,5167,0,839,414,0,31,1999,0,0,98,0,0,436,108,1177,0,0,283,,,,,,,2024-12-01,6006,1999,61.3,1460
MSitAE-DECEMBER-2024,REF,NHS ENGLAND SOUTH WEST,ROYAL CORNWALL HOSPITALS NHS TRUST,6184,0,10870,0,0,0,3081,0,816,0,0,0,597,468,2421,0,49,1272,,,,,,,2024-12-01,17054,3897,50.2,3742
MSitAE-DECEMBER-2024,RET,NHS ENGLAND NORTH WEST,THE WALTON CENTRE NHS FOUNDATION TRUST,0,0,0,0,0,0,0,0,0,0,0,0,0,0,0,0,0,192,,,,,,,2024-12-01,0,0,,192
MSitAE-DECEMBER-2024,RJ6,NHS ENGLAND LONDON,CROYDON HEALTH SERVICES NHS TRUST,13668,0,5536,1,0,0,5528,0,0,0,0,0,370,666,1256,0,0,135,,,,,,,2024-12-01,19204,5528,59.6,1391
MSitAE-DECEMBER-2024,RK9,NHS ENGLAND SOUTH WEST,UNIVERSITY HOSPITALS PLYMOUTH NHS TRUST,9586,123,4623,0,0,0,5072,1,133,0,0,0,488,627,2892,0,0,1462,,,,,,,2024-12-01,14332,5206,47.1,4354
MSitAE-DECEMBER-2024,RL4,NHS ENGLAND MIDLANDS,THE ROYAL WOLVERHAMPTON NHS TRUST,12259,0,9713,114,0,1081,4342,0,480,31,0,2,791,809,5788,0,0,1010,,,,,,,2024-12-01,21972,4822,64.6,6798
MSitAE-DECEMBER-2024,RMC,NHS ENGLAND NORTH WEST,BOLTON NHS FOUNDATION TRUST,8125,0,3555,116,0,52,4308,0,184,62,0,2,462,638,2428,0,100,822,,,,,,,2024-12-01,11680,4492,47.0,3350
MSitAE-DECEMBER-2024,RNN,NHS ENGLAND NORTH EAST AND YORKSHIRE,NORTH CUMBRIA INTEGRATED CARE NHS FOUNDATION TRUST,8890,0,1846,340,0,33,3988,0,30,97,0,0,823,407,2415,0,0,837,,,,,,,2024-12-01,10736,4018,55.1,3252
MSitAE-DECEMBER-2024,RTQ,NHS ENGLAND SOUTH WEST,GLOUCESTERSHIRE HEALTH AND CARE NHS FOUNDATION TRUST,0,0,7577,0,0,0,0,0,56,0,0,0,0,0,0,0,0,21,,,,,,,2024-12-01,7577,56,,21
MSitAE-DECEMBER-2024,RW4,NHS ENGLAND NORTH WEST,MERSEY CARE NHS FOUNDATION TRUST,0,0,13451,0,0,0,0,0,346,0,0,0,0,0,0,0,0,43,,,,,,,2024-12-01,13451,346,,43
MSitAE-DECEMBER-2024,RXR,NHS ENGLAND NORTH WEST,EAST LANCASHIRE HOSPITALS NHS TRUST,13318,0,9823,0,0,0,5103,0,822,0,0,0,596,1156,4211,0,75,1615,,,,,,,2024-12-01,23141,5925,61.7,5901
MSitAE-DECEMBER-2024,RXW,NHS ENGLAND MIDLANDS,THE SHREWSBURY AND TELFORD HOSPITAL NHS TRUST,10473,0,2835,0,0,0,6330,0,285,0,0,0,408,1494,3246,0,201,2227,,,,,,,2024-12-01,13308,6615,39.6,5674
MSitAE-DECEMBER-2024,RY2,NHS ENGLAND NORTH WEST,BRIDGEWATER COMMUNITY HEALTHCARE NHS FOUNDATION TRUST,0,0,3029,0,0,229,0,0,155,0,0,8,0,0,0,0,0,0,,,,,,,2024-12-01,3029,155,,0
MSitAE-DECEMBER-2024,RYX,NHS ENGLAND LONDON,CENTRAL LONDON COMMUNITY HEALTHCARE NHS TRUST,0,0,12179,0,0,526,0,0,342,0,0,16,0,0,0,0,0,0,,,,,,,2024-12-01,12179,342,,0
MSitAE-DECEMBER-2024,Y02147,NHS ENGLAND LONDON,URGENT CARE CENTRE (QMS),0,0,8134,0,0,647,0,0,240,0,0,7,0,0,0,0,0,0,,,,,,,2024-12-01,8134,240,,0
MSitAE-DECEMBER-2024,ARN03,NHS ENGLAND NORTH EAST AND YORKSHIRE,LOCAL CARE DIRECT,0,0,2385,0,0,349,0,0,9,0,0,0,0,0,0,0,0,0,,,,,,,2024-12-01,2385,9,,0
MSitAE-DECEMBER-2024,R0B,NHS ENGLAND NORTH EAST AND YORKSHIRE,SOUTH TYNESIDE AND SUNDERLAND NHS FOUNDATION TRUST,12083,1067,5763,801,0,1590,7095,17,239,431,0,36,1558,30,4755,20,0,1232,,,,,,,2024-12-01,18913,7351,41.3,6007
MSitAE-DECEMBER-2024,R0D,NHS ENGLAND SOUTH WEST,UNIVERSITY HOSPITALS DORSET NHS FOUNDATION TRUST,13366,0,4874,0,0,0,6548,0,0,0,0,0,1155,399,4255,6,0,2386,,,,,,,2024-12-01,18240,6548,51.0,6647
MSitAE-DECEMBER-2024,RA7,NHS ENGLAND SOUTH WEST,UNIVERSITY HOSPITALS BRISTOL AND WESTON NHS FOUNDATION TRUST,15827,2126,0,0,0,0,6647,125,0,0,0,0,1326,695,5267,9,0,1553,,,,,,,2024-12-01,17953,6772,58.0,6829
MSitAE-DECEMBER-2024,RBK,NHS ENGLAND MIDLANDS,WALSALL HEALTHCARE NHS TRUST,9777,0,4650,32,0,154,3739,0,147,10,0,0,1297,240,4145,0,0,751,,,,,,,2024-12-01,14427,3886,61.8,4896
MSitAE-DECEMBER-2024,RCB,NHS ENGLAND NORTH EAST AND YORKSHIRE,YORK AND SCARBOROUGH TEACHING HOSPITALS NHS FOUNDATION TRUST,10763,325,5610,0,0,0,6317,0,195,0,0,0,772,1057,4639,0,0,1610,,,,,,,2024-12-01,16698,6512,41.3,6249
MSitAE-DECEMBER-2024,RCF,NHS ENGLAND NORTH EAST AND YORKSHIRE,AIREDALE NHS FOUNDATION TRUST,5809,202,0,557,0,0,2489,0,0,0,0,0,453,150,1661,0,0,559,,,,,,,2024-12-01,6011,2489,57.2,2220
MSitAE-DECEMBER-2024,RCX,NHS ENGLAND EAST OF ENGLAND,"THE QUEEN ELIZABETH HOSPITAL, KING'S LYNN, NHS FOUNDATION TRUST",7060,0,1308,0,0,0,3458,0,0,0,0,0,352,129,2318,0,0,241,,,,,,,2024-12-01,8368,3458,51.0,2559
MSitAE-DECEMBER-2024,RFS,NHS ENGLAND MIDLANDS,CHESTERFIELD ROYAL HOSPITAL NHS FOUNDATION TRUST,6779,0,6341,243,0,101,3605,0,282,101,0,8,1051,235,2819,0,284,585,,,,,,,2024-12-01,13120,3887,46.8,3688
MSitAE-DECEMBER-2024,RGR,NHS ENGLAND EAST OF ENGLAND,WEST SUFFOLK NHS FOUNDATION TRUST,7916,0,785,37,0,0,3316,0,0,0,0,0,441,696,1999,0,0,324,,,,,,,2024-12-01,8701,3316,58.1,2323
MSitAE-DECEMBER-2024,RJ1,NHS ENGLAND LONDON,GUY'S AND ST THOMAS' NHS FOUNDATION TRUST,10355,661,6289,0,0,0,4559,38,234,0,0,0,239,87,2095,0,0,257,,,,,,,2024-12-01,17305,4831,56.0,2352
MSitAE-DECEMBER-2024,RJ2,NHS ENGLAND LONDON,LEWISHAM AND GREENWICH NHS TRUST,14817,0,11293,0,0,0,7982,0,1382,0,0,0,1245,731,5067,0,0,1235,,,,,,,2024-12-01,26110,9364,46.1,6302
MSitAE-DECEMBER-2024,RJC,NHS ENGLAND MIDLANDS,SOUTH WARWICKSHIRE UNIVERSITY NHS FOUNDATION TRUST,8418,0,276,0,0,0,3584,0,0,0,0,0,493,136,2414,0,0,774,,,,,,,2024-12-01,8694,3584,57.4,3188
MSitAE-DECEMBER-2024,RJZ,NHS ENGLAND LONDON,KING'S COLLEGE HOSPITAL NHS FOUNDATION TRUST,15408,0,9254,71,0,1254,6995,0,293,23,0,0,1695,972,3847,0,0,316,,,,,,,2024-12-01,24662,7288,54.6,4163
MSitAE-DECEMBER-2024,RKB,NHS ENGLAND MIDLANDS,UNIVERSITY HOSPITALS COVENTRY AND WARWICKSHIRE NHS TRUST,12631,1110,6218,0,0,0,5975,122,541,0,0,0,77,27,1745,33,100,593,,,,,,,2024-12-01,19959,6638,52.7,2471
MSitAE-DECEMBER-2024,RKE,NHS ENGLAND LONDON,WHITTINGTON HEALTH NHS TRUST,9388,0,0,0,0,0,3013,0,0,0,0,0,233,381,1216,0,0,40,,,,,,,2024-12-01,9388,3013,67.9,1256
MSitAE-DECEMBER-2024,RMP,NHS ENGLAND NORTH WEST,TAMESIDE AND GLOSSOP INTEGRATED CARE NHS FOUNDATION TRUST,8801,0,3528,413,0,85,4686,0,115,0,0,0,317,805,1763,0,0,293,,,,,,,2024-12-01,12329,4801,46.8,2056
MSitAE-DECEMBER-2024,RNA,NHS ENGLAND MIDLANDS,THE DUDLEY GROUP NHS FOUNDATION TRUST,9333,0,5271,0,0,750,2747,0,617,0,0,0,1961,93,3724,0,0,2204,,,,,,,2024-12-01,14604,3364,70.6,5928
MSitAE-DECEMBER-2024,RNQ,NHS ENGLAND MIDLANDS,KETTERING GENERAL HOSPITAL NHS FOUNDATION TRUST,10450,0,9823,355,0,0,4357,0,430,0,0,0,1454,0,1909,0,0,204,,,,,,,2024-12-01,20273,4787,58.3,2113
MSitAE-DECEMBER-2024,RR8,NHS ENGLAND NORTH EAST AND YORKSHIRE,LEEDS TEACHING HOSPITALS NHS TRUST,17787,599,12377,59,0,110,8073,0,206,20,0,0,1622,678,3943,0,0,1177,,,,,,,2024-12-01,30763,8279,54.6,5120
MSitAE-DECEMBER-2024,RTX,NHS ENGLAND NORTH WEST,UNIVERSITY HOSPITALS OF MORECAMBE BAY NHS FOUNDATION TRUST,9034,0,3216,149,0,738,3256,0,86,27,0,66,670,550,3269,0,26,1038,,,,,,,2024-12-01,12250,3342,64.0,4333
MSitAE-DECEMBER-2024,RWE,NHS ENGLAND MIDLANDS,UNIVERSITY HOSPITALS OF LEICESTER NHS TRUST,22293,1856,0,0,0,0,9688,161,0,0,0,0,1588,953,6629,0,0,3412,,,,,,,2024-12-01,24149,9849,56.5,10041
MSitAE-DECEMBER-2024,RWF,NHS ENGLAND SOUTH EAST,MAIDSTONE AND TUNBRIDGE WELLS NHS TRUST,19326,0,2212,0,0,0,4476,0,31,0,0,0,938,171,5225,0,0,981,,,,,,,2024-12-01,21538,4507,76.8,6206
MSitAE-DECEMBER-2024,RWW,NHS ENGLAND NORTH WEST,WARRINGTON AND HALTON TEACHING HOSPITALS NHS FOUNDATION TRUST,6888,0,2896,271,0,160,3615,0,47,106,0,3,772,687,1878,0,0,129,,,,,,,2024-12-01,9784,3662,47.5,2007
MSitAE-DECEMBER-2024,RX1,NHS ENGLAND MIDLANDS,NOTTINGHAM UNIVERSITY HOSPITALS NHS TRUST,16345,1613,280,0,0,0,9494,151,8,0,0,0,309,578,4640,0,0,4354,,,,,,,2024-12-01,18238,9653,41.9,8994
MSitAE-DECEMBER-2024,RXF,NHS ENGLAND NORTH EAST AND YORKSHIRE,MID YORKSHIRE TEACHING NHS TRUST,16641,118,5877,124,0,106,7307,0,550,1,0,4,2316,923,3506,0,155,749,,,,,,,2024-12-01,22636,7857,56.1,4410
MSitAE-DECEMBER-2024,RXN,NHS ENGLAND NORTH WEST,LANCASHIRE TEACHING HOSPITALS NHS FOUNDATION TRUST,12019,0,3663,254,0,62,4565,0,116,43,0,0,1040,454,3218,0,79,1262,,,,,,,2024-12-01,15682,4681,62.0,4559
MSitAE-DECEMBER-2024,RYR,NHS ENGLAND SOUTH EAST,UNIVERSITY HOSPITALS SUSSEX NHS FOUNDATION TRUST,23249,1245,4343,1654,0,993,10412,26,466,572,0,34,600,800,8404,21,41,1439,,,,,,,2024-12-01,28837,10904,55.2,9905
MSitAE-DECEMBER-2024,NTPAD,NHS ENGLAND SOUTH EAST,PRACTICE PLUS GROUP SURGICAL CENTRE - ST MARYS PORTSMOUTH,0,0,5427,0,0,272,0,0,288,0,0,1,0,0,0,0,0,0,,,,,,,2024-12-01,5427,288,,0
MSitAE-DECEMBER-2024,R1D,NHS ENGLAND MIDLANDS,SHROPSHIRE COMMUNITY HEALTH NHS TRUST,0,0,2692,0,0,0,0,0,1,0,0,0,0,0,0,0,0,0,,,,,,,2024-12-01,2692,1,,0
MSitAE-DECEMBER-2024,R1F,NHS ENGLAND SOUTH EAST,ISLE OF WIGHT NHS TRUST,4774,268,1468,18,0,26,1766,0,0,5,0,0,253,91,1152,0,0,198,,,,,,,2024-12-01,6510,1766,63.0,1350
MSitAE-DECEMBER-2024,RAE,NHS ENGLAND NORTH EAST AND YORKSHIRE,BRADFORD TEACHING HOSPITALS NHS FOUNDATION TRUST,10047,921,3212,0,0,0,2711,0,0,0,0,0,766,120,2692,0,47,1493,,,,,,,2024-12-01,14180,2711,73.0,4232
MSitAE-DECEMBER-2024,RAJ,NHS ENGLAND EAST OF ENGLAND,MID AND SOUTH ESSEX NHS FOUNDATION TRUST,31192,0,5305,28,0,9,12755,0,283,6,0,2,3044,256,8935,0,195,1343,,,,,,,2024-12-01,36497,13038,59.1,10473
MSitAE-DECEMBER-2024,RAL,NHS ENGLAND LONDON,ROYAL FREE LONDON NHS FOUNDATION TRUST,17780,0,9195,0,0,0,5720,0,202,0,0,0,1067,934,3785,0,0,525,,,,,,,2024-12-01,26975,5922,67.8,4310
MSitAE-DECEMBER-2024,RCU,NHS ENGLAND NORTH EAST AND YORKSHIRE,SHEFFIELD CHILDREN'S NHS FOUNDATION TRUST,4994,0,644,354,0,39,601,0,8,38,0,1,26,0,1196,0,0,90,,,,,,,2024-12-01,5638,609,88.0,1286
MSitAE-DECEMBER-2024,RD8,NHS ENGLAND EAST OF ENGLAND,MILTON KEYNES UNIVERSITY HOSPITAL NHS FOUNDATION TRUST,8531,0,5846,618,0,150,4004,0,538,299,0,0,916,0,2287,0,0,504,,,,,,,2024-12-01,14377,4542,53.1,2791
MSitAE-DECEMBER-2024,REM,NHS ENGLAND NORTH WEST,LIVERPOOL UNIVERSITY HOSPITALS NHS FOUNDATION TRUST,15507,1484,7881,430,0,0,7663,33,285,81,0,0,2090,1167,4670,0,0,2159,,,,,,,2024-12-01,24872,7981,50.6,6829
MSitAE-DECEMBER-2024,REP,NHS ENGLAND NORTH WEST,LIVERPOOL WOMEN'S NHS FOUNDATION TRUST,0,1416,0,0,137,0,0,168,0,0,0,0,0,0,0,91,0,12,,,,,,,2024-12-01,1416,168,,103
MSitAE-DECEMBER-2024,RHM,NHS ENGLAND SOUTH EAST,UNIVERSITY HOSPITAL SOUTHAMPTON NHS FOUNDATION TRUST,12323,1095,0,335,0,0,5590,82,0,150,0,0,355,9,4090,12,0,1619,,,,,,,2024-12-01,13418,5672,54.6,5721
MSitAE-DECEMBER-2024,RHQ,NHS ENGLAND NORTH EAST AND YORKSHIRE,SHEFFIELD TEACHING HOSPITALS NHS FOUNDATION TRUST,9084,1009,7489,414,1,1392,5322,1,492,217,0,16,1469,14,3863,0,0,3066,,,,,,,2024-12-01,17582,5815,41.4,6929
MSitAE-DECEMBER-2024,RJ7,NHS ENGLAND LONDON,ST GEORGE'S UNIVERSITY HOSPITALS NHS FOUNDATION TRUST,9025,0,3075,590,0,0,2419,0,0,161,0,0,622,747,2760,0,0,783,,,,,,,2024-12-01,12100,2419,73.2,3543
MSitAE-DECEMBER-2024,RJE,NHS ENGLAND MIDLANDS,UNIVERSITY HOSPITALS OF NORTH MIDLANDS NHS TRUST,13450,452,8321,940,0,696,8022,0,352,502,0,27,964,1235,5401,0,0,3111,,,,,,,2024-12-01,22223,8374,40.4,8512
MSitAE-DECEMBER-2024,RN3,NHS ENGLAND SOUTH WEST,GREAT WESTERN HOSPITALS NHS FOUNDATION TRUST,5708,0,5359,0,0,0,2406,0,393,0,0,0,549,292,2412,0,0,1394,,,,,,,2024-12-01,11067,2799,57.8,3806
MSitAE-DECEMBER-2024,RN5,NHS ENGLAND SOUTH EAST,HAMPSHIRE HOSPITALS NHS FOUNDATION TRUST,11092,37,2612,0,0,114,5667,0,88,0,0,0,366,115,4227,5,27,1191,,,,,,,2024-12-01,13741,5755,48.9,5450
MSitAE-DECEMBER-2024,RN7,NHS ENGLAND SOUTH EAST,DARTFORD AND GRAVESHAM NHS TRUST,12287,0,4001,0,0,0,4429,0,63,0,0,0,589,304,3461,0,0,441,,,,,,,2024-12-01,16288,4492,64.0,3902
MSitAE-DECEMBER-2024,RP6,NHS ENGLAND LONDON,MOORFIELDS EYE HOSPITAL NHS FOUNDATION TRUST,0,5063,0,0,0,0,0,81,0,0,0,0,0,0,0,2,0,204,,,,,,,2024-12-01,5063,81,,206
MSitAE-DECEMBER-2024,RPA,NHS ENGLAND SOUTH EAST,MEDWAY NHS FOUNDATION TRUST,8605,0,6738,287,0,1200,3619,0,705,87,0,0,341,771,1896,0,0,473,,,,,,,2024-12-01,15343,4324,57.9,2369
MSitAE-DECEMBER-2024,RQ3,NHS ENGLAND MIDLANDS,BIRMINGHAM WOMEN'S AND CHILDREN'S NHS FOUNDATION TRUST,5924,0,0,0,0,0,2003,0,0,0,0,0,1,44,996,0,0,133,,,,,,,2024-12-01,5924,2003,66.2,1129
MSitAE-DECEMBER-2024,RRK,NHS ENGLAND MIDLANDS,UNIVERSITY HOSPITALS BIRMINGHAM NHS FOUNDATION TRUST,35503,318,1395,0,0,285,15632,0,19,0,0,8,2940,1894,10608,0,0,6740,,,,,,,2024-12-01,37216,15651,56.0,17348
MSitAE-DECEMBER-2024,RTG,NHS ENGLAND MIDLANDS,UNIVERSITY HOSPITALS OF DERBY AND BURTON NHS FOUNDATION TRUST,19558,0,10236,2143,0,23,9741,0,4,523,0,0,1043,1279,3989,0,2,1956,,,,,,,2024-12-01,29794,9745,50.2,5947
MSitAE-DECEMBER-2024,RTH,NHS ENGLAND SOUTH EAST,OXFORD UNIVERSITY HOSPITALS NHS FOUNDATION TRUST,12478,1562,2477,1746,0,145,5477,0,15,644,0,1,977,0,4684,116,14,4281,,,,,,,2024-12-01,16517,5492,56.1,9095
MSitAE-DECEMBER-2024,RTK,NHS ENGLAND SOUTH EAST,ASHFORD AND ST PETER'S HOSPITALS NHS FOUNDATION TRUST,10917,0,0,0,0,0,4022,0,0,0,0,0,558,336,2838,0,0,552,,,,,,,2024-12-01,10917,4022,63.2,3390
MSitAE-DECEMBER-2024,RVJ,NHS ENGLAND SOUTH WEST,NORTH BRISTOL NHS TRUST,8633,0,0,29,0,0,3596,0,0,12,0,0,564,352,2999,0,0,2089,,,,,,,2024-12-01,8633,3596,58.3,5088
MSitAE-DECEMBER-2024,RVV,NHS ENGLAND SOUTH EAST,EAST KENT HOSPITALS UNIVERSITY NHS FOUNDATION TRUST,14042,0,12628,0,0,0,6359,0,456,0,0,0,587,1326,3268,0,537,515,,,,,,,2024-12-01,26670,6815,54.7,4320
MSitAE-DECEMBER-2024,RVW,NHS ENGLAND NORTH EAST AND YORKSHIRE,NORTH TEES AND HARTLEPOOL NHS FOUNDATION TRUST,5315,0,12316,0,0,0,3315,0,44,0,0,0,265,36,1868,0,577,2454,,,,,,,2024-12-01,17631,3359,37.6,4899
MSitAE-DECEMBER-2024,RWJ,NHS ENGLAND NORTH WEST,STOCKPORT NHS FOUNDATION TRUST,7831,0,1051,303,0,77,3273,0,47,107,0,2,720,479,2783,0,76,803,,,,,,,2024-12-01,8882,3320,58.2,3662
MSitAE-DECEMBER-2024,RWP,NHS ENGLAND MIDLANDS,WORCESTERSHIRE ACUTE HOSPITALS NHS TRUST,13483,0,4876,0,0,0,8592,0,38,0,0,0,1186,525,2916,0,0,821,,,,,,,2024-12-01,18359,8630,36.3,3737
MSitAE-DECEMBER-2024,RXC,NHS ENGLAND SOUTH EAST,EAST SUSSEX HEALTHCARE NHS TRUST,8642,0,2048,2195,0,1681,4456,0,89,0,0,0,275,42,3232,0,0,343,,,,,,,2024-12-01,10690,4545,48.4,3575
MSitAE-DECEMBER-2024,RXL,NHS ENGLAND NORTH WEST,BLACKPOOL TEACHING HOSPITALS NHS FOUNDATION TRUST,9075,0,9684,346,0,336,4300,0,110,105,0,0,438,748,2688,0,0,1571,,,,,,,2024-12-01,18759,4410,52.6,4259
MSitAE-DECEMBER-2024,RY7,NHS ENGLAND NORTH WEST,WIRRAL COMMUNITY HEALTH AND CARE NHS FOUNDATION TRUST,0,0,4247,0,0,0,0,0,236,0,0,0,0,0,0,0,0,0,,,,,,,2024-12-01,4247,236,,0
MSitAE-DECEMBER-2024,RYG,NHS ENGLAND MIDLANDS,COVENTRY AND WARWICKSHIRE PARTNERSHIP NHS TRUST,0,0,0,0,0,0,0,0,0,0,0,0,0,0,0,0,5,68,,,,,,,2024-12-01,0,0,,73
MSitAE-DECEMBER-2024,RYJ,NHS ENGLAND LONDON,IMPERIAL COLLEGE HEALTHCARE NHS TRUST,12417,3351,7386,0,0,506,5230,1,641,0,0,0,726,409,3792,0,0,1138,,,,,,,2024-12-01,23154,5872,57.9,4930
MSitAE-DECEMBER-2024,AD913,NHS ENGLAND LONDON,BECKENHAM BEACON UCC,0,0,3976,0,0,76,0,0,76,0,0,0,0,0,0,0,0,0,,,,,,,2024-12-01,3976,76,,0
MSitAE-DECEMBER-2024,R1H,NHS ENGLAND LONDON,BARTS HEALTH NHS TRUST,25805,865,18338,0,0,0,11989,43,1333,0,0,0,1156,1199,4669,4,25,1206,,,,,,,2024-12-01,45008,13365,53.5,5904
MSitAE-DECEMBER-2024,R1K,NHS ENGLAND LONDON,LONDON NORTH WEST UNIVERSITY HEALTHCARE NHS TRUST,14095,0,15063,0,0,0,8643,0,364,0,0,0,808,615,6234,0,0,163,,,,,,,2024-12-01,29158,9007,38.7,6397
MSitAE-DECEMBER-2024,RBN,NHS ENGLAND NORTH WEST,MERSEY AND WEST LANCASHIRE TEACHING HOSPITALS NHS TRUST,16950,0,7181,538,0,0,6749,0,214,94,0,0,594,426,7586,0,0,600,,,,,,,2024-12-01,24131,6963,60.2,8186
MSitAE-DECEMBER-2024,RBV,NHS ENGLAND NORTH WEST,THE CHRISTIE NHS FOUNDATION TRUST,0,0,0,0,0,0,0,0,0,0,0,0,0,0,0,0,0,716,,,,,,,2024-12-01,0,0,,716
MSitAE-DECEMBER-2024,RDE,NHS ENGLAND EAST OF ENGLAND,EAST SUFFOLK AND NORTH ESSEX NHS FOUNDATION TRUST,13344,0,15606,990,0,695,7644,0,371,0,0,0,1239,851,6620,0,468,1054,,,,,,,2024-12-01,28950,8015,42.7,8142
MSitAE-DECEMBER-2024,RDR,NHS ENGLAND SOUTH EAST,SUSSEX COMMUNITY NHS FOUNDATION TRUST,0,0,11386,0,0,0,0,0,139,0,0,0,0,0,0,0,0,0,,,,,,,2024-12-01,11386,139,,0
MSitAE-DECEMBER-2024,RDU,NHS ENGLAND SOUTH EAST,FRIMLEY HEALTH NHS FOUNDATION TRUST,23744,760,11284,0,0,0,9813,0,348,0,0,0,1562,328,6492,0,0,112,,,,,,,2024-12-01,35788,10161,58.7,6604
MSitAE-DECEMBER-2024,RF4,NHS ENGLAND LONDON,"BARKING, HAVERING AND REDBRIDGE UNIVERSITY HOSPITALS NHS TRUST",14055,2222,14557,0,0,0,6446,184,174,0,0,0,727,951,7952,0,0,411,,,,,,,2024-12-01,30834,6804,54.1,8363
MSitAE-DECEMBER-2024,RFR,NHS ENGLAND NORTH EAST AND YORKSHIRE,THE ROTHERHAM NHS FOUNDATION TRUST,9222,0,0,0,0,0,3883,0,0,0,0,0,727,74,2039,0,0,333,,,,,,,2024-12-01,9222,3883,57.9,2372
MSitAE-DECEMBER-2024,RGN,NHS ENGLAND EAST OF ENGLAND,NORTH WEST ANGLIA NHS FOUNDATION TRUST,15552,0,4302,340,0,529,7545,0,288,108,0,32,591,710,3779,0,30,1702,,,,,,,2024-12-01,19854,7833,51.5,5511
MSitAE-DECEMBER-2024,RGP,NHS ENGLAND EAST OF ENGLAND,JAMES PAGET UNIVERSITY HOSPITALS NHS FOUNDATION TRUST,7082,0,1467,0,0,0,3242,0,0,0,0,0,532,428,1651,0,0,424,,,,,,,2024-12-01,8549,3242,54.2,2075
MSitAE-DECEMBER-2024,RGT,NHS ENGLAND EAST OF ENGLAND,CAMBRIDGE UNIVERSITY HOSPITALS NHS FOUNDATION TRUST,10649,0,5400,309,0,325,5205,0,84,96,0,4,605,606,2930,0,26,441,,,,,,,2024-12-01,16049,5289,51.1,3397
MSitAE-DECEMBER-2024,RH8,NHS ENGLAND SOUTH WEST,ROYAL DEVON UNIVERSITY HEALTHCARE NHS FOUNDATION TRUST,12262,0,3964,1334,0,89,5734,0,12,544,0,0,1768,135,4147,0,0,2002,,,,,,,2024-12-01,16226,5746,53.2,6149
MSitAE-DECEMBER-2024,RHU,NHS ENGLAND SOUTH EAST,PORTSMOUTH HOSPITALS UNIVERSITY NATIONAL HEALTH SERVICE TRUST,10244,788,2667,1623,0,898,5116,1,111,659,0,15,1513,118,3600,0,0,2420,,,,,,,2024-12-01,13699,5228,50.1,6020
MSitAE-DECEMBER-2024,RK5,NHS ENGLAND MIDLANDS,SHERWOOD FOREST HOSPITALS NHS FOUNDATION TRUST,10440,0,5875,397,0,153,5527,0,732,201,0,7,886,294,3797,0,0,251,,,,,,,2024-12-01,16315,6259,47.1,4048
MSitAE-DECEMBER-2024,RLT,NHS ENGLAND MIDLANDS,GEORGE ELIOT HOSPITAL NHS TRUST,7472,0,1626,0,0,0,2886,0,5,0,0,0,507,345,1248,0,0,0,,,,,,,2024-12-01,9098,2891,61.4,1248
MSitAE-DECEMBER-2024,RP5,NHS ENGLAND NORTH EAST AND YORKSHIRE,DONCASTER AND BASSETLAW TEACHING HOSPITALS NHS FOUNDATION TRUST,13547,0,4329,0,0,0,5359,0,2,0,0,0,1212,288,4414,0,506,1162,,,,,,,2024-12-01,17876,5361,60.4,6082
MSitAE-DECEMBER-2024,RQM,NHS ENGLAND LONDON,CHELSEA AND WESTMINSTER HOSPITAL NHS FOUNDATION TRUST,20077,0,6731,530,0,0,6433,0,239,0,0,0,1078,62,2779,0,0,361,,,,,,,2024-12-01,26808,6672,68.0,3140
MSitAE-DECEMBER-2024,RRF,NHS ENGLAND NORTH WEST,"WRIGHTINGTON, WIGAN AND LEIGH NHS FOUNDATION TRUST",7302,0,5612,0,0,0,4001,0,89,0,0,0,1155,508,2083,0,0,807,,,,,,,2024-12-01,12914,4090,45.2,2890
MSitAE-DECEMBER-2024,RRV,NHS ENGLAND LONDON,UNIVERSITY COLLEGE LONDON HOSPITALS NHS FOUNDATION TRUST,12822,0,0,399,0,0,3911,0,0,0,0,0,392,184,1387,0,0,262,,,,,,,2024-12-01,12822,3911,69.5,1649
MSitAE-DECEMBER-2024,RTD,NHS ENGLAND NORTH EAST AND YORKSHIRE,THE NEWCASTLE UPON TYNE HOSPITALS NHS FOUNDATION TRUST,12259,1430,5573,0,0,1004,5013,67,0,0,0,0,639,53,3668,18,0,2877,,,,,,,2024-12-01,19262,5080,59.1,6563
MSitAE-DECEMBER-2024,RTE,NHS ENGLAND SOUTH WEST,GLOUCESTERSHIRE HOSPITALS NHS FOUNDATION TRUST,13604,0,0,189,0,0,5318,0,0,42,0,0,444,536,2700,0,0,2168,,,,,,,2024-12-01,13604,5318,60.9,4868
MSitAE-DECEMBER-2024,RWD,NHS ENGLAND MIDLANDS,UNITED LINCOLNSHIRE TEACHING HOSPITALS NHS TRUST,11294,0,9925,0,0,0,6830,0,1564,0,0,0,1093,1049,4770,0,0,1057,,,,,,,2024-12-01,21219,8394,39.5,5827
MSitAE-DECEMBER-2024,RWH,NHS ENGLAND EAST OF ENGLAND,EAST AND NORTH HERTFORDSHIRE NHS TRUST,9297,0,7603,0,0,0,5480,0,168,0,0,0,681,247,2953,0,20,227,,,,,,,2024-12-01,16900,5648,41.1,3200
MSitAE-DECEMBER-2024,RWX,NHS ENGLAND SOUTH EAST,BERKSHIRE HEALTHCARE NHS FOUNDATION TRUST,0,0,1133,0,0,0,0,0,11,0,0,0,0,0,0,0,32,0,,,,,,,2024-12-01,1133,11,,32
MSitAE-DECEMBER-2024,RXP,NHS ENGLAND NORTH EAST AND YORKSHIRE,COUNTY DURHAM AND DARLINGTON NHS FOUNDATION TRUST,12913,0,4414,0,0,8470,5933,0,0,0,0,0,2346,17,4607,0,0,740,,,,,,,2024-12-01,17327,5933,54.1,5347
MSitAE-DECEMBER-2024,Y03218,NHS ENGLAND LONDON,THE PINN UNREGISTERED WIC,0,0,1035,0,0,0,0,0,0,0,0,0,0,0,0,0,0,0,,,,,,,2024-12-01,1035,0,,0
MSitAE-DECEMBER-2024,RAP,NHS ENGLAND LONDON,NORTH MIDDLESEX UNIVERSITY HOSPITAL NHS TRUST,8518,407,7549,75,0,87,4980,1,1019,39,0,10,250,853,1412,0,136,64,,,,,,,2024-12-01,16474,6000,41.5,1612
MSitAE-DECEMBER-2024,RAS,NHS ENGLAND LONDON,THE HILLINGDON HOSPITALS NHS FOUNDATION TRUST,6404,0,6714,0,0,0,3832,0,155,0,0,0,724,43,2017,0,0,76,,,,,,,2024-12-01,13118,3987,40.2,2093
MSitAE-DECEMBER-2024,RBL,NHS ENGLAND NORTH WEST,WIRRAL UNIVERSITY TEACHING HOSPITAL NHS FOUNDATION TRUST,7469,0,3156,0,0,216,4066,0,93,0,0,8,401,794,2141,0,0,1699,,,,,,,2024-12-01,10625,4159,45.6,3840
MSitAE-DECEMBER-2024,RBS,NHS ENGLAND NORTH WEST,ALDER HEY CHILDREN'S NHS FOUNDATION TRUST,6181,0,0,0,0,0,1180,0,0,0,0,0,0,0,905,0,0,312,,,,,,,2024-12-01,6181,1180,80.9,1217
MSitAE-DECEMBER-2024,RD1,NHS ENGLAND SOUTH WEST,ROYAL UNITED HOSPITALS BATH NHS FOUNDATION TRUST,8580,0,0,0,0,0,3891,0,0,0,0,0,798,142,2572,0,8,1699,,,,,,,2024-12-01,8580,3891,54.7,4279
MSitAE-DECEMBER-2024,RM1,NHS ENGLAND EAST OF ENGLAND,NORFOLK AND NORWICH UNIVERSITY HOSPITALS NHS FOUNDATION TRUST,12479,0,8736,0,0,0,4166,0,1,0,0,0,1004,372,2611,0,0,1607,,,,,,,2024-12-01,21215,4167,66.6,4218
MSitAE-DECEMBER-2024,RQX,NHS ENGLAND LONDON,HOMERTON HEALTHCARE NHS FOUNDATION TRUST,11152,0,0,12,0,0,2904,0,0,0,0,0,275,30,1732,0,0,344,,,,,,,2024-12-01,11152,2904,74.0,2076
MSitAE-DECEMBER-2024,RTF,NHS ENGLAND NORTH EAST AND YORKSHIRE,NORTHUMBRIA HEALTHCARE NHS FOUNDATION TRUST,10600,0,12302,0,0,0,3335,0,8,0,0,0,145,6,4033,0,28,491,,,,,,,2024-12-01,22902,3343,68.5,4552
MSitAE-DECEMBER-2024,RVR,NHS ENGLAND LONDON,EPSOM AND ST HELIER UNIVERSITY HOSPITALS NHS TRUST,11728,282,1309,494,0,61,3726,0,117,64,0,2,357,741,2115,1,0,147,,,,,,,2024-12-01,13319,3843,68.2,2263
MSitAE-DECEMBER-2024,RR7,NHS ENGLAND NORTH EAST AND YORKSHIRE,GATESHEAD HEALTH NHS FOUNDATION TRUST,6573,0,3274,26,0,3,3334,0,50,15,0,0,1227,30,1786,0,0,54,,,,,,,2024-12-01,9847,3384,49.3,1840
MSitAE-DECEMBER-2024,RYF,NHS ENGLAND SOUTH WEST,SOUTH WESTERN AMBULANCE SERVICE NHS FOUNDATION TRUST,0,0,1608,0,0,12,0,0,127,0,0,2,0,0,0,0,0,0,,,,,,,2024-12-01,1608,127,,0
MSitAE-DECEMBER-2024,R0A,NHS ENGLAND NORTH WEST,MANCHESTER UNIVERSITY NHS FOUNDATION TRUST,25547,2767,10609,3433,417,960,12940,68,705,1565,9,121,4259,462,5610,148,126,430,,,,,,,2024-12-01,38923,13713,49.3,6314
MSitAE-DECEMBER-2024,RNZ,NHS ENGLAND SOUTH WEST,SALISBURY NHS FOUNDATION TRUST,4682,309,2121,202,0,0,2262,0,0,98,0,0,401,11,1452,0,0,914,,,,,,,2024-12-01,7112,2262,51.7,2366
MSitAE-DECEMBER-2024,RH5,NHS ENGLAND SOUTH WEST,SOMERSET NHS FOUNDATION TRUST,12984,0,9207,0,0,0,6927,0,242,0,0,0,754,349,3339,0,0,1749,,,,,,,2024-12-01,22191,7169,46.6,5088
MSitAE-DECEMBER-2024,RM3,NHS ENGLAND NORTH WEST,NORTHERN CARE ALLIANCE NHS FOUNDATION TRUST,25637,0,9548,0,0,0,11892,0,574,0,0,0,1228,1213,7322,0,375,2054,,,,,,,2024-12-01,35185,12466,53.6,9751
MSitAE-FEBRUARY-2025,AAH,NHS ENGLAND SOUTH WEST,TETBURY HOSPITAL TRUST LTD,0,0,545,0,0,0,0,0,0,0,0,0,0,0,0,0,0,0,,,,,,,2025-02-01,545,0,,0
MSitAE-FEBRUARY-2025,RAN,NHS ENGLAND LONDON,ROYAL NATIONAL ORTHOPAEDIC HOSPITAL NHS TRUST,0,0,0,0,0,0,0,0,0,0,0,0,0,0,0,0,0,28,,,,,,,2025-02-01,0,0,,28
MSitAE-FEBRUARY-2025,RW1,NHS ENGLAND SOUTH EAST,HAMPSHIRE AND ISLE OF WIGHT HEALTHCARE NHS FOUNDATION TRUST,0,0,2518,0,0,0,0,0,37,0,0,0,0,0,0,0,0,119,,,,,,,2025-02-01,2518,37,,119
MSitAE-FEBRUARY-2025,RWY,NHS ENGLAND NORTH EAST AND YORKSHIRE,CALDERDALE AND HUDDERSFIELD NHS FOUNDATION TRUST,14096,0,0,0,0,0,4471,0,0,0,0,0,1144,48,2486,0,0,189,,,,,,,2025-02-01,14096,4471,68.3,2675
MSitAE-FEBRUARY-2025,AJN,NHS ENGLAND NORTH EAST AND YORKSHIRE,WORKINGTON HEALTH LIMITED,0,0,279,0,0,0,0,0,0,0,0,0,0,0,0,0,0,0,,,,,,,2025-02-01,279,0,,0
MSitAE-FEBRUARY-2025,AQN04,NHS ENGLAND SOUTH EAST,PHL LYMINGTON UTC,0,0,2545,0,0,14,0,0,1,0,0,0,0,0,0,0,0,0,,,,,,,2025-02-01,2545,1,,0
MSitAE-FEBRUARY-2025,C82009,NHS ENGLAND MIDLANDS,MARKET HARBOROUGH MED.CTR,0,0,281,0,0,0,0,0,0,0,0,0,0,0,0,0,0,0,,,,,,,2025-02-01,281,0,,0
MSitAE-FEBRUARY-2025,NL7,NHS ENGLAND MIDLANDS,ASSURA VERTIS URGENT CARE CENTRES (BIRMINGHAM),0,0,3811,0,0,0,0,0,0,0,0,0,0,0,0,0,0,0,,,,,,,2025-02-01,3811,0,,0
MSitAE-FEBRUARY-2025,NTV0B,NHS ENGLAND SOUTH EAST,ASHFORD WALK-IN-CENTRE,0,0,2144,0,0,0,0,0,93,0,0,0,0,0,0,0,0,0,,,,,,,2025-02-01,2144,93,,0
MSitAE-FEBRUARY-2025,NTV0W,NHS ENGLAND SOUTH EAST,WOKING WALK IN CENTRE,0,0,2412,0,0,0,0,0,36,0,0,0,0,0,0,0,0,0,,,,,,,2025-02-01,2412,36,,0
MSitAE-FEBRUARY-2025,R1D,NHS ENGLAND MIDLANDS,SHROPSHIRE COMMUNITY HEALTH NHS TRUST,0,0,2653,0,0,0,0,0,0,0,0,0,0,0,0,0,0,0,,,,,,,2025-02-01,2653,0,,0
MSitAE-FEBRUARY-2025,RGP,NHS ENGLAND EAST OF ENGLAND,JAMES PAGET UNIVERSITY HOSPITALS NHS FOUNDATION TRUST,6286,0,1389,0,0,0,2714,0,0,0,0,0,516,450,1459,0,0,466,,,,,,,2025-02-01,7675,2714,56.8,1925
MSitAE-FEBRUARY-2025,RJ8,NHS ENGLAND SOUTH WEST,CORNWALL PARTNERSHIP NHS FOUNDATION TRUST,0,0,0,0,0,0,0,0,0,0,0,0,0,0,0,0,7,61,,,,,,,2025-02-01,0,0,,68
MSitAE-FEBRUARY-2025,RV9,NHS ENGLAND NORTH EAST AND YORKSHIRE,HUMBER TEACHING NHS FOUNDATION TRUST,0,0,965,0,0,33,0,0,0,0,0,0,0,0,0,0,0,0,,,,,,,2025-02-01,965,0,,0
MSitAE-FEBRUARY-2025,RXG,NHS ENGLAND NORTH EAST AND YORKSHIRE,SOUTH WEST YORKSHIRE PARTNERSHIP NHS FOUNDATION TRUST,0,0,0,0,0,0,0,0,0,0,0,0,0,0,0,0,0,116,,,,,,,2025-02-01,0,0,,116
MSitAE-FEBRUARY-2025,RY8,NHS ENGLAND MIDLANDS,DERBYSHIRE COMMUNITY HEALTH SERVICES NHS FOUNDATION TRUST,0,0,5791,0,0,2025,0,0,67,0,0,4,0,0,0,0,0,0,,,,,,,2025-02-01,5791,67,,0
MSitAE-FEBRUARY-2025,RYF,NHS ENGLAND SOUTH WEST,SOUTH WESTERN AMBULANCE SERVICE NHS FOUNDATION TRUST,0,0,1636,0,0,12,0,0,18,0,0,0,0,0,0,0,0,0,,,,,,,2025-02-01,1636,18,,0
MSitAE-FEBRUARY-2025,Y02147,NHS ENGLAND LONDON,URGENT CARE CENTRE (QMS),0,0,7461,0,0,520,0,0,113,0,0,5,0,0,0,0,0,0,,,,,,,2025-02-01,7461,113,,0
MSitAE-FEBRUARY-2025,Y02428,NHS ENGLAND EAST OF ENGLAND,PUTNOE WALK IN CENTRE,0,0,3152,0,0,0,0,0,0,0,0,0,0,0,0,0,0,0,,,,,,,2025-02-01,3152,0,,0
MSitAE-FEBRUARY-2025,Y02615,NHS ENGLAND MIDLANDS,SOUTH BIRMINGHAM GP WALK IN CENTRE,0,0,6625,0,0,0,0,0,0,0,0,0,0,0,0,0,0,0,,,,,,,2025-02-01,6625,0,,0
MSitAE-FEBRUARY-2025,Y02676,NHS ENGLAND SOUTH EAST,BRIGHTON STATION HEALTH CENTRE,0,0,1819,0,0,0,0,0,0,0,0,0,0,0,0,0,0,0,,,,,,,2025-02-01,1819,0,,0
MSitAE-FEBRUARY-2025,Y03218,NHS ENGLAND LONDON,THE PINN UNREGISTERED WIC,0,0,695,0,0,0,0,0,0,0,0,0,0,0,0,0,0,0,,,,,,,2025-02-01,695,0,,0
MSitAE-FEBRUARY-2025,Y07709,NHS ENGLAND SOUTH EAST,READING URGENT CARE CENTRE,0,0,1843,0,0,0,0,0,0,0,0,0,0,0,0,0,0,0,,,,,,,2025-02-01,1843,0,,0
MSitAE-FEBRUARY-2025,ACH01,NHS ENGLAND SOUTH EAST,WHITSTABLE MEDICAL PRACTICE,0,0,4995,0,0,0,0,0,0,0,0,0,0,0,0,0,0,0,,,,,,,2025-02-01,4995,0,,0
MSitAE-FEBRUARY-2025,G0Q0L,NHS ENGLAND LONDON,BARKING HOSPITAL UTC,0,0,2673,0,0,0,0,0,13,0,0,0,0,0,0,0,0,0,,,,,,,2025-02-01,2673,13,,0
MSitAE-FEBRUARY-2025,K6K0R,NHS ENGLAND LONDON,HAROLD WOOD POLYCLINIC UTC,0,0,2654,0,0,0,0,0,7,0,0,0,0,0,0,0,0,0,,,,,,,2025-02-01,2654,7,,0
MSitAE-FEBRUARY-2025,L83087,NHS ENGLAND SOUTH WEST,OKEHAMPTON MEDICAL CENTRE,0,0,69,0,0,0,0,0,0,0,0,0,0,0,0,0,0,0,,,,,,,2025-02-01,69,0,,0
MSitAE-FEBRUARY-2025,NDJ,NHS ENGLAND SOUTH EAST,FIRST COMMUNITY HEALTH AND CARE CIC,0,0,1941,0,0,0,0,0,0,0,0,0,0,0,0,0,0,0,,,,,,,2025-02-01,1941,0,,0
MSitAE-FEBRUARY-2025,NQT51,NHS ENGLAND SOUTH EAST,STATION PLAZA HEALTH CENTRE,0,0,1079,0,0,0,0,0,0,0,0,0,0,0,0,0,0,0,,,,,,,2025-02-01,1079,0,,0
MSitAE-FEBRUARY-2025,NQTE4,NHS ENGLAND MIDLANDS,SUMMERFIELD URGENT CARE CENTRE,0,0,2969,0,0,0,0,0,0,0,0,0,0,0,0,0,0,0,,,,,,,2025-02-01,2969,0,,0
MSitAE-FEBRUARY-2025,RA9,NHS ENGLAND SOUTH WEST,TORBAY AND SOUTH DEVON NHS FOUNDATION TRUST,5532,0,2684,393,0,135,2562,0,22,139,0,0,315,50,1931,0,0,1093,,,,,,,2025-02-01,8216,2584,53.7,3024
MSitAE-FEBRUARY-2025,RFF,NHS ENGLAND NORTH EAST AND YORKSHIRE,BARNSLEY HOSPITAL NHS FOUNDATION TRUST,7870,0,0,25,0,0,3573,0,0,0,0,0,572,5,2644,0,0,466,,,,,,,2025-02-01,7870,3573,54.6,3110
MSitAE-FEBRUARY-2025,RK9,NHS ENGLAND SOUTH WEST,UNIVERSITY HOSPITALS PLYMOUTH NHS TRUST,8072,131,4653,0,0,0,4218,0,101,0,0,0,483,541,2599,0,0,1331,,,,,,,2025-02-01,12856,4319,47.7,3930
MSitAE-FEBRUARY-2025,RNQ,NHS ENGLAND MIDLANDS,KETTERING GENERAL HOSPITAL NHS FOUNDATION TRUST,8945,0,7965,308,0,0,3468,0,128,0,0,0,1280,0,1724,0,0,239,,,,,,,2025-02-01,16910,3596,61.2,1963
MSitAE-FEBRUARY-2025,RTP,NHS ENGLAND SOUTH EAST,SURREY AND SUSSEX HEALTHCARE NHS TRUST,9094,0,0,0,0,0,3108,0,0,0,0,0,359,661,2785,0,0,874,,,,,,,2025-02-01,9094,3108,65.8,3659
MSitAE-FEBRUARY-2025,RXQ,NHS ENGLAND SOUTH EAST,BUCKINGHAMSHIRE HEALTHCARE NHS TRUST,9887,1090,3215,0,0,0,3010,0,86,0,0,0,231,348,3892,768,0,2063,,,,,,,2025-02-01,14192,3096,69.6,6723
MSitAE-FEBRUARY-2025,8J094,NHS ENGLAND MIDLANDS,BADGER LTD,0,0,0,0,0,1300,0,0,0,0,0,0,0,0,0,0,0,0,,,,,,,2025-02-01,0,0,,0
MSitAE-FEBRUARY-2025,AD913,NHS ENGLAND LONDON,BECKENHAM BEACON UCC,0,0,3301,0,0,273,0,0,48,0,0,48,0,0,0,0,0,0,,,,,,,2025-02-01,3301,48,,0
MSitAE-FEBRUARY-2025,DT301,NHS ENGLAND EAST OF ENGLAND,HERTS URGENT CARE (ASCOTS LANE),0,0,1895,0,0,0,0,0,52,0,0,0,0,0,0,0,0,0,,,,,,,2025-02-01,1895,52,,0
MSitAE-FEBRUARY-2025,NTP11,NHS ENGLAND SOUTH EAST,PRACTICE PLUS GROUP HOSPITAL - SOUTHAMPTON,0,0,4752,0,0,0,0,0,260,0,0,0,0,0,0,0,0,0,,,,,,,2025-02-01,4752,260,,0
MSitAE-FEBRUARY-2025,R0B,NHS ENGLAND NORTH EAST AND YORKSHIRE,SOUTH TYNESIDE AND SUNDERLAND NHS FOUNDATION TRUST,9989,1135,4935,727,0,1424,5171,22,204,384,0,50,740,3,3877,19,0,1332,,,,,,,2025-02-01,16059,5397,48.2,5228
MSitAE-FEBRUARY-2025,RAX,NHS ENGLAND LONDON,KINGSTON AND RICHMOND NHS FOUNDATION TRUST,6478,0,7589,0,0,0,3131,0,182,0,0,0,239,446,2145,0,198,291,,,,,,,2025-02-01,14067,3313,51.7,2634
MSitAE-FEBRUARY-2025,RCD,NHS ENGLAND NORTH EAST AND YORKSHIRE,HARROGATE AND DISTRICT NHS FOUNDATION TRUST,4435,0,792,290,0,16,1388,0,1,56,0,0,206,10,1026,0,0,285,,,,,,,2025-02-01,5227,1389,68.7,1311
MSitAE-FEBRUARY-2025,RJR,NHS ENGLAND NORTH WEST,COUNTESS OF CHESTER HOSPITAL NHS FOUNDATION TRUST,4540,0,1979,0,0,0,2307,0,178,0,0,0,195,660,1613,0,0,1171,,,,,,,2025-02-01,6519,2485,49.2,2784
MSitAE-FEBRUARY-2025,RY5,NHS ENGLAND MIDLANDS,LINCOLNSHIRE COMMUNITY HEALTH SERVICES NHS TRUST,0,0,7310,0,0,0,0,0,168,0,0,0,0,0,0,0,0,0,,,,,,,2025-02-01,7310,168,,0
MSitAE-FEBRUARY-2025,Y02532,NHS ENGLAND NORTH WEST,MIRIAM MINOR EMERGENCY,0,0,1561,0,0,0,0,0,0,0,0,0,0,0,0,0,0,0,,,,,,,2025-02-01,1561,0,,0
MSitAE-FEBRUARY-2025,Y03007,NHS ENGLAND MIDLANDS,ERDINGTON GP HEALTH & WELLBEING WIC,0,0,0,0,0,1637,0,0,0,0,0,0,0,0,0,0,0,0,,,,,,,2025-02-01,0,0,,0
MSitAE-FEBRUARY-2025,RBQ,NHS ENGLAND NORTH WEST,LIVERPOOL HEART AND CHEST HOSPITAL NHS FOUNDATION TRUST,0,0,0,0,0,0,0,0,0,0,0,0,0,0,0,0,0,157,,,,,,,2025-02-01,0,0,,157
MSitAE-FEBRUARY-2025,RQX,NHS ENGLAND LONDON,HOMERTON HEALTHCARE NHS FOUNDATION TRUST,10056,0,0,0,0,0,2077,0,0,0,0,0,278,24,1660,0,0,306,,,,,,,2025-02-01,10056,2077,79.3,1966
MSitAE-FEBRUARY-2025,RWG,NHS ENGLAND EAST OF ENGLAND,WEST HERTFORDSHIRE TEACHING HOSPITALS NHS TRUST,7727,0,6510,0,0,753,2887,0,137,0,0,0,816,17,3978,0,0,571,,,,,,,2025-02-01,14237,3024,62.6,4549
MSitAE-FEBRUARY-2025,RXW,NHS ENGLAND MIDLANDS,THE SHREWSBURY AND TELFORD HOSPITAL NHS TRUST,9128,0,2405,0,0,0,5301,0,167,0,0,0,335,1130,2699,0,199,2030,,,,,,,2025-02-01,11533,5468,41.9,4928
MSitAE-FEBRUARY-2025,Y00751,NHS ENGLAND SOUTH EAST,EAST BERKS PRIMARY CARE OOH(WAM),0,0,0,0,0,0,0,0,0,0,0,0,0,0,0,0,0,0,,,,,,,2025-02-01,0,0,,0
MSitAE-FEBRUARY-2025,AXG,NHS ENGLAND SOUTH WEST,WILTSHIRE HEALTH & CARE,0,0,2090,0,0,0,0,0,17,0,0,0,0,0,0,0,0,0,,,,,,,2025-02-01,2090,17,,0
MSitAE-FEBRUARY-2025,C82038,NHS ENGLAND MIDLANDS,LATHAM HOUSE MEDICAL PRACTICE,0,0,278,0,0,0,0,0,0,0,0,0,0,0,0,0,0,0,,,,,,,2025-02-01,278,0,,0
MSitAE-FEBRUARY-2025,RDY,NHS ENGLAND SOUTH WEST,DORSET HEALTHCARE UNIVERSITY NHS FOUNDATION TRUST,0,0,0,0,0,0,0,0,0,0,0,0,0,0,0,0,5,0,,,,,,,2025-02-01,0,0,,5
MSitAE-FEBRUARY-2025,REF,NHS ENGLAND SOUTH WEST,ROYAL CORNWALL HOSPITALS NHS TRUST,5765,0,10121,0,0,0,3114,0,487,0,0,0,666,253,2361,0,35,1046,,,,,,,2025-02-01,15886,3601,46.0,3442
MSitAE-FEBRUARY-2025,REM,NHS ENGLAND NORTH WEST,LIVERPOOL UNIVERSITY HOSPITALS NHS FOUNDATION TRUST,14072,1623,7572,370,0,0,6924,71,240,75,0,0,1869,1016,4155,0,0,2206,,,,,,,2025-02-01,23267,7235,50.8,6361
MSitAE-FEBRUARY-2025,RFR,NHS ENGLAND NORTH EAST AND YORKSHIRE,THE ROTHERHAM NHS FOUNDATION TRUST,8181,0,0,0,0,0,2971,0,0,0,0,0,704,55,1742,0,0,200,,,,,,,2025-02-01,8181,2971,63.7,1942
MSitAE-FEBRUARY-2025,RLQ,NHS ENGLAND MIDLANDS,WYE VALLEY NHS TRUST,5233,1036,86,135,0,0,2184,0,0,30,0,0,412,219,1304,0,0,117,,,,,,,2025-02-01,6355,2184,58.3,1421
MSitAE-FEBRUARY-2025,RWP,NHS ENGLAND MIDLANDS,WORCESTERSHIRE ACUTE HOSPITALS NHS TRUST,11492,0,4772,0,0,0,5476,0,27,0,0,0,891,669,2289,0,0,843,,,,,,,2025-02-01,16264,5503,52.3,3132
MSitAE-FEBRUARY-2025,RXK,NHS ENGLAND MIDLANDS,SANDWELL AND WEST BIRMINGHAM HOSPITALS NHS TRUST,10207,1051,7976,423,0,0,4654,149,13,191,0,0,699,354,2253,0,0,483,,,,,,,2025-02-01,19234,4816,54.4,2736
MSitAE-FEBRUARY-2025,RY4,NHS ENGLAND EAST OF ENGLAND,HERTFORDSHIRE COMMUNITY NHS TRUST,0,0,1019,0,0,0,0,0,15,0,0,0,0,0,0,0,0,0,,,,,,,2025-02-01,1019,15,,0
MSitAE-FEBRUARY-2025,NLX,NHS ENGLAND SOUTH WEST,SIRONA CARE & HEALTH,0,0,7473,0,0,356,0,0,340,0,0,45,0,0,0,0,0,0,,,,,,,2025-02-01,7473,340,,0
MSitAE-FEBRUARY-2025,NNJ,NHS ENGLAND MIDLANDS,DHU HEALTH CARE C.I.C,0,0,1821,0,0,0,0,0,1,0,0,0,0,0,0,0,0,0,,,,,,,2025-02-01,1821,1,,0
MSitAE-FEBRUARY-2025,NR3,NHS ENGLAND MIDLANDS,NOTTINGHAM CITYCARE PARTNERSHIP,0,0,5163,0,0,248,0,0,483,0,0,0,0,0,0,0,0,0,,,,,,,2025-02-01,5163,483,,0
MSitAE-FEBRUARY-2025,NTPAD,NHS ENGLAND SOUTH EAST,PRACTICE PLUS GROUP SURGICAL CENTRE - ST MARYS PORTSMOUTH,0,0,5036,0,0,217,0,0,115,0,0,0,0,0,0,0,0,0,,,,,,,2025-02-01,5036,115,,0
MSitAE-FEBRUARY-2025,R0A,NHS ENGLAND NORTH WEST,MANCHESTER UNIVERSITY NHS FOUNDATION TRUST,22416,2738,10287,3339,465,886,10230,98,498,1303,30,83,3764,211,5040,135,147,384,,,,,,,2025-02-01,35441,10826,54.4,5706
MSitAE-FEBRUARY-2025,RBV,NHS ENGLAND NORTH WEST,THE CHRISTIE NHS FOUNDATION TRUST,0,0,0,0,0,0,0,0,0,0,0,0,0,0,0,0,0,722,,,,,,,2025-02-01,0,0,,722
MSitAE-FEBRUARY-2025,RCX,NHS ENGLAND EAST OF ENGLAND,"THE QUEEN ELIZABETH HOSPITAL, KING'S LYNN, NHS FOUNDATION TRUST",6037,0,1069,0,0,0,2929,0,0,0,0,0,270,127,2108,0,0,367,,,,,,,2025-02-01,7106,2929,51.5,2475
MSitAE-FEBRUARY-2025,RDU,NHS ENGLAND SOUTH EAST,FRIMLEY HEALTH NHS FOUNDATION TRUST,19788,936,11742,0,0,0,8753,1,297,0,0,0,1205,472,5632,0,0,100,,,,,,,2025-02-01,32466,9051,55.8,5732
MSitAE-FEBRUARY-2025,RGR,NHS ENGLAND EAST OF ENGLAND,WEST SUFFOLK NHS FOUNDATION TRUST,6671,0,653,57,0,0,2428,0,0,0,0,0,360,489,1557,0,0,334,,,,,,,2025-02-01,7324,2428,63.6,1891
MSitAE-FEBRUARY-2025,RHU,NHS ENGLAND SOUTH EAST,PORTSMOUTH HOSPITALS UNIVERSITY NATIONAL HEALTH SERVICE TRUST,9534,850,2565,1545,0,803,4265,9,67,454,0,13,1127,346,2887,0,0,2536,,,,,,,2025-02-01,12949,4341,55.3,5423
MSitAE-FEBRUARY-2025,RJE,NHS ENGLAND MIDLANDS,UNIVERSITY HOSPITALS OF NORTH MIDLANDS NHS TRUST,12461,478,7582,661,0,676,6989,0,337,344,0,29,636,1275,4837,0,0,2954,,,,,,,2025-02-01,20521,7326,43.9,7791
MSitAE-FEBRUARY-2025,RJN,NHS ENGLAND NORTH WEST,EAST CHESHIRE NHS TRUST,3848,0,0,64,0,66,1970,0,0,0,0,0,172,266,749,0,0,181,,,,,,,2025-02-01,3848,1970,48.8,930
MSitAE-FEBRUARY-2025,RKB,NHS ENGLAND MIDLANDS,UNIVERSITY HOSPITALS COVENTRY AND WARWICKSHIRE NHS TRUST,10786,1500,5717,0,0,0,5345,119,288,0,0,0,77,25,1592,42,46,587,,,,,,,2025-02-01,18003,5752,50.4,2267
MSitAE-FEBRUARY-2025,RMC,NHS ENGLAND NORTH WEST,BOLTON NHS FOUNDATION TRUST,7278,0,3250,96,0,36,3644,0,175,46,0,3,486,454,2256,0,124,956,,,,,,,2025-02-01,10528,3819,49.9,3336
MSitAE-FEBRUARY-2025,RNU,NHS ENGLAND SOUTH EAST,OXFORD HEALTH NHS FOUNDATION TRUST,0,0,3103,0,0,0,0,0,270,0,0,0,0,0,0,0,0,0,,,,,,,2025-02-01,3103,270,,0
MSitAE-FEBRUARY-2025,RPC,NHS ENGLAND SOUTH EAST,QUEEN VICTORIA HOSPITAL NHS FOUNDATION TRUST,0,0,1197,0,0,0,0,0,6,0,0,0,0,0,0,0,3,471,,,,,,,2025-02-01,1197,6,,474
MSitAE-FEBRUARY-2025,RQW,NHS ENGLAND EAST OF ENGLAND,THE PRINCESS ALEXANDRA HOSPITAL NHS TRUST,7328,0,1913,0,0,670,3762,0,0,0,0,0,426,91,1587,0,0,241,,,,,,,2025-02-01,9241,3762,48.7,1828
MSitAE-FEBRUARY-2025,RR7,NHS ENGLAND NORTH EAST AND YORKSHIRE,GATESHEAD HEALTH NHS FOUNDATION TRUST,5241,0,3141,23,0,2,2185,0,28,10,0,0,822,0,1453,0,0,41,,,,,,,2025-02-01,8382,2213,58.3,1494
MSitAE-FEBRUARY-2025,RW4,NHS ENGLAND NORTH WEST,MERSEY CARE NHS FOUNDATION TRUST,0,0,13023,0,0,0,0,0,273,0,0,0,0,0,0,0,0,42,,,,,,,2025-02-01,13023,273,,42
MSitAE-FEBRUARY-2025,RYX,NHS ENGLAND LONDON,CENTRAL LONDON COMMUNITY HEALTHCARE NHS TRUST,0,0,11296,0,0,393,0,0,257,0,0,7,0,0,0,0,0,0,,,,,,,2025-02-01,11296,257,,0
MSitAE-FEBRUARY-2025,NNF09,NHS ENGLAND NORTH EAST AND YORKSHIRE,BRANSHOLME HEALTH CENTRE,0,0,3281,0,0,0,0,0,403,0,0,0,0,0,0,0,0,0,,,,,,,2025-02-01,3281,403,,0
MSitAE-FEBRUARY-2025,NNF16,NHS ENGLAND NORTH EAST AND YORKSHIRE,BRIDLINGTON HOSPITAL,0,0,1248,0,0,0,0,0,18,0,0,0,0,0,0,0,0,0,,,,,,,2025-02-01,1248,18,,0
MSitAE-FEBRUARY-2025,NNF94,NHS ENGLAND NORTH EAST AND YORKSHIRE,EAST RIDING COMMUNITY HOSPITAL,0,0,2515,0,0,0,0,0,221,0,0,0,0,0,0,0,0,0,,,,,,,2025-02-01,2515,221,,0
MSitAE-FEBRUARY-2025,NNFA7,NHS ENGLAND NORTH EAST AND YORKSHIRE,GOOLE & DISTRICT HOSPITAL,0,0,1361,0,0,0,0,0,10,0,0,0,0,0,0,0,0,0,,,,,,,2025-02-01,1361,10,,0
MSitAE-FEBRUARY-2025,NNJ07,NHS ENGLAND MIDLANDS,LOUGHBOROUGH URGENT CARE CENTRE,0,0,5062,0,0,2228,0,0,29,0,0,3,0,0,0,0,0,0,,,,,,,2025-02-01,5062,29,,0
MSitAE-FEBRUARY-2025,NNJ0H,NHS ENGLAND MIDLANDS,LLR EA - THE MERLYN VAZ HEALTH & SOCIAL CARE CENTRE,0,0,156,0,0,1986,0,0,0,0,0,1,0,0,0,0,0,0,,,,,,,2025-02-01,156,0,,0
MSitAE-FEBRUARY-2025,NNJ12,NHS ENGLAND MIDLANDS,MARKET HARBOROUGH,0,0,106,0,0,472,0,0,0,0,0,0,0,0,0,0,0,0,,,,,,,2025-02-01,106,0,,0
MSitAE-FEBRUARY-2025,NNJ13,NHS ENGLAND MIDLANDS,MELTON MOWBRAY,0,0,52,0,0,407,0,0,0,0,0,0,0,0,0,0,0,0,,,,,,,2025-02-01,52,0,,0
MSitAE-FEBRUARY-2025,NNJ14,NHS ENGLAND MIDLANDS,OADBY,0,0,430,0,0,3022,0,0,1,0,0,1,0,0,0,0,0,0,,,,,,,2025-02-01,430,1,,0
MSitAE-FEBRUARY-2025,NNJ15,NHS ENGLAND MIDLANDS,OAKHAM,0,0,64,0,0,349,0,0,0,0,0,0,0,0,0,0,0,0,,,,,,,2025-02-01,64,0,,0
MSitAE-FEBRUARY-2025,NV693,NHS ENGLAND NORTH WEST,ROSSENDALE MIU & OOH,0,0,866,0,0,0,0,0,1,0,0,0,0,0,0,0,0,0,,,,,,,2025-02-01,866,1,,0
MSitAE-FEBRUARY-2025,RA2,NHS ENGLAND SOUTH EAST,ROYAL SURREY COUNTY HOSPITAL NHS FOUNDATION TRUST,6118,0,1243,787,0,19,1866,0,0,171,0,0,312,1,2342,0,0,1039,,,,,,,2025-02-01,7361,1866,69.5,3381
MSitAE-FEBRUARY-2025,RAT,NHS ENGLAND LONDON,NORTH EAST LONDON NHS FOUNDATION TRUST,0,0,1349,0,0,0,0,0,37,0,0,0,0,0,0,0,0,0,,,,,,,2025-02-01,1349,37,,0
MSitAE-FEBRUARY-2025,RD8,NHS ENGLAND EAST OF ENGLAND,MILTON KEYNES UNIVERSITY HOSPITAL NHS FOUNDATION TRUST,7528,0,4659,545,0,146,2948,0,256,211,0,0,735,0,2153,0,0,426,,,,,,,2025-02-01,12187,3204,60.8,2579
MSitAE-FEBRUARY-2025,RF4,NHS ENGLAND LONDON,"BARKING, HAVERING AND REDBRIDGE UNIVERSITY HOSPITALS NHS TRUST",12433,2272,13441,0,0,0,6017,366,143,0,0,0,615,816,7312,0,0,437,,,,,,,2025-02-01,28146,6526,51.6,7749
MSitAE-FEBRUARY-2025,RGN,NHS ENGLAND EAST OF ENGLAND,NORTH WEST ANGLIA NHS FOUNDATION TRUST,13225,0,3915,306,0,461,5764,0,159,85,0,13,389,792,3302,0,37,1499,,,,,,,2025-02-01,17140,5923,56.4,4838
MSitAE-FEBRUARY-2025,RH8,NHS ENGLAND SOUTH WEST,ROYAL DEVON UNIVERSITY HEALTHCARE NHS FOUNDATION TRUST,10851,0,3918,1168,0,51,4790,0,16,477,0,1,1386,79,3104,0,0,1787,,,,,,,2025-02-01,14769,4806,55.9,4891
MSitAE-FEBRUARY-2025,RKE,NHS ENGLAND LONDON,WHITTINGTON HEALTH NHS TRUST,8215,0,0,0,0,0,2725,0,0,0,0,0,215,324,1055,0,0,39,,,,,,,2025-02-01,8215,2725,66.8,1094
MSitAE-FEBRUARY-2025,RL4,NHS ENGLAND MIDLANDS,THE ROYAL WOLVERHAMPTON NHS TRUST,11286,0,7671,78,0,743,3416,0,144,15,0,2,733,567,5182,0,0,930,,,,,,,2025-02-01,18957,3560,69.7,6112
MSitAE-FEBRUARY-2025,RNA,NHS ENGLAND MIDLANDS,THE DUDLEY GROUP NHS FOUNDATION TRUST,8415,0,4049,0,0,664,2555,0,239,0,0,0,1928,28,3464,0,0,2258,,,,,,,2025-02-01,12464,2794,69.6,5722
MSitAE-FEBRUARY-2025,RQM,NHS ENGLAND LONDON,CHELSEA AND WESTMINSTER HOSPITAL NHS FOUNDATION TRUST,17620,0,5691,611,0,0,6091,0,103,0,0,0,1226,43,2563,0,0,353,,,,,,,2025-02-01,23311,6194,65.4,2916
MSitAE-FEBRUARY-2025,RRK,NHS ENGLAND MIDLANDS,UNIVERSITY HOSPITALS BIRMINGHAM NHS FOUNDATION TRUST,31058,282,1534,0,0,267,12580,0,5,0,0,2,2371,1657,9332,0,0,6424,,,,,,,2025-02-01,32874,12585,59.5,15756
MSitAE-FEBRUARY-2025,RTK,NHS ENGLAND SOUTH EAST,ASHFORD AND ST PETER'S HOSPITALS NHS FOUNDATION TRUST,9225,0,0,0,0,0,3070,0,0,0,0,0,464,289,2499,0,0,584,,,,,,,2025-02-01,9225,3070,66.7,3083
MSitAE-FEBRUARY-2025,RTR,NHS ENGLAND NORTH EAST AND YORKSHIRE,SOUTH TEES HOSPITALS NHS FOUNDATION TRUST,6667,0,7880,0,0,1678,3433,0,503,0,0,56,292,11,2411,0,115,2151,,,,,,,2025-02-01,14547,3936,48.5,4677
MSitAE-FEBRUARY-2025,RWE,NHS ENGLAND MIDLANDS,UNIVERSITY HOSPITALS OF LEICESTER NHS TRUST,19778,1807,0,0,0,0,8352,112,0,0,0,0,1303,921,5806,2,0,3425,,,,,,,2025-02-01,21585,8464,57.8,9233
MSitAE-FEBRUARY-2025,RWJ,NHS ENGLAND NORTH WEST,STOCKPORT NHS FOUNDATION TRUST,6843,0,985,305,0,50,2353,0,47,94,0,5,724,240,2525,0,61,822,,,,,,,2025-02-01,7828,2400,65.6,3408
MSitAE-FEBRUARY-2025,RXR,NHS ENGLAND NORTH WEST,EAST LANCASHIRE HOSPITALS NHS TRUST,11973,0,9497,0,0,0,4297,0,648,0,0,0,421,1050,3543,0,93,1588,,,,,,,2025-02-01,21470,4945,64.1,5224
MSitAE-FEBRUARY-2025,RY7,NHS ENGLAND NORTH WEST,WIRRAL COMMUNITY HEALTH AND CARE NHS FOUNDATION TRUST,0,0,3965,0,0,0,0,0,191,0,0,0,0,0,0,0,0,0,,,,,,,2025-02-01,3965,191,,0
MSitAE-FEBRUARY-2025,ARN03,NHS ENGLAND NORTH EAST AND YORKSHIRE,LOCAL CARE DIRECT,0,0,2059,0,0,264,0,0,9,0,0,0,0,0,0,0,0,0,,,,,,,2025-02-01,2059,9,,0
MSitAE-FEBRUARY-2025,R0D,NHS ENGLAND SOUTH WEST,UNIVERSITY HOSPITALS DORSET NHS FOUNDATION TRUST,11840,0,4341,0,0,0,4892,0,0,0,0,0,960,275,3751,1,0,2204,,,,,,,2025-02-01,16181,4892,58.7,5956
MSitAE-FEBRUARY-2025,R1K,NHS ENGLAND LONDON,LONDON NORTH WEST UNIVERSITY HEALTHCARE NHS TRUST,12788,0,13626,0,0,0,6764,0,131,0,0,0,699,547,5893,0,0,339,,,,,,,2025-02-01,26414,6895,47.1,6232
MSitAE-FEBRUARY-2025,RAJ,NHS ENGLAND EAST OF ENGLAND,MID AND SOUTH ESSEX NHS FOUNDATION TRUST,26897,0,3559,23,0,7,9735,0,229,4,0,0,2597,275,7902,0,174,1290,,,,,,,2025-02-01,30456,9964,63.8,9366
MSitAE-FEBRUARY-2025,RAL,NHS ENGLAND LONDON,ROYAL FREE LONDON NHS FOUNDATION TRUST,23137,451,14486,222,5,224,9238,7,909,114,0,31,1105,1691,4254,0,51,687,,,,,,,2025-02-01,38074,10154,60.1,4992
MSitAE-FEBRUARY-2025,RAS,NHS ENGLAND LONDON,THE HILLINGDON HOSPITALS NHS FOUNDATION TRUST,5687,0,5922,0,0,0,3208,0,90,0,0,0,624,94,1715,0,0,51,,,,,,,2025-02-01,11609,3298,43.6,1766
MSitAE-FEBRUARY-2025,RBN,NHS ENGLAND NORTH WEST,MERSEY AND WEST LANCASHIRE TEACHING HOSPITALS NHS TRUST,15299,0,6647,427,0,0,5562,0,133,52,0,0,499,400,7357,0,0,549,,,,,,,2025-02-01,21946,5695,63.6,7906
MSitAE-FEBRUARY-2025,RBT,NHS ENGLAND NORTH WEST,MID CHESHIRE HOSPITALS NHS FOUNDATION TRUST,6236,0,2554,0,0,117,3576,0,44,0,0,22,537,475,1995,0,0,1161,,,,,,,2025-02-01,8790,3620,42.7,3156
MSitAE-FEBRUARY-2025,RC9,NHS ENGLAND EAST OF ENGLAND,BEDFORDSHIRE HOSPITALS NHS FOUNDATION TRUST,14688,0,8042,0,0,957,6486,0,0,0,0,0,80,8,4304,0,0,2198,,,,,,,2025-02-01,22730,6486,55.8,6502
MSitAE-FEBRUARY-2025,RCU,NHS ENGLAND NORTH EAST AND YORKSHIRE,SHEFFIELD CHILDREN'S NHS FOUNDATION TRUST,3892,0,451,272,0,30,355,0,0,20,0,0,7,0,984,0,0,80,,,,,,,2025-02-01,4343,355,90.9,1064
MSitAE-FEBRUARY-2025,REP,NHS ENGLAND NORTH WEST,LIVERPOOL WOMEN'S NHS FOUNDATION TRUST,0,1408,0,0,122,0,0,178,0,0,0,0,0,0,0,97,0,17,,,,,,,2025-02-01,1408,178,,114
MSitAE-FEBRUARY-2025,RJ2,NHS ENGLAND LONDON,LEWISHAM AND GREENWICH NHS TRUST,12884,0,10368,0,0,0,6709,0,1259,0,0,0,1081,750,4406,0,0,1159,,,,,,,2025-02-01,23252,7968,47.9,5565
MSitAE-FEBRUARY-2025,RJC,NHS ENGLAND MIDLANDS,SOUTH WARWICKSHIRE UNIVERSITY NHS FOUNDATION TRUST,7205,0,337,1,0,0,2448,0,0,0,0,0,383,36,2053,0,0,788,,,,,,,2025-02-01,7542,2448,66.0,2841
MSitAE-FEBRUARY-2025,RJL,NHS ENGLAND NORTH EAST AND YORKSHIRE,NORTHERN LINCOLNSHIRE AND GOOLE NHS FOUNDATION TRUST,8126,0,6287,0,0,390,4234,0,42,0,0,1,570,736,5129,0,0,421,,,,,,,2025-02-01,14413,4276,47.9,5550
MSitAE-FEBRUARY-2025,RJZ,NHS ENGLAND LONDON,KING'S COLLEGE HOSPITAL NHS FOUNDATION TRUST,14118,0,8153,45,0,1120,6639,0,171,18,0,0,1404,1069,3307,0,0,329,,,,,,,2025-02-01,22271,6810,53.0,3636
MSitAE-FEBRUARY-2025,RN5,NHS ENGLAND SOUTH EAST,HAMPSHIRE HOSPITALS NHS FOUNDATION TRUST,9858,86,2684,0,0,81,4319,0,96,0,0,0,402,147,3947,10,23,1250,,,,,,,2025-02-01,12628,4415,56.2,5230
MSitAE-FEBRUARY-2025,RN7,NHS ENGLAND SOUTH EAST,DARTFORD AND GRAVESHAM NHS TRUST,10568,0,3847,0,0,0,3504,0,16,0,0,0,484,497,3014,0,0,402,,,,,,,2025-02-01,14415,3520,66.8,3416
MSitAE-FEBRUARY-2025,RNN,NHS ENGLAND NORTH EAST AND YORKSHIRE,NORTH CUMBRIA INTEGRATED CARE NHS FOUNDATION TRUST,7764,0,1625,324,0,32,3698,0,15,78,0,0,708,502,2205,0,0,661,,,,,,,2025-02-01,9389,3713,52.4,2866
MSitAE-FEBRUARY-2025,RNS,NHS ENGLAND MIDLANDS,NORTHAMPTON GENERAL HOSPITAL NHS TRUST,7851,515,2051,1282,0,282,3296,11,205,487,0,24,578,659,2110,0,0,767,,,,,,,2025-02-01,10417,3512,58.0,2877
MSitAE-FEBRUARY-2025,RNZ,NHS ENGLAND SOUTH WEST,SALISBURY NHS FOUNDATION TRUST,4104,276,1584,159,0,0,1929,0,0,79,0,0,477,52,1202,0,0,907,,,,,,,2025-02-01,5964,1929,53.0,2109
MSitAE-FEBRUARY-2025,RR8,NHS ENGLAND NORTH EAST AND YORKSHIRE,LEEDS TEACHING HOSPITALS NHS TRUST,16141,660,11206,7,0,80,7361,0,220,1,0,0,1511,581,3376,0,0,1133,,,,,,,2025-02-01,28007,7581,54.4,4509
MSitAE-FEBRUARY-2025,RTE,NHS ENGLAND SOUTH WEST,GLOUCESTERSHIRE HOSPITALS NHS FOUNDATION TRUST,11528,0,0,199,0,0,4563,0,0,58,0,0,378,423,2435,0,0,2179,,,,,,,2025-02-01,11528,4563,60.4,4614
MSitAE-FEBRUARY-2025,RTQ,NHS ENGLAND SOUTH WEST,GLOUCESTERSHIRE HEALTH AND CARE NHS FOUNDATION TRUST,0,0,6854,0,0,0,0,0,56,0,0,0,0,0,0,0,0,20,,,,,,,2025-02-01,6854,56,,20
MSitAE-FEBRUARY-2025,RVJ,NHS ENGLAND SOUTH WEST,NORTH BRISTOL NHS TRUST,7931,0,0,10,0,0,3221,0,0,4,0,0,379,536,2563,0,0,2324,,,,,,,2025-02-01,7931,3221,59.4,4887
MSitAE-FEBRUARY-2025,RVW,NHS ENGLAND NORTH EAST AND YORKSHIRE,NORTH TEES AND HARTLEPOOL NHS FOUNDATION TRUST,4546,0,10231,0,0,0,2115,0,28,0,0,0,156,1,1581,0,408,2085,,,,,,,2025-02-01,14777,2143,53.5,4074
MSitAE-FEBRUARY-2025,RXC,NHS ENGLAND SOUTH EAST,EAST SUSSEX HEALTHCARE NHS TRUST,7068,0,2211,1705,0,1676,3415,0,115,0,0,0,219,76,2799,0,0,496,,,,,,,2025-02-01,9279,3530,51.7,3295
MSitAE-FEBRUARY-2025,RY2,NHS ENGLAND NORTH WEST,BRIDGEWATER COMMUNITY HEALTHCARE NHS FOUNDATION TRUST,0,0,2711,0,0,146,0,0,154,0,0,8,0,0,0,0,0,0,,,,,,,2025-02-01,2711,154,,0
MSitAE-FEBRUARY-2025,RYG,NHS ENGLAND MIDLANDS,COVENTRY AND WARWICKSHIRE PARTNERSHIP NHS TRUST,0,0,0,0,0,0,0,0,0,0,0,0,0,0,0,0,3,79,,,,,,,2025-02-01,0,0,,82
MSitAE-FEBRUARY-2025,RYR,NHS ENGLAND SOUTH EAST,UNIVERSITY HOSPITALS SUSSEX NHS FOUNDATION TRUST,23507,1239,1249,1582,0,611,9141,31,149,394,0,2,799,962,7732,26,56,1395,,,,,,,2025-02-01,25995,9321,61.1,9209
MSitAE-FEBRUARY-2025,C83023,NHS ENGLAND MIDLANDS,SLEAFORD MEDICAL GROUP,0,0,490,0,0,0,0,0,0,0,0,0,0,0,0,0,0,0,,,,,,,2025-02-01,490,0,,0
MSitAE-FEBRUARY-2025,R1F,NHS ENGLAND SOUTH EAST,ISLE OF WIGHT NHS TRUST,4136,318,1275,22,0,18,1678,0,0,8,0,0,207,68,1161,0,0,103,,,,,,,2025-02-01,5729,1678,59.4,1264
MSitAE-FEBRUARY-2025,R1H,NHS ENGLAND LONDON,BARTS HEALTH NHS TRUST,22906,837,16926,0,0,0,10470,24,1686,0,0,0,1025,962,4110,0,33,1051,,,,,,,2025-02-01,40669,12180,54.3,5194
MSitAE-FEBRUARY-2025,RAE,NHS ENGLAND NORTH EAST AND YORKSHIRE,BRADFORD TEACHING HOSPITALS NHS FOUNDATION TRUST,8651,881,2733,0,0,0,2191,0,2,0,0,0,574,124,2311,0,18,1393,,,,,,,2025-02-01,12265,2193,74.7,3722
MSitAE-FEBRUARY-2025,RBK,NHS ENGLAND MIDLANDS,WALSALL HEALTHCARE NHS TRUST,8257,0,4002,34,0,133,3202,0,113,13,0,0,1173,358,3483,0,0,707,,,,,,,2025-02-01,12259,3315,61.2,4190
MSitAE-FEBRUARY-2025,RBS,NHS ENGLAND NORTH WEST,ALDER HEY CHILDREN'S NHS FOUNDATION TRUST,5570,0,0,0,0,0,1182,0,0,0,0,0,1,0,816,0,0,272,,,,,,,2025-02-01,5570,1182,78.8,1088
MSitAE-FEBRUARY-2025,RCB,NHS ENGLAND NORTH EAST AND YORKSHIRE,YORK AND SCARBOROUGH TEACHING HOSPITALS NHS FOUNDATION TRUST,9502,321,6536,0,0,0,5345,0,191,0,0,0,704,433,4251,0,0,1416,,,,,,,2025-02-01,16359,5536,43.7,5667
MSitAE-FEBRUARY-2025,RCF,NHS ENGLAND NORTH EAST AND YORKSHIRE,AIREDALE NHS FOUNDATION TRUST,5169,217,0,476,0,0,2298,0,0,0,0,0,446,162,1442,0,0,488,,,,,,,2025-02-01,5386,2298,55.5,1930
MSitAE-FEBRUARY-2025,RDE,NHS ENGLAND EAST OF ENGLAND,EAST SUFFOLK AND NORTH ESSEX NHS FOUNDATION TRUST,11244,0,13498,1004,0,568,6074,0,374,0,0,0,993,778,5855,0,359,1040,,,,,,,2025-02-01,24742,6448,46.0,7254
MSitAE-FEBRUARY-2025,RDR,NHS ENGLAND SOUTH EAST,SUSSEX COMMUNITY NHS FOUNDATION TRUST,0,0,10491,0,0,0,0,0,101,0,0,0,0,0,0,0,0,0,,,,,,,2025-02-01,10491,101,,0
MSitAE-FEBRUARY-2025,RFS,NHS ENGLAND MIDLANDS,CHESTERFIELD ROYAL HOSPITAL NHS FOUNDATION TRUST,5996,0,5491,334,0,159,3019,0,296,150,0,12,841,151,2491,0,208,611,,,,,,,2025-02-01,11487,3315,49.6,3310
MSitAE-FEBRUARY-2025,RHM,NHS ENGLAND SOUTH EAST,UNIVERSITY HOSPITAL SOUTHAMPTON NHS FOUNDATION TRUST,10784,1122,0,299,0,0,4900,159,0,137,0,0,481,11,3568,17,0,1465,,,,,,,2025-02-01,11906,5059,54.6,5050
MSitAE-FEBRUARY-2025,RJ1,NHS ENGLAND LONDON,GUY'S AND ST THOMAS' NHS FOUNDATION TRUST,9085,702,6171,0,0,0,3570,20,137,0,0,0,140,19,1883,0,0,232,,,,,,,2025-02-01,15958,3727,60.7,2115
MSitAE-FEBRUARY-2025,RJ6,NHS ENGLAND LONDON,CROYDON HEALTH SERVICES NHS TRUST,11931,0,4589,0,0,0,4204,0,0,0,0,0,286,446,1139,0,0,125,,,,,,,2025-02-01,16520,4204,64.8,1264
MSitAE-FEBRUARY-2025,RK5,NHS ENGLAND MIDLANDS,SHERWOOD FOREST HOSPITALS NHS FOUNDATION TRUST,9495,0,5178,372,0,157,4191,0,493,154,0,4,653,170,3531,0,0,283,,,,,,,2025-02-01,14673,4684,55.9,3814
MSitAE-FEBRUARY-2025,RL1,NHS ENGLAND MIDLANDS,THE ROBERT JONES AND AGNES HUNT ORTHOPAEDIC HOSPITAL NHS FOUNDATION TRUST,0,0,0,0,0,0,0,0,0,0,0,0,0,0,0,0,0,27,,,,,,,2025-02-01,0,0,,27
MSitAE-FEBRUARY-2025,RMP,NHS ENGLAND NORTH WEST,TAMESIDE AND GLOSSOP INTEGRATED CARE NHS FOUNDATION TRUST,7669,0,2834,319,0,90,3540,0,53,0,0,0,540,327,1470,0,0,234,,,,,,,2025-02-01,10503,3593,53.8,1704
MSitAE-FEBRUARY-2025,RP5,NHS ENGLAND NORTH EAST AND YORKSHIRE,DONCASTER AND BASSETLAW TEACHING HOSPITALS NHS FOUNDATION TRUST,12394,0,3649,0,0,0,4429,0,1,0,0,0,1027,124,3496,0,217,1025,,,,,,,2025-02-01,16043,4430,64.3,4738
MSitAE-FEBRUARY-2025,RP6,NHS ENGLAND LONDON,MOORFIELDS EYE HOSPITAL NHS FOUNDATION TRUST,0,5007,0,0,0,0,0,65,0,0,0,0,0,0,0,0,0,186,,,,,,,2025-02-01,5007,65,,186
MSitAE-FEBRUARY-2025,RPA,NHS ENGLAND SOUTH EAST,MEDWAY NHS FOUNDATION TRUST,7722,0,6157,249,0,1184,2739,0,623,75,0,0,269,707,1577,0,0,459,,,,,,,2025-02-01,13879,3362,64.5,2036
MSitAE-FEBRUARY-2025,RRF,NHS ENGLAND NORTH WEST,"WRIGHTINGTON, WIGAN AND LEIGH NHS FOUNDATION TRUST",6655,0,4556,0,0,0,3542,0,73,0,0,0,1015,440,1981,0,0,622,,,,,,,2025-02-01,11211,3615,46.8,2603
MSitAE-FEBRUARY-2025,RTD,NHS ENGLAND NORTH EAST AND YORKSHIRE,THE NEWCASTLE UPON TYNE HOSPITALS NHS FOUNDATION TRUST,11293,1530,4882,0,0,1063,4249,110,5,0,0,0,544,35,3415,17,0,2611,,,,,,,2025-02-01,17705,4364,62.4,6043
MSitAE-FEBRUARY-2025,RTF,NHS ENGLAND NORTH EAST AND YORKSHIRE,NORTHUMBRIA HEALTHCARE NHS FOUNDATION TRUST,8770,0,10454,0,0,0,2769,0,4,0,0,0,116,3,3496,0,16,315,,,,,,,2025-02-01,19224,2773,68.4,3827
MSitAE-FEBRUARY-2025,RTG,NHS ENGLAND MIDLANDS,UNIVERSITY HOSPITALS OF DERBY AND BURTON NHS FOUNDATION TRUST,16929,0,8345,1333,0,22,7999,0,7,318,0,0,905,862,3737,0,1,1787,,,,,,,2025-02-01,25274,8006,52.7,5525
MSitAE-FEBRUARY-2025,RTX,NHS ENGLAND NORTH WEST,UNIVERSITY HOSPITALS OF MORECAMBE BAY NHS FOUNDATION TRUST,8117,0,2267,60,0,1472,2707,0,51,11,0,48,558,382,2905,0,18,856,,,,,,,2025-02-01,10384,2758,66.7,3779
MSitAE-FEBRUARY-2025,RVV,NHS ENGLAND SOUTH EAST,EAST KENT HOSPITALS UNIVERSITY NHS FOUNDATION TRUST,11788,0,11781,0,0,0,5878,0,441,0,0,0,346,1177,2602,0,476,477,,,,,,,2025-02-01,23569,6319,50.1,3555
MSitAE-FEBRUARY-2025,RWA,NHS ENGLAND NORTH EAST AND YORKSHIRE,HULL UNIVERSITY TEACHING HOSPITALS NHS TRUST,8151,0,4608,0,0,0,4986,0,401,0,0,0,924,391,3249,0,0,2011,,,,,,,2025-02-01,12759,5387,38.8,5260
MSitAE-FEBRUARY-2025,RWD,NHS ENGLAND MIDLANDS,UNITED LINCOLNSHIRE TEACHING HOSPITALS NHS TRUST,14759,0,3331,0,0,0,6039,0,598,0,0,0,803,1070,4170,0,0,1118,,,,,,,2025-02-01,18090,6637,59.1,5288
MSitAE-FEBRUARY-2025,RWF,NHS ENGLAND SOUTH EAST,MAIDSTONE AND TUNBRIDGE WELLS NHS TRUST,16890,0,1982,793,0,223,3358,0,13,103,0,2,817,189,4950,0,0,914,,,,,,,2025-02-01,18872,3371,80.1,5864
MSitAE-FEBRUARY-2025,RWW,NHS ENGLAND NORTH WEST,WARRINGTON AND HALTON TEACHING HOSPITALS NHS FOUNDATION TRUST,6149,0,2655,223,0,92,3291,0,62,70,0,4,532,908,1542,0,0,145,,,,,,,2025-02-01,8804,3353,46.5,1687
MSitAE-FEBRUARY-2025,RXL,NHS ENGLAND NORTH WEST,BLACKPOOL TEACHING HOSPITALS NHS FOUNDATION TRUST,7854,0,9854,307,0,322,3654,0,116,91,0,0,377,579,2405,0,0,1471,,,,,,,2025-02-01,17708,3770,53.5,3876
MSitAE-FEBRUARY-2025,RXN,NHS ENGLAND NORTH WEST,LANCASHIRE TEACHING HOSPITALS NHS FOUNDATION TRUST,10449,0,3136,259,0,80,4239,0,162,66,0,3,891,455,2100,0,84,1103,,,,,,,2025-02-01,13585,4401,59.4,3287
MSitAE-FEBRUARY-2025,RXP,NHS ENGLAND NORTH EAST AND YORKSHIRE,COUNTY DURHAM AND DARLINGTON NHS FOUNDATION TRUST,11724,0,3703,0,0,7048,4853,0,0,0,0,0,1764,16,4006,0,0,741,,,,,,,2025-02-01,15427,4853,58.6,4747
MSitAE-FEBRUARY-2025,RA7,NHS ENGLAND SOUTH WEST,UNIVERSITY HOSPITALS BRISTOL AND WESTON NHS FOUNDATION TRUST,13998,2114,0,0,0,0,5660,175,0,0,0,0,1118,664,4689,11,0,1483,,,,,,,2025-02-01,16112,5835,59.6,6183
MSitAE-FEBRUARY-2025,RD1,NHS ENGLAND SOUTH WEST,ROYAL UNITED HOSPITALS BATH NHS FOUNDATION TRUST,7674,0,0,0,0,0,3269,0,0,0,0,0,763,205,2305,0,12,1594,,,,,,,2025-02-01,7674,3269,57.4,3911
MSitAE-FEBRUARY-2025,RET,NHS ENGLAND NORTH WEST,THE WALTON CENTRE NHS FOUNDATION TRUST,0,0,0,0,0,0,0,0,0,0,0,0,0,0,0,0,0,174,,,,,,,2025-02-01,0,0,,174
MSitAE-FEBRUARY-2025,RGT,NHS ENGLAND EAST OF ENGLAND,CAMBRIDGE UNIVERSITY HOSPITALS NHS FOUNDATION TRUST,9643,0,5233,280,0,296,4689,0,44,85,0,7,406,630,2413,0,21,432,,,,,,,2025-02-01,14876,4733,51.4,2866
MSitAE-FEBRUARY-2025,RHQ,NHS ENGLAND NORTH EAST AND YORKSHIRE,SHEFFIELD TEACHING HOSPITALS NHS FOUNDATION TRUST,7927,1109,6570,366,1,1247,4223,0,295,175,0,10,943,8,3372,0,0,2795,,,,,,,2025-02-01,15606,4518,46.7,6167
MSitAE-FEBRUARY-2025,RM1,NHS ENGLAND EAST OF ENGLAND,NORFOLK AND NORWICH UNIVERSITY HOSPITALS NHS FOUNDATION TRUST,10792,0,7401,0,0,0,3503,0,0,0,0,0,902,294,2292,0,0,1500,,,,,,,2025-02-01,18193,3503,67.5,3792
MSitAE-FEBRUARY-2025,RN3,NHS ENGLAND SOUTH WEST,GREAT WESTERN HOSPITALS NHS FOUNDATION TRUST,4962,0,4772,0,0,0,2388,0,288,0,0,0,403,378,2201,0,0,1323,,,,,,,2025-02-01,9734,2676,51.9,3524
MSitAE-FEBRUARY-2025,RRV,NHS ENGLAND LONDON,UNIVERSITY COLLEGE LONDON HOSPITALS NHS FOUNDATION TRUST,11981,0,0,367,0,0,3195,0,0,0,0,0,309,203,1231,0,0,252,,,,,,,2025-02-01,11981,3195,73.3,1483
MSitAE-FEBRUARY-2025,RVR,NHS ENGLAND LONDON,EPSOM AND ST HELIER UNIVERSITY HOSPITALS NHS TRUST,9712,355,1226,444,1,39,3009,0,72,54,0,0,243,652,1793,4,0,123,,,,,,,2025-02-01,11293,3081,69.0,1920
MSitAE-FEBRUARY-2025,RWH,NHS ENGLAND EAST OF ENGLAND,EAST AND NORTH HERTFORDSHIRE NHS TRUST,8035,0,6880,0,0,0,4478,0,127,0,0,0,254,267,2493,0,5,226,,,,,,,2025-02-01,14915,4605,44.3,2724
MSitAE-FEBRUARY-2025,RWX,NHS ENGLAND SOUTH EAST,BERKSHIRE HEALTHCARE NHS FOUNDATION TRUST,0,0,1173,0,0,0,0,0,9,0,0,0,0,0,0,0,23,0,,,,,,,2025-02-01,1173,9,,23
MSitAE-FEBRUARY-2025,RHW,NHS ENGLAND SOUTH EAST,ROYAL BERKSHIRE NHS FOUNDATION TRUST,9494,2262,2057,818,17,0,3716,15,0,331,0,0,528,12,2192,1,0,405,,,,,,,2025-02-01,13813,3731,60.9,2598
MSitAE-FEBRUARY-2025,RQ3,NHS ENGLAND MIDLANDS,BIRMINGHAM WOMEN'S AND CHILDREN'S NHS FOUNDATION TRUST,4700,0,0,0,0,0,982,0,0,0,0,0,0,6,979,0,0,134,,,,,,,2025-02-01,4700,982,79.1,1113
MSitAE-FEBRUARY-2025,RTH,NHS ENGLAND SOUTH EAST,OXFORD UNIVERSITY HOSPITALS NHS FOUNDATION TRUST,11154,1621,2142,1587,0,86,4359,0,2,490,0,0,836,0,3945,102,6,4035,,,,,,,2025-02-01,14917,4361,60.9,8088
MSitAE-FEBRUARY-2025,RJ7,NHS ENGLAND LONDON,ST GEORGE'S UNIVERSITY HOSPITALS NHS FOUNDATION TRUST,8065,0,2886,492,0,0,2134,0,0,55,0,0,453,738,2380,0,0,672,,,,,,,2025-02-01,10951,2134,73.5,3052
MSitAE-FEBRUARY-2025,RLT,NHS ENGLAND MIDLANDS,GEORGE ELIOT HOSPITAL NHS TRUST,6292,0,1466,0,0,0,2296,0,62,0,0,0,316,392,982,0,0,1,,,,,,,2025-02-01,7758,2358,63.5,983
MSitAE-FEBRUARY-2025,RXF,NHS ENGLAND NORTH EAST AND YORKSHIRE,MID YORKSHIRE TEACHING NHS TRUST,14812,119,5233,112,0,63,6475,0,387,2,0,0,2042,458,3169,0,125,792,,,,,,,2025-02-01,20164,6862,56.3,4086
MSitAE-FEBRUARY-2025,RBD,NHS ENGLAND SOUTH WEST,DORSET COUNTY HOSPITAL NHS FOUNDATION TRUST,3471,0,0,341,0,3557,1509,0,0,101,0,6,192,24,1548,0,0,493,,,,,,,2025-02-01,3471,1509,56.5,2041
MSitAE-FEBRUARY-2025,RM3,NHS ENGLAND NORTH WEST,NORTHERN CARE ALLIANCE NHS FOUNDATION TRUST,22781,0,8419,0,0,0,9896,0,408,0,0,0,1156,1005,6566,0,314,1919,,,,,,,2025-02-01,31200,10304,56.6,8799
MSitAE-FEBRUARY-2025,RBL,NHS ENGLAND NORTH WEST,WIRRAL UNIVERSITY TEACHING HOSPITAL NHS FOUNDATION TRUST,6626,0,2815,0,0,187,3677,0,27,0,0,2,346,871,1781,0,0,1567,,,,,,,2025-02-01,9441,3704,44.5,3348
MSitAE-FEBRUARY-2025,RYJ,NHS ENGLAND LONDON,IMPERIAL COLLEGE HEALTHCARE NHS TRUST,11067,3367,6469,0,0,431,4982,39,361,0,0,0,617,364,3265,0,0,1042,,,,,,,2025-02-01,20903,5382,55.0,4307
MSitAE-FEBRUARY-2025,NQT5F,NHS ENGLAND NORTH WEST,SKELMERSDALE WALK IN CENTRE,0,0,1730,0,0,0,0,0,6,0,0,0,0,0,0,0,0,0,,,,,,,2025-02-01,1730,6,,0
MSitAE-FEBRUARY-2025,NQT5H,NHS ENGLAND SOUTH WEST,PAULTON MEMORIAL HOSPITAL,0,0,913,0,0,0,0,0,5,0,0,0,0,0,0,0,0,0,,,,,,,2025-02-01,913,5,,0
MSitAE-FEBRUARY-2025,RX1,NHS ENGLAND MIDLANDS,NOTTINGHAM UNIVERSITY HOSPITALS NHS TRUST,14519,1625,882,0,0,0,7643,70,301,0,0,0,214,509,4242,0,0,3931,,,,,,,2025-02-01,17026,8014,47.4,8173
MSitAE-FEBRUARY-2025,RH5,NHS ENGLAND SOUTH WEST,SOMERSET NHS FOUNDATION TRUST,10816,0,8601,0,0,0,5066,0,168,0,0,0,575,271,2698,0,0,1604,,,,,,,2025-02-01,19417,5234,53.2,4302
MSitAE-FEBRUARY-2025,RYY,NHS ENGLAND SOUTH EAST,KENT COMMUNITY HEALTH NHS FOUNDATION TRUST,0,0,8561,0,0,0,0,0,43,0,0,0,0,0,0,0,0,0,,,,,,,2025-02-01,8561,43,,0
MSitAE-JANUARY-2025,AQN04,NHS ENGLAND SOUTH EAST,PHL LYMINGTON UTC,0,0,2652,0,0,5,0,0,3,0,0,0,0,0,0,0,0,0,,,,,,,2025-01-01,2652,3,,0
MSitAE-JANUARY-2025,RAN,NHS ENGLAND LONDON,ROYAL NATIONAL ORTHOPAEDIC HOSPITAL NHS TRUST,0,0,0,0,0,0,0,0,0,0,0,0,0,0,0,0,0,45,,,,,,,2025-01-01,0,0,,45
MSitAE-JANUARY-2025,RWY,NHS ENGLAND NORTH EAST AND YORKSHIRE,CALDERDALE AND HUDDERSFIELD NHS FOUNDATION TRUST,14485,0,0,0,0,0,4954,0,0,0,0,0,1427,33,2970,0,0,219,,,,,,,2025-01-01,14485,4954,65.8,3189
MSitAE-JANUARY-2025,Y00751,NHS ENGLAND SOUTH EAST,EAST BERKS PRIMARY CARE OOH(WAM),0,0,0,0,0,0,0,0,0,0,0,0,0,0,0,0,0,0,,,,,,,2025-01-01,0,0,,0
MSitAE-JANUARY-2025,AAH,NHS ENGLAND SOUTH WEST,TETBURY HOSPITAL TRUST LTD,0,0,599,0,0,0,0,0,0,0,0,0,0,0,0,0,0,0,,,,,,,2025-01-01,599,0,,0
MSitAE-JANUARY-2025,AJN,NHS ENGLAND NORTH EAST AND YORKSHIRE,WORKINGTON HEALTH LIMITED,0,0,313,0,0,0,0,0,0,0,0,0,0,0,0,0,0,0,,,,,,,2025-01-01,313,0,,0
MSitAE-JANUARY-2025,C82038,NHS ENGLAND MIDLANDS,LATHAM HOUSE MEDICAL PRACTICE,0,0,305,0,0,0,0,0,0,0,0,0,0,0,0,0,0,0,,,,,,,2025-01-01,305,0,,0
MSitAE-JANUARY-2025,NDJ,NHS ENGLAND SOUTH EAST,FIRST COMMUNITY HEALTH AND CARE CIC,0,0,2070,0,0,0,0,0,0,0,0,0,0,0,0,0,0,0,,,,,,,2025-01-01,2070,0,,0
MSitAE-JANUARY-2025,NQT5F,NHS ENGLAND NORTH WEST,SKELMERSDALE WALK IN CENTRE,0,0,1730,0,0,0,0,0,6,0,0,0,0,0,0,0,0,0,,,,,,,2025-01-01,1730,6,,0
MSitAE-JANUARY-2025,NQT5H,NHS ENGLAND SOUTH WEST,PAULTON MEMORIAL HOSPITAL,0,0,913,0,0,0,0,0,5,0,0,0,0,0,0,0,0,0,,,,,,,2025-01-01,913,5,,0
MSitAE-JANUARY-2025,NTP11,NHS ENGLAND SOUTH EAST,PRACTICE PLUS GROUP HOSPITAL - SOUTHAMPTON,0,0,5148,0,0,0,0,0,268,0,0,0,0,0,0,0,0,0,,,,,,,2025-01-01,5148,268,,0
MSitAE-JANUARY-2025,NTV0B,NHS ENGLAND SOUTH EAST,ASHFORD WALK-IN-CENTRE,0,0,2292,0,0,0,0,0,91,0,0,0,0,0,0,0,0,0,,,,,,,2025-01-01,2292,91,,0
MSitAE-JANUARY-2025,NTV0W,NHS ENGLAND SOUTH EAST,WOKING WALK IN CENTRE,0,0,2535,0,0,0,0,0,48,0,0,0,0,0,0,0,0,0,,,,,,,2025-01-01,2535,48,,0
MSitAE-JANUARY-2025,RBT,NHS ENGLAND NORTH WEST,MID CHESHIRE HOSPITALS NHS FOUNDATION TRUST,6632,0,2710,0,0,52,4017,0,48,0,0,5,545,724,2149,0,0,1294,,,,,,,2025-01-01,9342,4065,39.4,3443
MSitAE-JANUARY-2025,RGP,NHS ENGLAND EAST OF ENGLAND,JAMES PAGET UNIVERSITY HOSPITALS NHS FOUNDATION TRUST,6535,0,1515,0,0,0,3057,0,0,0,0,0,606,456,1611,0,0,498,,,,,,,2025-01-01,8050,3057,53.2,2109
MSitAE-JANUARY-2025,RJ8,NHS ENGLAND SOUTH WEST,CORNWALL PARTNERSHIP NHS FOUNDATION TRUST,0,0,0,0,0,0,0,0,0,0,0,0,0,0,0,0,10,81,,,,,,,2025-01-01,0,0,,91
MSitAE-JANUARY-2025,RJN,NHS ENGLAND NORTH WEST,EAST CHESHIRE NHS TRUST,4011,0,0,78,0,59,2049,0,0,0,0,0,154,451,784,0,0,208,,,,,,,2025-01-01,4011,2049,48.9,992
MSitAE-JANUARY-2025,RV9,NHS ENGLAND NORTH EAST AND YORKSHIRE,HUMBER TEACHING NHS FOUNDATION TRUST,0,0,974,0,0,29,0,0,6,0,0,0,0,0,0,0,0,0,,,,,,,2025-01-01,974,6,,0
MSitAE-JANUARY-2025,RXG,NHS ENGLAND NORTH EAST AND YORKSHIRE,SOUTH WEST YORKSHIRE PARTNERSHIP NHS FOUNDATION TRUST,0,0,0,0,0,0,0,0,0,0,0,0,0,0,0,0,0,104,,,,,,,2025-01-01,0,0,,104
MSitAE-JANUARY-2025,RY7,NHS ENGLAND NORTH WEST,WIRRAL COMMUNITY HEALTH AND CARE NHS FOUNDATION TRUST,0,0,4232,0,0,0,0,0,265,0,0,0,0,0,0,0,0,0,,,,,,,2025-01-01,4232,265,,0
MSitAE-JANUARY-2025,RYF,NHS ENGLAND SOUTH WEST,SOUTH WESTERN AMBULANCE SERVICE NHS FOUNDATION TRUST,0,0,1619,0,0,16,0,0,35,0,0,0,0,0,0,0,0,0,,,,,,,2025-01-01,1619,35,,0
MSitAE-JANUARY-2025,Y02532,NHS ENGLAND NORTH WEST,MIRIAM MINOR EMERGENCY,0,0,1666,0,0,0,0,0,8,0,0,0,0,0,0,0,0,0,,,,,,,2025-01-01,1666,8,,0
MSitAE-JANUARY-2025,Y02615,NHS ENGLAND MIDLANDS,SOUTH BIRMINGHAM GP WALK IN CENTRE,0,0,7079,0,0,0,0,0,0,0,0,0,0,0,0,0,0,0,,,,,,,2025-01-01,7079,0,,0
MSitAE-JANUARY-2025,8J094,NHS ENGLAND MIDLANDS,BADGER LTD,0,0,0,0,0,1429,0,0,0,0,0,0,0,0,0,0,0,0,,,,,,,2025-01-01,0,0,,0
MSitAE-JANUARY-2025,NQTE4,NHS ENGLAND MIDLANDS,SUMMERFIELD URGENT CARE CENTRE,0,0,3194,0,0,0,0,0,0,0,0,0,0,0,0,0,0,0,,,,,,,2025-01-01,3194,0,,0
MSitAE-JANUARY-2025,RBQ,NHS ENGLAND NORTH WEST,LIVERPOOL HEART AND CHEST HOSPITAL NHS FOUNDATION TRUST,0,0,0,0,0,0,0,0,0,0,0,0,0,0,0,0,0,187,,,,,,,2025-01-01,0,0,,187
MSitAE-JANUARY-2025,RCD,NHS ENGLAND NORTH EAST AND YORKSHIRE,HARROGATE AND DISTRICT NHS FOUNDATION TRUST,4739,0,836,361,0,42,1550,0,0,78,0,0,460,90,1173,0,0,289,,,,,,,2025-01-01,5575,1550,67.3,1462
MSitAE-JANUARY-2025,REM,NHS ENGLAND NORTH WEST,LIVERPOOL UNIVERSITY HOSPITALS NHS FOUNDATION TRUST,14224,1684,7490,499,0,0,6639,24,122,78,0,0,2034,1117,4597,0,0,2238,,,,,,,2025-01-01,23398,6785,53.3,6835
MSitAE-JANUARY-2025,RFF,NHS ENGLAND NORTH EAST AND YORKSHIRE,BARNSLEY HOSPITAL NHS FOUNDATION TRUST,8663,0,0,20,0,0,3459,0,0,0,0,0,795,0,2894,0,0,516,,,,,,,2025-01-01,8663,3459,60.1,3410
MSitAE-JANUARY-2025,RNU,NHS ENGLAND SOUTH EAST,OXFORD HEALTH NHS FOUNDATION TRUST,0,0,3531,0,0,0,0,0,314,0,0,0,0,0,0,0,0,0,,,,,,,2025-01-01,3531,314,,0
MSitAE-JANUARY-2025,RPC,NHS ENGLAND SOUTH EAST,QUEEN VICTORIA HOSPITAL NHS FOUNDATION TRUST,0,0,1279,0,0,0,0,0,1,0,0,0,0,0,0,0,3,444,,,,,,,2025-01-01,1279,1,,447
MSitAE-JANUARY-2025,RTK,NHS ENGLAND SOUTH EAST,ASHFORD AND ST PETER'S HOSPITALS NHS FOUNDATION TRUST,10059,0,0,0,0,0,3370,0,0,0,0,0,441,521,2810,0,0,725,,,,,,,2025-01-01,10059,3370,66.5,3535
MSitAE-JANUARY-2025,RTP,NHS ENGLAND SOUTH EAST,SURREY AND SUSSEX HEALTHCARE NHS TRUST,9612,0,0,0,0,0,3640,0,0,0,0,0,527,703,2940,0,0,922,,,,,,,2025-01-01,9612,3640,62.1,3862
MSitAE-JANUARY-2025,RW1,NHS ENGLAND SOUTH EAST,HAMPSHIRE AND ISLE OF WIGHT HEALTHCARE NHS FOUNDATION TRUST,0,0,2632,0,0,0,0,0,56,0,0,0,0,0,0,0,0,132,,,,,,,2025-01-01,2632,56,,132
MSitAE-JANUARY-2025,RY4,NHS ENGLAND EAST OF ENGLAND,HERTFORDSHIRE COMMUNITY NHS TRUST,0,0,1125,0,0,0,0,0,37,0,0,0,0,0,0,0,0,0,,,,,,,2025-01-01,1125,37,,0
MSitAE-JANUARY-2025,Y02428,NHS ENGLAND EAST OF ENGLAND,PUTNOE WALK IN CENTRE,0,0,3234,0,0,0,0,0,0,0,0,0,0,0,0,0,0,0,,,,,,,2025-01-01,3234,0,,0
MSitAE-JANUARY-2025,Y02676,NHS ENGLAND SOUTH EAST,BRIGHTON STATION HEALTH CENTRE,0,0,1987,0,0,0,0,0,0,0,0,0,0,0,0,0,0,0,,,,,,,2025-01-01,1987,0,,0
MSitAE-JANUARY-2025,Y03007,NHS ENGLAND MIDLANDS,ERDINGTON GP HEALTH & WELLBEING WIC,0,0,0,0,0,2337,0,0,0,0,0,0,0,0,0,0,0,0,,,,,,,2025-01-01,0,0,,0
MSitAE-JANUARY-2025,NR3,NHS ENGLAND MIDLANDS,NOTTINGHAM CITYCARE PARTNERSHIP,0,0,5135,0,0,274,0,0,604,0,0,0,0,0,0,0,0,0,,,,,,,2025-01-01,5135,604,,0
MSitAE-JANUARY-2025,R0B,NHS ENGLAND NORTH EAST AND YORKSHIRE,SOUTH TYNESIDE AND SUNDERLAND NHS FOUNDATION TRUST,10809,1172,5192,750,0,1490,6163,33,217,426,0,53,1224,55,4624,15,0,1150,,,,,,,2025-01-01,17173,6413,43.0,5789
MSitAE-JANUARY-2025,RA9,NHS ENGLAND SOUTH WEST,TORBAY AND SOUTH DEVON NHS FOUNDATION TRUST,5843,0,2879,353,0,141,2900,0,14,155,0,0,396,70,2166,0,0,1229,,,,,,,2025-01-01,8722,2914,50.4,3395
MSitAE-JANUARY-2025,RCX,NHS ENGLAND EAST OF ENGLAND,"THE QUEEN ELIZABETH HOSPITAL, KING'S LYNN, NHS FOUNDATION TRUST",6370,0,1131,0,0,0,2953,0,0,0,0,0,265,122,2035,0,0,313,,,,,,,2025-01-01,7501,2953,53.6,2348
MSitAE-JANUARY-2025,RXK,NHS ENGLAND MIDLANDS,SANDWELL AND WEST BIRMINGHAM HOSPITALS NHS TRUST,10692,1103,8325,589,0,0,4832,183,294,0,0,0,804,196,2578,0,0,507,,,,,,,2025-01-01,20120,5309,54.8,3085
MSitAE-JANUARY-2025,C82009,NHS ENGLAND MIDLANDS,MARKET HARBOROUGH MED.CTR,0,0,247,0,0,0,0,0,0,0,0,0,0,0,0,0,0,0,,,,,,,2025-01-01,247,0,,0
MSitAE-JANUARY-2025,C83023,NHS ENGLAND MIDLANDS,SLEAFORD MEDICAL GROUP,0,0,495,0,0,0,0,0,0,0,0,0,0,0,0,0,0,0,,,,,,,2025-01-01,495,0,,0
MSitAE-JANUARY-2025,DT301,NHS ENGLAND EAST OF ENGLAND,HERTS URGENT CARE (ASCOTS LANE),0,0,2063,0,0,0,0,0,56,0,0,0,0,0,0,0,0,0,,,,,,,2025-01-01,2063,56,,0
MSitAE-JANUARY-2025,L83087,NHS ENGLAND SOUTH WEST,OKEHAMPTON MEDICAL CENTRE,0,0,77,0,0,0,0,0,0,0,0,0,0,0,0,0,0,0,,,,,,,2025-01-01,77,0,,0
MSitAE-JANUARY-2025,NL7,NHS ENGLAND MIDLANDS,ASSURA VERTIS URGENT CARE CENTRES (BIRMINGHAM),0,0,4432,0,0,0,0,0,0,0,0,0,0,0,0,0,0,0,,,,,,,2025-01-01,4432,0,,0
MSitAE-JANUARY-2025,NQT51,NHS ENGLAND SOUTH EAST,STATION PLAZA HEALTH CENTRE,0,0,1090,0,0,0,0,0,0,0,0,0,0,0,0,0,0,0,,,,,,,2025-01-01,1090,0,,0
MSitAE-JANUARY-2025,RA2,NHS ENGLAND SOUTH EAST,ROYAL SURREY COUNTY HOSPITAL NHS FOUNDATION TRUST,6385,0,1360,855,0,3,1892,0,0,180,0,0,414,13,2451,0,0,1165,,,,,,,2025-01-01,7745,1892,70.4,3616
MSitAE-JANUARY-2025,RAE,NHS ENGLAND NORTH EAST AND YORKSHIRE,BRADFORD TEACHING HOSPITALS NHS FOUNDATION TRUST,8851,961,2947,0,0,0,2289,0,0,0,0,0,710,122,2521,0,33,1486,,,,,,,2025-01-01,12759,2289,74.1,4040
MSitAE-JANUARY-2025,RDY,NHS ENGLAND SOUTH WEST,DORSET HEALTHCARE UNIVERSITY NHS FOUNDATION TRUST,0,0,0,0,0,0,0,0,0,0,0,0,0,0,0,0,2,0,,,,,,,2025-01-01,0,0,,2
MSitAE-JANUARY-2025,RWG,NHS ENGLAND EAST OF ENGLAND,WEST HERTFORDSHIRE TEACHING HOSPITALS NHS TRUST,8229,0,6655,0,0,837,3010,0,92,0,0,0,919,28,4215,0,0,601,,,,,,,2025-01-01,14884,3102,63.4,4816
MSitAE-JANUARY-2025,RY8,NHS ENGLAND MIDLANDS,DERBYSHIRE COMMUNITY HEALTH SERVICES NHS FOUNDATION TRUST,0,0,5873,0,0,2193,0,0,89,0,0,5,0,0,0,0,0,0,,,,,,,2025-01-01,5873,89,,0
MSitAE-JANUARY-2025,NNJ,NHS ENGLAND MIDLANDS,DHU HEALTH CARE C.I.C,0,0,1813,0,0,0,0,0,0,0,0,0,0,0,0,0,0,0,,,,,,,2025-01-01,1813,0,,0
MSitAE-JANUARY-2025,R1D,NHS ENGLAND MIDLANDS,SHROPSHIRE COMMUNITY HEALTH NHS TRUST,0,0,2889,0,0,0,0,0,3,0,0,0,0,0,0,0,0,0,,,,,,,2025-01-01,2889,3,,0
MSitAE-JANUARY-2025,RLQ,NHS ENGLAND MIDLANDS,WYE VALLEY NHS TRUST,5515,1141,123,145,0,0,2460,0,0,28,0,0,439,323,1416,0,0,135,,,,,,,2025-01-01,6779,2460,55.4,1551
MSitAE-JANUARY-2025,RWP,NHS ENGLAND MIDLANDS,WORCESTERSHIRE ACUTE HOSPITALS NHS TRUST,12351,0,5089,0,0,0,7172,0,37,0,0,0,969,713,2758,0,0,858,,,,,,,2025-01-01,17440,7209,41.9,3616
MSitAE-JANUARY-2025,RYY,NHS ENGLAND SOUTH EAST,KENT COMMUNITY HEALTH NHS FOUNDATION TRUST,0,0,9305,0,0,0,0,0,19,0,0,0,0,0,0,0,0,0,,,,,,,2025-01-01,9305,19,,0
MSitAE-JANUARY-2025,Y07709,NHS ENGLAND SOUTH EAST,READING URGENT CARE CENTRE,0,0,1959,0,0,0,0,0,0,0,0,0,0,0,0,0,0,0,,,,,,,2025-01-01,1959,0,,0
MSitAE-JANUARY-2025,ACH01,NHS ENGLAND SOUTH EAST,WHITSTABLE MEDICAL PRACTICE,0,0,5162,0,0,0,0,0,0,0,0,0,0,0,0,0,0,0,,,,,,,2025-01-01,5162,0,,0
MSitAE-JANUARY-2025,G0Q0L,NHS ENGLAND LONDON,BARKING HOSPITAL UTC,0,0,2777,0,0,0,0,0,12,0,0,0,0,0,0,0,0,0,,,,,,,2025-01-01,2777,12,,0
MSitAE-JANUARY-2025,K6K0R,NHS ENGLAND LONDON,HAROLD WOOD POLYCLINIC UTC,0,0,2825,0,0,0,0,0,4,0,0,0,0,0,0,0,0,0,,,,,,,2025-01-01,2825,4,,0
MSitAE-JANUARY-2025,NLX,NHS ENGLAND SOUTH WEST,SIRONA CARE & HEALTH,0,0,7710,0,0,346,0,0,333,0,0,45,0,0,0,0,0,0,,,,,,,2025-01-01,7710,333,,0
MSitAE-JANUARY-2025,NTPAD,NHS ENGLAND SOUTH EAST,PRACTICE PLUS GROUP SURGICAL CENTRE - ST MARYS PORTSMOUTH,0,0,5187,0,0,232,0,0,125,0,0,6,0,0,0,0,0,0,,,,,,,2025-01-01,5187,125,,0
MSitAE-JANUARY-2025,NV693,NHS ENGLAND NORTH WEST,ROSSENDALE MIU & OOH,0,0,920,0,0,0,0,0,1,0,0,0,0,0,0,0,0,0,,,,,,,2025-01-01,920,1,,0
MSitAE-JANUARY-2025,R0D,NHS ENGLAND SOUTH WEST,UNIVERSITY HOSPITALS DORSET NHS FOUNDATION TRUST,12296,0,4726,0,0,0,4996,0,0,0,0,0,1043,484,4019,0,0,2517,,,,,,,2025-01-01,17022,4996,59.4,6536
MSitAE-JANUARY-2025,REP,NHS ENGLAND NORTH WEST,LIVERPOOL WOMEN'S NHS FOUNDATION TRUST,0,1429,0,0,182,0,0,155,0,0,0,0,0,0,0,89,0,17,,,,,,,2025-01-01,1429,155,,106
MSitAE-JANUARY-2025,RF4,NHS ENGLAND LONDON,"BARKING, HAVERING AND REDBRIDGE UNIVERSITY HOSPITALS NHS TRUST",13814,2497,14157,0,0,0,6286,360,143,0,0,0,698,1064,8389,0,0,426,,,,,,,2025-01-01,30468,6789,54.5,8815
MSitAE-JANUARY-2025,RGR,NHS ENGLAND EAST OF ENGLAND,WEST SUFFOLK NHS FOUNDATION TRUST,7423,0,669,58,0,0,2959,0,0,0,0,0,475,707,1829,0,0,290,,,,,,,2025-01-01,8092,2959,60.1,2119
MSitAE-JANUARY-2025,RK9,NHS ENGLAND SOUTH WEST,UNIVERSITY HOSPITALS PLYMOUTH NHS TRUST,8603,160,4975,0,0,0,4558,1,93,0,0,0,327,860,2776,0,0,1457,,,,,,,2025-01-01,13738,4652,47.0,4233
MSitAE-JANUARY-2025,RL4,NHS ENGLAND MIDLANDS,THE ROYAL WOLVERHAMPTON NHS TRUST,12006,0,8055,64,0,746,3674,0,136,9,0,2,591,847,5690,0,0,940,,,,,,,2025-01-01,20061,3810,69.4,6630
MSitAE-JANUARY-2025,RQW,NHS ENGLAND EAST OF ENGLAND,THE PRINCESS ALEXANDRA HOSPITAL NHS TRUST,7889,0,1783,0,0,751,4506,0,0,0,0,0,553,190,1692,0,0,224,,,,,,,2025-01-01,9672,4506,42.9,1916
MSitAE-JANUARY-2025,RTD,NHS ENGLAND NORTH EAST AND YORKSHIRE,THE NEWCASTLE UPON TYNE HOSPITALS NHS FOUNDATION TRUST,11656,1642,4848,0,0,992,4559,150,1,0,0,0,749,41,3591,24,0,2909,,,,,,,2025-01-01,18146,4710,60.9,6524
MSitAE-JANUARY-2025,RW4,NHS ENGLAND NORTH WEST,MERSEY CARE NHS FOUNDATION TRUST,0,0,12806,0,0,0,0,0,162,0,0,0,0,0,0,0,0,55,,,,,,,2025-01-01,12806,162,,55
MSitAE-JANUARY-2025,RXL,NHS ENGLAND NORTH WEST,BLACKPOOL TEACHING HOSPITALS NHS FOUNDATION TRUST,8263,0,9875,336,0,303,4033,0,52,107,0,0,410,774,2749,0,0,1601,,,,,,,2025-01-01,18138,4085,51.2,4350
MSitAE-JANUARY-2025,Y03218,NHS ENGLAND LONDON,THE PINN UNREGISTERED WIC,0,0,897,0,0,0,0,0,0,0,0,0,0,0,0,0,0,0,,,,,,,2025-01-01,897,0,,0
MSitAE-JANUARY-2025,AXG,NHS ENGLAND SOUTH WEST,WILTSHIRE HEALTH & CARE,0,0,2116,0,0,0,0,0,9,0,0,0,0,0,0,0,0,0,,,,,,,2025-01-01,2116,9,,0
MSitAE-JANUARY-2025,NNF09,NHS ENGLAND NORTH EAST AND YORKSHIRE,BRANSHOLME HEALTH CENTRE,0,0,3572,0,0,0,0,0,339,0,0,0,0,0,0,0,0,0,,,,,,,2025-01-01,3572,339,,0
MSitAE-JANUARY-2025,RA7,NHS ENGLAND SOUTH WEST,UNIVERSITY HOSPITALS BRISTOL AND WESTON NHS FOUNDATION TRUST,14626,2376,0,0,0,0,5610,177,0,0,0,0,968,909,5092,10,0,1747,,,,,,,2025-01-01,17002,5787,61.6,6849
MSitAE-JANUARY-2025,RAJ,NHS ENGLAND EAST OF ENGLAND,MID AND SOUTH ESSEX NHS FOUNDATION TRUST,28930,0,3880,46,0,25,11052,0,246,18,0,1,3247,451,8794,0,198,1398,,,,,,,2025-01-01,32810,11298,61.8,10390
MSitAE-JANUARY-2025,RAT,NHS ENGLAND LONDON,NORTH EAST LONDON NHS FOUNDATION TRUST,0,0,1674,0,0,0,0,0,46,0,0,0,0,0,0,0,0,0,,,,,,,2025-01-01,1674,46,,0
MSitAE-JANUARY-2025,RCF,NHS ENGLAND NORTH EAST AND YORKSHIRE,AIREDALE NHS FOUNDATION TRUST,5350,250,0,567,0,0,2341,0,0,0,0,0,480,237,1554,0,0,562,,,,,,,2025-01-01,5600,2341,56.2,2116
MSitAE-JANUARY-2025,RD8,NHS ENGLAND EAST OF ENGLAND,MILTON KEYNES UNIVERSITY HOSPITAL NHS FOUNDATION TRUST,7840,0,4790,592,0,171,3214,0,236,246,0,0,1025,0,2167,0,0,464,,,,,,,2025-01-01,12630,3450,59.0,2631
MSitAE-JANUARY-2025,REF,NHS ENGLAND SOUTH WEST,ROYAL CORNWALL HOSPITALS NHS TRUST,5987,0,10682,0,0,0,3231,0,657,0,0,0,778,545,2492,0,48,1211,,,,,,,2025-01-01,16669,3888,46.0,3751
MSitAE-JANUARY-2025,RJ2,NHS ENGLAND LONDON,LEWISHAM AND GREENWICH NHS TRUST,14126,0,10954,0,0,0,7503,0,1298,0,0,0,1152,834,5055,0,0,1338,,,,,,,2025-01-01,25080,8801,46.9,6393
MSitAE-JANUARY-2025,RJR,NHS ENGLAND NORTH WEST,COUNTESS OF CHESTER HOSPITAL NHS FOUNDATION TRUST,4792,0,2147,0,0,0,2606,0,220,0,0,0,226,717,1678,0,0,1366,,,,,,,2025-01-01,6939,2826,45.6,3044
MSitAE-JANUARY-2025,RMC,NHS ENGLAND NORTH WEST,BOLTON NHS FOUNDATION TRUST,7790,0,3614,100,0,55,3727,0,157,47,0,3,535,504,2424,0,128,1029,,,,,,,2025-01-01,11404,3884,52.2,3581
MSitAE-JANUARY-2025,RNQ,NHS ENGLAND MIDLANDS,KETTERING GENERAL HOSPITAL NHS FOUNDATION TRUST,9817,0,8542,342,0,0,3720,0,155,0,0,0,1388,0,1899,0,0,327,,,,,,,2025-01-01,18359,3875,62.1,2226
MSitAE-JANUARY-2025,RNS,NHS ENGLAND MIDLANDS,NORTHAMPTON GENERAL HOSPITAL NHS TRUST,8461,575,2081,1380,1,282,3466,14,126,500,0,12,456,938,2282,0,0,906,,,,,,,2025-01-01,11117,3606,59.0,3188
MSitAE-JANUARY-2025,RRK,NHS ENGLAND MIDLANDS,UNIVERSITY HOSPITALS BIRMINGHAM NHS FOUNDATION TRUST,33067,325,1655,0,0,331,13753,0,32,0,0,9,2671,1847,10511,0,0,6876,,,,,,,2025-01-01,35047,13785,58.4,17387
MSitAE-JANUARY-2025,RTQ,NHS ENGLAND SOUTH WEST,GLOUCESTERSHIRE HEALTH AND CARE NHS FOUNDATION TRUST,0,0,7168,0,0,0,0,0,42,0,0,0,0,0,0,0,0,21,,,,,,,2025-01-01,7168,42,,21
MSitAE-JANUARY-2025,RVW,NHS ENGLAND NORTH EAST AND YORKSHIRE,NORTH TEES AND HARTLEPOOL NHS FOUNDATION TRUST,4804,0,10523,0,0,0,2841,0,22,0,0,0,312,49,1690,0,509,2439,,,,,,,2025-01-01,15327,2863,40.9,4638
MSitAE-JANUARY-2025,RWA,NHS ENGLAND NORTH EAST AND YORKSHIRE,HULL UNIVERSITY TEACHING HOSPITALS NHS TRUST,8707,0,4795,0,0,0,5136,0,441,0,0,0,1076,614,3502,0,0,2373,,,,,,,2025-01-01,13502,5577,41.0,5875
MSitAE-JANUARY-2025,RWE,NHS ENGLAND MIDLANDS,UNIVERSITY HOSPITALS OF LEICESTER NHS TRUST,21070,1977,0,0,0,0,9121,102,0,0,0,0,1513,1178,6395,5,0,3749,,,,,,,2025-01-01,23047,9223,56.7,10149
MSitAE-JANUARY-2025,RWF,NHS ENGLAND SOUTH EAST,MAIDSTONE AND TUNBRIDGE WELLS NHS TRUST,17894,0,2034,875,0,218,3826,0,35,145,0,2,982,274,5178,0,0,983,,,,,,,2025-01-01,19928,3861,78.6,6161
MSitAE-JANUARY-2025,RXP,NHS ENGLAND NORTH EAST AND YORKSHIRE,COUNTY DURHAM AND DARLINGTON NHS FOUNDATION TRUST,12293,0,3784,0,0,7264,5250,0,0,0,0,0,2427,23,4334,0,0,810,,,,,,,2025-01-01,16077,5250,57.3,5144
MSitAE-JANUARY-2025,RXQ,NHS ENGLAND SOUTH EAST,BUCKINGHAMSHIRE HEALTHCARE NHS TRUST,10375,1234,3481,0,0,0,3310,0,218,0,0,0,303,322,4204,851,0,2362,,,,,,,2025-01-01,15090,3528,68.1,7417
MSitAE-JANUARY-2025,RXW,NHS ENGLAND MIDLANDS,THE SHREWSBURY AND TELFORD HOSPITAL NHS TRUST,9443,0,2370,0,0,0,5433,0,202,0,0,0,349,1316,3068,0,178,2217,,,,,,,2025-01-01,11813,5635,42.5,5463
MSitAE-JANUARY-2025,RYX,NHS ENGLAND LONDON,CENTRAL LONDON COMMUNITY HEALTHCARE NHS TRUST,0,0,12079,0,0,403,0,0,168,0,0,6,0,0,0,0,0,0,,,,,,,2025-01-01,12079,168,,0
MSitAE-JANUARY-2025,Y02147,NHS ENGLAND LONDON,URGENT CARE CENTRE (QMS),0,0,7684,0,0,544,0,0,177,0,0,2,0,0,0,0,0,0,,,,,,,2025-01-01,7684,177,,0
MSitAE-JANUARY-2025,NNF16,NHS ENGLAND NORTH EAST AND YORKSHIRE,BRIDLINGTON HOSPITAL,0,0,1306,0,0,0,0,0,26,0,0,0,0,0,0,0,0,0,,,,,,,2025-01-01,1306,26,,0
MSitAE-JANUARY-2025,NNF94,NHS ENGLAND NORTH EAST AND YORKSHIRE,EAST RIDING COMMUNITY HOSPITAL,0,0,2563,0,0,0,0,0,128,0,0,0,0,0,0,0,0,0,,,,,,,2025-01-01,2563,128,,0
MSitAE-JANUARY-2025,NNFA7,NHS ENGLAND NORTH EAST AND YORKSHIRE,GOOLE & DISTRICT HOSPITAL,0,0,1387,0,0,0,0,0,6,0,0,0,0,0,0,0,0,0,,,,,,,2025-01-01,1387,6,,0
MSitAE-JANUARY-2025,NNJ07,NHS ENGLAND MIDLANDS,LOUGHBOROUGH URGENT CARE CENTRE,0,0,6973,0,0,870,0,0,44,0,0,2,0,0,0,0,0,0,,,,,,,2025-01-01,6973,44,,0
MSitAE-JANUARY-2025,NNJ0H,NHS ENGLAND MIDLANDS,LLR EA - THE MERLYN VAZ HEALTH & SOCIAL CARE CENTRE,0,0,195,0,0,2216,0,0,0,0,0,0,0,0,0,0,0,0,,,,,,,2025-01-01,195,0,,0
MSitAE-JANUARY-2025,NNJ12,NHS ENGLAND MIDLANDS,MARKET HARBOROUGH,0,0,102,0,0,575,0,0,0,0,0,0,0,0,0,0,0,0,,,,,,,2025-01-01,102,0,,0
MSitAE-JANUARY-2025,NNJ13,NHS ENGLAND MIDLANDS,MELTON MOWBRAY,0,0,69,0,0,493,0,0,0,0,0,0,0,0,0,0,0,0,,,,,,,2025-01-01,69,0,,0
MSitAE-JANUARY-2025,NNJ14,NHS ENGLAND MIDLANDS,OADBY,0,0,499,0,0,3391,0,0,0,0,0,0,0,0,0,0,0,0,,,,,,,2025-01-01,499,0,,0
MSitAE-JANUARY-2025,NNJ15,NHS ENGLAND MIDLANDS,OAKHAM,0,0,59,0,0,371,0,0,0,0,0,0,0,0,0,0,0,0,,,,,,,2025-01-01,59,0,,0
MSitAE-JANUARY-2025,R0A,NHS ENGLAND NORTH WEST,MANCHESTER UNIVERSITY NHS FOUNDATION TRUST,24310,2966,10858,3436,493,1018,11707,123,638,1502,24,103,4456,749,5458,121,139,444,,,,,,,2025-01-01,38134,12468,51.8,6162
MSitAE-JANUARY-2025,R1K,NHS ENGLAND LONDON,LONDON NORTH WEST UNIVERSITY HEALTHCARE NHS TRUST,13728,0,14754,0,0,0,7460,0,162,0,0,0,769,738,6525,0,0,347,,,,,,,2025-01-01,28482,7622,45.7,6872
MSitAE-JANUARY-2025,RAL,NHS ENGLAND LONDON,ROYAL FREE LONDON NHS FOUNDATION TRUST,24850,469,15178,250,3,267,9848,5,905,137,0,39,1218,1939,4965,0,55,750,,,,,,,2025-01-01,40497,10758,60.4,5770
MSitAE-JANUARY-2025,RAS,NHS ENGLAND LONDON,THE HILLINGDON HOSPITALS NHS FOUNDATION TRUST,5973,0,6578,0,0,0,3503,0,186,0,0,0,731,79,1815,0,0,74,,,,,,,2025-01-01,12551,3689,41.4,1889
MSitAE-JANUARY-2025,RBD,NHS ENGLAND SOUTH WEST,DORSET COUNTY HOSPITAL NHS FOUNDATION TRUST,3841,0,0,347,0,3817,1873,0,0,112,0,4,225,93,1760,0,0,556,,,,,,,2025-01-01,3841,1873,51.2,2316
MSitAE-JANUARY-2025,RBN,NHS ENGLAND NORTH WEST,MERSEY AND WEST LANCASHIRE TEACHING HOSPITALS NHS TRUST,16188,0,6642,415,0,0,6164,0,53,46,0,0,452,482,7454,0,0,762,,,,,,,2025-01-01,22830,6217,61.9,8216
MSitAE-JANUARY-2025,RCB,NHS ENGLAND NORTH EAST AND YORKSHIRE,YORK AND SCARBOROUGH TEACHING HOSPITALS NHS FOUNDATION TRUST,10119,388,5567,0,0,0,5742,0,192,0,0,0,833,949,4477,0,0,1723,,,,,,,2025-01-01,16074,5934,43.3,6200
MSitAE-JANUARY-2025,RFR,NHS ENGLAND NORTH EAST AND YORKSHIRE,THE ROTHERHAM NHS FOUNDATION TRUST,8708,0,0,0,0,0,3595,0,0,0,0,0,947,109,1987,0,0,249,,,,,,,2025-01-01,8708,3595,58.7,2236
MSitAE-JANUARY-2025,RJC,NHS ENGLAND MIDLANDS,SOUTH WARWICKSHIRE UNIVERSITY NHS FOUNDATION TRUST,7498,0,330,1,0,0,2820,0,0,0,0,0,480,122,2241,0,0,914,,,,,,,2025-01-01,7828,2820,62.4,3155
MSitAE-JANUARY-2025,RL1,NHS ENGLAND MIDLANDS,THE ROBERT JONES AND AGNES HUNT ORTHOPAEDIC HOSPITAL NHS FOUNDATION TRUST,0,0,0,0,0,0,0,0,0,0,0,0,0,0,0,0,0,27,,,,,,,2025-01-01,0,0,,27
MSitAE-JANUARY-2025,RMP,NHS ENGLAND NORTH WEST,TAMESIDE AND GLOSSOP INTEGRATED CARE NHS FOUNDATION TRUST,8430,0,3154,392,0,93,4007,0,6,0,0,0,231,798,1685,0,0,285,,,,,,,2025-01-01,11584,4013,52.5,1970
MSitAE-JANUARY-2025,RN5,NHS ENGLAND SOUTH EAST,HAMPSHIRE HOSPITALS NHS FOUNDATION TRUST,10341,127,2619,0,0,131,4889,0,83,0,0,0,428,195,4013,14,39,1373,,,,,,,2025-01-01,13087,4972,52.7,5439
MSitAE-JANUARY-2025,RN7,NHS ENGLAND SOUTH EAST,DARTFORD AND GRAVESHAM NHS TRUST,11094,0,3892,0,0,0,3552,0,12,0,0,0,613,449,3295,0,0,438,,,,,,,2025-01-01,14986,3564,68.0,3733
MSitAE-JANUARY-2025,RNZ,NHS ENGLAND SOUTH WEST,SALISBURY NHS FOUNDATION TRUST,4372,326,1715,132,0,0,1699,0,0,53,0,0,470,19,1312,0,0,1026,,,,,,,2025-01-01,6413,1699,61.1,2338
MSitAE-JANUARY-2025,RR7,NHS ENGLAND NORTH EAST AND YORKSHIRE,GATESHEAD HEALTH NHS FOUNDATION TRUST,5878,0,3131,14,0,0,2555,0,37,6,0,0,1033,0,1654,0,0,57,,,,,,,2025-01-01,9009,2592,56.5,1711
MSitAE-JANUARY-2025,RTF,NHS ENGLAND NORTH EAST AND YORKSHIRE,NORTHUMBRIA HEALTHCARE NHS FOUNDATION TRUST,9372,0,10992,0,0,0,2780,0,3,0,0,0,106,7,3876,0,49,395,,,,,,,2025-01-01,20364,2783,70.3,4320
MSitAE-JANUARY-2025,RTG,NHS ENGLAND MIDLANDS,UNIVERSITY HOSPITALS OF DERBY AND BURTON NHS FOUNDATION TRUST,17941,0,9234,1572,0,18,8790,0,6,377,0,0,944,1028,3962,0,2,1957,,,,,,,2025-01-01,27175,8796,51.0,5921
MSitAE-JANUARY-2025,RTR,NHS ENGLAND NORTH EAST AND YORKSHIRE,SOUTH TEES HOSPITALS NHS FOUNDATION TRUST,7207,0,8151,0,0,1583,4011,0,344,0,0,33,521,94,2662,0,108,2405,,,,,,,2025-01-01,15358,4355,44.3,5175
MSitAE-JANUARY-2025,RTX,NHS ENGLAND NORTH WEST,UNIVERSITY HOSPITALS OF MORECAMBE BAY NHS FOUNDATION TRUST,8682,0,2279,84,0,1377,3255,0,32,23,0,61,666,560,3200,0,30,982,,,,,,,2025-01-01,10961,3287,62.5,4212
MSitAE-JANUARY-2025,RXC,NHS ENGLAND SOUTH EAST,EAST SUSSEX HEALTHCARE NHS TRUST,7612,0,1944,2324,0,1852,3990,0,104,0,0,0,256,129,3276,0,0,485,,,,,,,2025-01-01,9556,4094,47.6,3761
MSitAE-JANUARY-2025,RY2,NHS ENGLAND NORTH WEST,BRIDGEWATER COMMUNITY HEALTHCARE NHS FOUNDATION TRUST,0,0,2916,0,0,182,0,0,38,0,0,3,0,0,0,0,0,0,,,,,,,2025-01-01,2916,38,,0
MSitAE-JANUARY-2025,RYG,NHS ENGLAND MIDLANDS,COVENTRY AND WARWICKSHIRE PARTNERSHIP NHS TRUST,0,0,0,0,0,0,0,0,0,0,0,0,0,0,0,0,4,81,,,,,,,2025-01-01,0,0,,85
MSitAE-JANUARY-2025,ARN03,NHS ENGLAND NORTH EAST AND YORKSHIRE,LOCAL CARE DIRECT,0,0,2035,0,0,256,0,0,9,0,0,0,0,0,0,0,0,0,,,,,,,2025-01-01,2035,9,,0
MSitAE-JANUARY-2025,RAX,NHS ENGLAND LONDON,KINGSTON AND RICHMOND NHS FOUNDATION TRUST,7258,0,7797,0,0,0,3722,0,262,0,0,0,341,439,2449,0,177,340,,,,,,,2025-01-01,15055,3984,48.7,2966
MSitAE-JANUARY-2025,RBK,NHS ENGLAND MIDLANDS,WALSALL HEALTHCARE NHS TRUST,9044,0,3905,28,0,150,3512,0,62,5,0,0,1337,324,3896,0,0,807,,,,,,,2025-01-01,12949,3574,61.2,4703
MSitAE-JANUARY-2025,RBS,NHS ENGLAND NORTH WEST,ALDER HEY CHILDREN'S NHS FOUNDATION TRUST,5771,0,0,0,0,0,1222,0,0,0,0,0,1,0,860,0,0,316,,,,,,,2025-01-01,5771,1222,78.8,1176
MSitAE-JANUARY-2025,RBV,NHS ENGLAND NORTH WEST,THE CHRISTIE NHS FOUNDATION TRUST,0,0,0,0,0,0,0,0,0,0,0,0,0,0,0,0,0,778,,,,,,,2025-01-01,0,0,,778
MSitAE-JANUARY-2025,RC9,NHS ENGLAND EAST OF ENGLAND,BEDFORDSHIRE HOSPITALS NHS FOUNDATION TRUST,15468,0,8652,0,0,1060,7204,0,0,0,0,0,83,22,4816,0,0,2319,,,,,,,2025-01-01,24120,7204,53.4,7135
MSitAE-JANUARY-2025,RCU,NHS ENGLAND NORTH EAST AND YORKSHIRE,SHEFFIELD CHILDREN'S NHS FOUNDATION TRUST,4046,0,424,263,0,32,278,0,0,9,0,0,10,0,1017,0,0,72,,,,,,,2025-01-01,4470,278,93.1,1089
MSitAE-JANUARY-2025,RDE,NHS ENGLAND EAST OF ENGLAND,EAST SUFFOLK AND NORTH ESSEX NHS FOUNDATION TRUST,11834,0,13927,1055,0,650,6231,0,288,0,0,0,980,885,6166,0,413,1107,,,,,,,2025-01-01,25761,6519,47.3,7686
MSitAE-JANUARY-2025,RDR,NHS ENGLAND SOUTH EAST,SUSSEX COMMUNITY NHS FOUNDATION TRUST,0,0,11327,0,0,0,0,0,87,0,0,0,0,0,0,0,0,3,,,,,,,2025-01-01,11327,87,,3
MSitAE-JANUARY-2025,RDU,NHS ENGLAND SOUTH EAST,FRIMLEY HEALTH NHS FOUNDATION TRUST,22829,927,12305,0,0,0,8728,4,224,0,0,0,1745,633,6324,0,0,102,,,,,,,2025-01-01,36061,8956,61.8,6426
MSitAE-JANUARY-2025,RET,NHS ENGLAND NORTH WEST,THE WALTON CENTRE NHS FOUNDATION TRUST,0,0,0,0,0,0,0,0,0,0,0,0,0,0,0,0,0,173,,,,,,,2025-01-01,0,0,,173
MSitAE-JANUARY-2025,RFS,NHS ENGLAND MIDLANDS,CHESTERFIELD ROYAL HOSPITAL NHS FOUNDATION TRUST,6401,0,5595,355,0,150,3389,0,289,152,0,27,1224,392,2712,0,312,694,,,,,,,2025-01-01,11996,3678,47.1,3718
MSitAE-JANUARY-2025,RGN,NHS ENGLAND EAST OF ENGLAND,NORTH WEST ANGLIA NHS FOUNDATION TRUST,14196,0,3919,356,0,517,6058,0,143,104,0,8,584,883,3744,0,48,1647,,,,,,,2025-01-01,18115,6201,57.3,5439
MSitAE-JANUARY-2025,RH5,NHS ENGLAND SOUTH WEST,SOMERSET NHS FOUNDATION TRUST,11562,0,9286,0,0,1,5403,0,133,0,0,0,830,329,2994,0,0,1761,,,,,,,2025-01-01,20848,5536,53.3,4755
MSitAE-JANUARY-2025,RH8,NHS ENGLAND SOUTH WEST,ROYAL DEVON UNIVERSITY HEALTHCARE NHS FOUNDATION TRUST,11393,0,4152,1181,0,88,5065,0,5,420,0,1,1774,261,3644,0,0,1948,,,,,,,2025-01-01,15545,5070,55.5,5592
MSitAE-JANUARY-2025,RHM,NHS ENGLAND SOUTH EAST,UNIVERSITY HOSPITAL SOUTHAMPTON NHS FOUNDATION TRUST,11405,1085,0,323,0,0,4425,80,0,122,0,0,506,14,4061,8,0,1762,,,,,,,2025-01-01,12490,4505,61.2,5831
MSitAE-JANUARY-2025,RJ1,NHS ENGLAND LONDON,GUY'S AND ST THOMAS' NHS FOUNDATION TRUST,9690,724,6461,0,0,0,3843,20,141,0,0,0,174,71,2114,0,0,358,,,,,,,2025-01-01,16875,4004,60.3,2472
MSitAE-JANUARY-2025,RJ6,NHS ENGLAND LONDON,CROYDON HEALTH SERVICES NHS TRUST,12997,0,5212,0,0,0,5139,0,0,0,0,0,289,441,1209,0,0,167,,,,,,,2025-01-01,18209,5139,60.5,1376
MSitAE-JANUARY-2025,RJE,NHS ENGLAND MIDLANDS,UNIVERSITY HOSPITALS OF NORTH MIDLANDS NHS TRUST,13301,490,7890,790,0,627,7150,0,236,360,0,20,915,1318,5493,0,0,3127,,,,,,,2025-01-01,21681,7386,46.2,8620
MSitAE-JANUARY-2025,RJL,NHS ENGLAND NORTH EAST AND YORKSHIRE,NORTHERN LINCOLNSHIRE AND GOOLE NHS FOUNDATION TRUST,8659,0,6622,0,0,443,4696,0,47,0,0,7,544,1018,5519,0,0,452,,,,,,,2025-01-01,15281,4743,45.8,5971
MSitAE-JANUARY-2025,RJZ,NHS ENGLAND LONDON,KING'S COLLEGE HOSPITAL NHS FOUNDATION TRUST,15093,0,8699,56,0,1335,7166,0,387,20,0,0,1419,1279,3632,0,0,366,,,,,,,2025-01-01,23792,7553,52.5,3998
MSitAE-JANUARY-2025,RK5,NHS ENGLAND MIDLANDS,SHERWOOD FOREST HOSPITALS NHS FOUNDATION TRUST,10068,0,5348,379,0,167,4836,0,479,211,0,9,898,189,3786,0,0,256,,,,,,,2025-01-01,15416,5315,52.0,4042
MSitAE-JANUARY-2025,RKB,NHS ENGLAND MIDLANDS,UNIVERSITY HOSPITALS COVENTRY AND WARWICKSHIRE NHS TRUST,11610,1525,6128,0,0,0,5201,151,184,0,0,0,96,30,1779,40,71,661,,,,,,,2025-01-01,19263,5536,55.2,2551
MSitAE-JANUARY-2025,RKE,NHS ENGLAND LONDON,WHITTINGTON HEALTH NHS TRUST,9061,0,0,0,0,0,2865,0,0,0,0,0,131,466,1137,0,0,48,,,,,,,2025-01-01,9061,2865,68.4,1185
MSitAE-JANUARY-2025,RLT,NHS ENGLAND MIDLANDS,GEORGE ELIOT HOSPITAL NHS TRUST,6748,0,1527,0,0,0,2378,0,19,0,0,0,566,224,1130,0,0,0,,,,,,,2025-01-01,8275,2397,64.8,1130
MSitAE-JANUARY-2025,RM3,NHS ENGLAND NORTH WEST,NORTHERN CARE ALLIANCE NHS FOUNDATION TRUST,24521,0,9020,0,0,0,10941,0,424,0,0,0,1164,1488,7213,0,314,2240,,,,,,,2025-01-01,33541,11365,55.4,9767
MSitAE-JANUARY-2025,RN3,NHS ENGLAND SOUTH WEST,GREAT WESTERN HOSPITALS NHS FOUNDATION TRUST,5176,0,5001,0,0,0,2581,0,109,0,0,0,422,498,2350,0,0,1424,,,,,,,2025-01-01,10177,2690,50.1,3774
MSitAE-JANUARY-2025,RNA,NHS ENGLAND MIDLANDS,THE DUDLEY GROUP NHS FOUNDATION TRUST,8787,0,4176,0,0,735,2924,0,120,0,0,0,1921,95,3650,0,0,2582,,,,,,,2025-01-01,12963,3044,66.7,6232
MSitAE-JANUARY-2025,RNN,NHS ENGLAND NORTH EAST AND YORKSHIRE,NORTH CUMBRIA INTEGRATED CARE NHS FOUNDATION TRUST,8129,0,1630,330,0,38,4039,0,30,94,0,3,770,657,2420,0,0,851,,,,,,,2025-01-01,9759,4069,50.3,3271
MSitAE-JANUARY-2025,RP5,NHS ENGLAND NORTH EAST AND YORKSHIRE,DONCASTER AND BASSETLAW TEACHING HOSPITALS NHS FOUNDATION TRUST,13236,0,3840,0,0,0,5143,0,5,0,0,0,1148,255,4208,0,355,1068,,,,,,,2025-01-01,17076,5148,61.1,5631
MSitAE-JANUARY-2025,RP6,NHS ENGLAND LONDON,MOORFIELDS EYE HOSPITAL NHS FOUNDATION TRUST,0,5778,0,0,0,0,0,117,0,0,0,0,0,0,0,1,0,220,,,,,,,2025-01-01,5778,117,,221
MSitAE-JANUARY-2025,RPA,NHS ENGLAND SOUTH EAST,MEDWAY NHS FOUNDATION TRUST,8263,0,6752,274,0,1293,3239,0,692,78,0,0,388,756,1905,0,0,523,,,,,,,2025-01-01,15015,3931,60.8,2428
MSitAE-JANUARY-2025,RQM,NHS ENGLAND LONDON,CHELSEA AND WESTMINSTER HOSPITAL NHS FOUNDATION TRUST,19579,0,6169,621,0,0,6626,0,160,0,0,0,1454,56,2841,0,0,433,,,,,,,2025-01-01,25748,6786,66.2,3274
MSitAE-JANUARY-2025,RR8,NHS ENGLAND NORTH EAST AND YORKSHIRE,LEEDS TEACHING HOSPITALS NHS TRUST,16895,684,11171,31,0,79,7386,0,98,13,0,0,1637,679,3763,0,0,1332,,,,,,,2025-01-01,28750,7484,56.3,5095
MSitAE-JANUARY-2025,RRF,NHS ENGLAND NORTH WEST,"WRIGHTINGTON, WIGAN AND LEIGH NHS FOUNDATION TRUST",7069,0,4671,0,0,0,3999,0,70,0,0,0,1163,569,2013,0,0,833,,,,,,,2025-01-01,11740,4069,43.4,2846
MSitAE-JANUARY-2025,RRV,NHS ENGLAND LONDON,UNIVERSITY COLLEGE LONDON HOSPITALS NHS FOUNDATION TRUST,12580,0,0,481,0,0,3457,0,0,0,0,0,394,244,1343,0,0,251,,,,,,,2025-01-01,12580,3457,72.5,1594
MSitAE-JANUARY-2025,RTE,NHS ENGLAND SOUTH WEST,GLOUCESTERSHIRE HOSPITALS NHS FOUNDATION TRUST,12179,0,0,199,0,0,4551,0,0,49,0,0,392,569,2635,0,0,2408,,,,,,,2025-01-01,12179,4551,62.6,5043
MSitAE-JANUARY-2025,RVJ,NHS ENGLAND SOUTH WEST,NORTH BRISTOL NHS TRUST,8183,0,0,19,0,0,3292,0,0,5,0,0,477,545,2920,0,0,2321,,,,,,,2025-01-01,8183,3292,59.8,5241
MSitAE-JANUARY-2025,RVR,NHS ENGLAND LONDON,EPSOM AND ST HELIER UNIVERSITY HOSPITALS NHS TRUST,10516,351,1443,483,0,46,3149,0,50,43,0,1,251,739,1916,5,0,167,,,,,,,2025-01-01,12310,3199,70.1,2088
MSitAE-JANUARY-2025,RVV,NHS ENGLAND SOUTH EAST,EAST KENT HOSPITALS UNIVERSITY NHS FOUNDATION TRUST,12952,0,12223,0,0,0,6343,0,357,0,0,0,446,1380,3056,0,562,511,,,,,,,2025-01-01,25175,6700,51.0,4129
MSitAE-JANUARY-2025,RWD,NHS ENGLAND MIDLANDS,UNITED LINCOLNSHIRE TEACHING HOSPITALS NHS TRUST,15569,0,3568,0,0,0,6284,0,714,0,0,0,877,1317,4703,0,0,1153,,,,,,,2025-01-01,19137,6998,59.6,5856
MSitAE-JANUARY-2025,RWH,NHS ENGLAND EAST OF ENGLAND,EAST AND NORTH HERTFORDSHIRE NHS TRUST,8687,0,7191,0,0,0,4818,0,28,0,0,0,275,340,2953,0,2,178,,,,,,,2025-01-01,15878,4846,44.5,3133
MSitAE-JANUARY-2025,RX1,NHS ENGLAND MIDLANDS,NOTTINGHAM UNIVERSITY HOSPITALS NHS TRUST,15464,1684,296,0,0,0,7941,70,7,0,0,0,637,779,4567,0,0,4489,,,,,,,2025-01-01,17444,8018,48.6,9056
MSitAE-JANUARY-2025,RXN,NHS ENGLAND NORTH WEST,LANCASHIRE TEACHING HOSPITALS NHS FOUNDATION TRUST,11443,0,3400,250,0,79,4641,0,86,44,0,2,978,511,2938,0,101,1443,,,,,,,2025-01-01,14843,4727,59.4,4482
MSitAE-JANUARY-2025,R1F,NHS ENGLAND SOUTH EAST,ISLE OF WIGHT NHS TRUST,4428,292,1304,18,0,25,1822,0,0,9,0,0,293,169,1275,0,0,102,,,,,,,2025-01-01,6024,1822,58.9,1377
MSitAE-JANUARY-2025,R1H,NHS ENGLAND LONDON,BARTS HEALTH NHS TRUST,25012,944,17880,0,0,0,11280,14,1536,0,0,0,1025,1319,4419,2,32,1236,,,,,,,2025-01-01,43836,12830,54.9,5689
MSitAE-JANUARY-2025,RD1,NHS ENGLAND SOUTH WEST,ROYAL UNITED HOSPITALS BATH NHS FOUNDATION TRUST,7900,0,0,0,0,0,3122,0,0,0,0,0,836,204,2539,0,6,1807,,,,,,,2025-01-01,7900,3122,60.5,4352
MSitAE-JANUARY-2025,RGT,NHS ENGLAND EAST OF ENGLAND,CAMBRIDGE UNIVERSITY HOSPITALS NHS FOUNDATION TRUST,9799,0,5526,299,0,320,4602,0,42,60,0,0,520,646,2710,0,33,525,,,,,,,2025-01-01,15325,4644,53.0,3268
MSitAE-JANUARY-2025,RHQ,NHS ENGLAND NORTH EAST AND YORKSHIRE,SHEFFIELD TEACHING HOSPITALS NHS FOUNDATION TRUST,8814,1182,6799,420,1,1272,5022,0,288,211,0,26,1534,22,3721,0,0,3082,,,,,,,2025-01-01,16795,5310,43.0,6803
MSitAE-JANUARY-2025,RHU,NHS ENGLAND SOUTH EAST,PORTSMOUTH HOSPITALS UNIVERSITY NATIONAL HEALTH SERVICE TRUST,9971,965,2740,1554,0,807,4829,16,93,560,0,14,1377,349,3461,0,0,2579,,,,,,,2025-01-01,13676,4938,51.6,6040
MSitAE-JANUARY-2025,RM1,NHS ENGLAND EAST OF ENGLAND,NORFOLK AND NORWICH UNIVERSITY HOSPITALS NHS FOUNDATION TRUST,12018,0,8406,0,0,0,4148,0,6,0,0,0,1037,379,2563,0,0,1680,,,,,,,2025-01-01,20424,4154,65.5,4243
MSitAE-JANUARY-2025,RWJ,NHS ENGLAND NORTH WEST,STOCKPORT NHS FOUNDATION TRUST,7893,0,987,268,0,67,3490,0,56,87,0,1,789,500,2744,0,81,901,,,,,,,2025-01-01,8880,3546,55.8,3726
MSitAE-JANUARY-2025,RWX,NHS ENGLAND SOUTH EAST,BERKSHIRE HEALTHCARE NHS FOUNDATION TRUST,0,0,1264,0,0,0,0,0,16,0,0,0,0,0,0,0,39,0,,,,,,,2025-01-01,1264,16,,39
MSitAE-JANUARY-2025,RYJ,NHS ENGLAND LONDON,IMPERIAL COLLEGE HEALTHCARE NHS TRUST,12227,3650,7192,0,0,480,5362,21,417,0,0,0,656,551,3722,1,0,1219,,,,,,,2025-01-01,23069,5800,56.1,4942
MSitAE-JANUARY-2025,RYR,NHS ENGLAND SOUTH EAST,UNIVERSITY HOSPITALS SUSSEX NHS FOUNDATION TRUST,24951,1364,1239,1866,0,626,9961,63,137,493,0,2,894,1176,8454,30,50,1684,,,,,,,2025-01-01,27554,10161,60.1,10218
MSitAE-JANUARY-2025,RQX,NHS ENGLAND LONDON,HOMERTON HEALTHCARE NHS FOUNDATION TRUST,10961,0,0,0,0,0,2378,0,0,0,0,0,351,24,1836,0,0,380,,,,,,,2025-01-01,10961,2378,78.3,2216
MSitAE-JANUARY-2025,RJ7,NHS ENGLAND LONDON,ST GEORGE'S UNIVERSITY HOSPITALS NHS FOUNDATION TRUST,8811,0,3322,522,0,0,2673,0,0,72,0,0,574,838,2575,0,0,806,,,,,,,2025-01-01,12133,2673,69.7,3381
MSitAE-JANUARY-2025,AD913,NHS ENGLAND LONDON,BECKENHAM BEACON UCC,0,0,3770,0,0,33,0,0,33,0,0,0,0,0,0,0,0,0,,,,,,,2025-01-01,3770,33,,0
MSitAE-JANUARY-2025,RBL,NHS ENGLAND NORTH WEST,WIRRAL UNIVERSITY TEACHING HOSPITAL NHS FOUNDATION TRUST,7439,0,2746,0,0,209,3996,0,63,0,0,4,393,976,2069,0,0,1704,,,,,,,2025-01-01,10185,4059,46.3,3773
MSitAE-JANUARY-2025,RHW,NHS ENGLAND SOUTH EAST,ROYAL BERKSHIRE NHS FOUNDATION TRUST,10473,2370,2248,820,21,0,4345,18,0,315,0,0,916,37,2479,0,0,482,,,,,,,2025-01-01,15091,4363,58.5,2961
MSitAE-JANUARY-2025,RTH,NHS ENGLAND SOUTH EAST,OXFORD UNIVERSITY HOSPITALS NHS FOUNDATION TRUST,11828,1787,2475,1755,0,138,4444,0,5,465,0,0,1049,0,4627,137,20,4564,,,,,,,2025-01-01,16090,4449,62.4,9348
MSitAE-JANUARY-2025,RXF,NHS ENGLAND NORTH EAST AND YORKSHIRE,MID YORKSHIRE TEACHING NHS TRUST,15436,181,5229,124,0,105,6333,0,266,1,0,0,2437,1191,3382,0,150,827,,,,,,,2025-01-01,20846,6599,59.0,4359
MSitAE-JANUARY-2025,RQ3,NHS ENGLAND MIDLANDS,BIRMINGHAM WOMEN'S AND CHILDREN'S NHS FOUNDATION TRUST,4731,0,0,0,0,0,744,0,0,0,0,0,0,11,967,0,0,161,,,,,,,2025-01-01,4731,744,84.3,1128
MSitAE-JANUARY-2025,RWW,NHS ENGLAND NORTH WEST,WARRINGTON AND HALTON TEACHING HOSPITALS NHS FOUNDATION TRUST,6551,0,2630,259,0,121,3508,0,17,96,0,4,535,1131,1716,0,0,135,,,,,,,2025-01-01,9181,3525,46.5,1851
MSitAE-JANUARY-2025,RXR,NHS ENGLAND NORTH WEST,EAST LANCASHIRE HOSPITALS NHS TRUST,12294,0,9797,0,0,0,4986,0,834,0,0,0,354,1310,3983,0,93,1692,,,,,,,2025-01-01,22091,5820,59.4,5768
MSitAE-JANUARY-2025,RY5,NHS ENGLAND MIDLANDS,LINCOLNSHIRE COMMUNITY HEALTH SERVICES NHS TRUST,0,0,7706,0,0,0,0,0,273,0,0,0,0,0,0,0,0,0,,,,,,,2025-01-01,7706,273,,0
MSitAE-JULY-2024,AAH,NHS ENGLAND SOUTH WEST,TETBURY HOSPITAL TRUST LTD,0,0,656,0,0,0,0,0,0,0,0,0,0,0,0,0,0,0,,,,,,,2024-07-01,656,0,,0
MSitAE-JULY-2024,RAN,NHS ENGLAND LONDON,ROYAL NATIONAL ORTHOPAEDIC HOSPITAL NHS TRUST,0,0,0,0,0,0,0,0,0,0,0,0,0,0,0,0,0,33,,,,,,,2024-07-01,0,0,,33
MSitAE-JULY-2024,RJ8,NHS ENGLAND SOUTH WEST,CORNWALL PARTNERSHIP NHS FOUNDATION TRUST,0,0,0,0,0,0,0,0,0,0,0,0,0,0,0,0,11,67,,,,,,,2024-07-01,0,0,,78
MSitAE-JULY-2024,RPC,NHS ENGLAND SOUTH EAST,QUEEN VICTORIA HOSPITAL NHS FOUNDATION TRUST,0,0,1576,0,0,0,0,0,13,0,0,0,0,0,0,0,1,561,,,,,,,2024-07-01,1576,13,,562
MSitAE-JULY-2024,ACH01,NHS ENGLAND SOUTH EAST,WHITSTABLE MEDICAL PRACTICE,0,0,4629,0,0,0,0,0,0,0,0,0,0,0,0,0,0,0,,,,,,,2024-07-01,4629,0,,0
MSitAE-JULY-2024,AQN04,NHS ENGLAND SOUTH EAST,PHL LYMINGTON UTC,0,0,3193,0,0,9,0,0,0,0,0,0,0,0,0,0,0,0,,,,,,,2024-07-01,3193,0,,0
MSitAE-JULY-2024,C82038,NHS ENGLAND MIDLANDS,LATHAM HOUSE MEDICAL PRACTICE,0,0,380,0,0,0,0,0,0,0,0,0,0,0,0,0,0,0,,,,,,,2024-07-01,380,0,,0
MSitAE-JULY-2024,C83023,NHS ENGLAND MIDLANDS,SLEAFORD MEDICAL GROUP,0,0,505,0,0,0,0,0,0,0,0,0,0,0,0,0,0,2,,,,,,,2024-07-01,505,0,,2
MSitAE-JULY-2024,NL7,NHS ENGLAND MIDLANDS,ASSURA VERTIS URGENT CARE CENTRES (BIRMINGHAM),0,0,3649,0,0,0,0,0,0,0,0,0,0,0,0,0,0,0,,,,,,,2024-07-01,3649,0,,0
MSitAE-JULY-2024,NQTE4,NHS ENGLAND MIDLANDS,SUMMERFIELD URGENT CARE CENTRE,0,0,3274,0,0,0,0,0,0,0,0,0,0,0,0,0,0,0,,,,,,,2024-07-01,3274,0,,0
MSitAE-JULY-2024,NTV0B,NHS ENGLAND SOUTH EAST,ASHFORD WALK-IN-CENTRE,0,0,2247,0,0,0,0,0,17,0,0,0,0,0,0,0,0,0,,,,,,,2024-07-01,2247,17,,0
MSitAE-JULY-2024,NTV0W,NHS ENGLAND SOUTH EAST,WOKING WALK IN CENTRE,0,0,2614,0,0,0,0,0,62,0,0,0,0,0,0,0,0,0,,,,,,,2024-07-01,2614,62,,0
MSitAE-JULY-2024,RFF,NHS ENGLAND NORTH EAST AND YORKSHIRE,BARNSLEY HOSPITAL NHS FOUNDATION TRUST,9089,0,0,101,0,0,2632,0,0,0,0,0,225,0,3029,0,0,525,,,,,,,2024-07-01,9089,2632,71.0,3554
MSitAE-JULY-2024,RNU,NHS ENGLAND SOUTH EAST,OXFORD HEALTH NHS FOUNDATION TRUST,0,0,4206,0,0,0,0,0,395,0,0,0,0,0,0,0,0,0,,,,,,,2024-07-01,4206,395,,0
MSitAE-JULY-2024,RW1,NHS ENGLAND SOUTH EAST,SOUTHERN HEALTH NHS FOUNDATION TRUST,0,0,3000,0,0,0,0,0,32,0,0,0,0,0,0,0,0,129,,,,,,,2024-07-01,3000,32,,129
MSitAE-JULY-2024,RWY,NHS ENGLAND NORTH EAST AND YORKSHIRE,CALDERDALE AND HUDDERSFIELD NHS FOUNDATION TRUST,15931,0,0,0,0,0,4726,0,0,0,0,0,1042,3,3108,0,0,342,,,,,,,2024-07-01,15931,4726,70.3,3450
MSitAE-JULY-2024,RXL,NHS ENGLAND NORTH WEST,BLACKPOOL TEACHING HOSPITALS NHS FOUNDATION TRUST,9152,0,10024,329,0,247,4204,0,72,127,0,0,582,768,2578,0,0,1400,,,,,,,2024-07-01,19176,4276,54.1,3978
MSitAE-JULY-2024,RY7,NHS ENGLAND NORTH WEST,WIRRAL COMMUNITY HEALTH AND CARE NHS FOUNDATION TRUST,0,0,4498,0,0,0,0,0,83,0,0,0,0,0,0,0,0,0,,,,,,,2024-07-01,4498,83,,0
MSitAE-JULY-2024,RY8,NHS ENGLAND MIDLANDS,DERBYSHIRE COMMUNITY HEALTH SERVICES NHS FOUNDATION TRUST,0,0,6229,0,0,1469,0,0,111,0,0,11,0,0,0,0,0,0,,,,,,,2024-07-01,6229,111,,0
MSitAE-JULY-2024,RYF,NHS ENGLAND SOUTH WEST,SOUTH WESTERN AMBULANCE SERVICE NHS FOUNDATION TRUST,0,0,1664,0,0,0,0,0,112,0,0,0,0,0,0,0,0,0,,,,,,,2024-07-01,1664,112,,0
MSitAE-JULY-2024,Y00751,NHS ENGLAND SOUTH EAST,EAST BERKS PRIMARY CARE OOH(WAM),0,0,0,0,0,0,0,0,0,0,0,0,0,0,0,0,0,0,,,,,,,2024-07-01,0,0,,0
MSitAE-JULY-2024,Y02428,NHS ENGLAND EAST OF ENGLAND,PUTNOE WALK IN CENTRE,0,0,2802,0,0,0,0,0,0,0,0,0,0,0,0,0,0,0,,,,,,,2024-07-01,2802,0,,0
MSitAE-JULY-2024,Y02532,NHS ENGLAND NORTH WEST,MIRIAM MINOR EMERGENCY,0,0,1602,0,0,0,0,0,0,0,0,0,0,0,0,0,0,0,,,,,,,2024-07-01,1602,0,,0
MSitAE-JULY-2024,Y02615,NHS ENGLAND MIDLANDS,SOUTH BIRMINGHAM GP WALK IN CENTRE,0,0,6329,0,0,0,0,0,0,0,0,0,0,0,0,0,0,0,,,,,,,2024-07-01,6329,0,,0
MSitAE-JULY-2024,8J094,NHS ENGLAND MIDLANDS,BADGER LTD,0,0,0,0,0,2225,0,0,0,0,0,0,0,0,0,0,0,0,,,,,,,2024-07-01,0,0,,0
MSitAE-JULY-2024,G0Q0L,NHS ENGLAND LONDON,BARKING HOSPITAL UTC,0,0,2893,0,0,0,0,0,25,0,0,0,0,0,0,0,0,0,,,,,,,2024-07-01,2893,25,,0
MSitAE-JULY-2024,K6K0R,NHS ENGLAND LONDON,HAROLD WOOD POLYCLINIC UTC,0,0,2921,0,0,0,0,0,24,0,0,0,0,0,0,0,0,0,,,,,,,2024-07-01,2921,24,,0
MSitAE-JULY-2024,L83087,NHS ENGLAND SOUTH WEST,OKEHAMPTON MEDICAL CENTRE,0,0,127,0,0,0,0,0,0,0,0,0,0,0,0,0,0,0,,,,,,,2024-07-01,127,0,,0
MSitAE-JULY-2024,NNJ,NHS ENGLAND MIDLANDS,DHU HEALTH CARE C.I.C,0,0,1916,0,0,0,0,0,0,0,0,0,0,0,0,0,0,0,,,,,,,2024-07-01,1916,0,,0
MSitAE-JULY-2024,NV693,NHS ENGLAND NORTH WEST,ROSSENDALE MIU & OOH,0,0,1238,0,0,0,0,0,0,0,0,0,0,0,0,0,0,0,,,,,,,2024-07-01,1238,0,,0
MSitAE-JULY-2024,RBQ,NHS ENGLAND NORTH WEST,LIVERPOOL HEART AND CHEST HOSPITAL NHS FOUNDATION TRUST,0,0,0,0,0,0,0,0,0,0,0,0,0,0,0,0,0,154,,,,,,,2024-07-01,0,0,,154
MSitAE-JULY-2024,RGP,NHS ENGLAND EAST OF ENGLAND,JAMES PAGET UNIVERSITY HOSPITALS NHS FOUNDATION TRUST,7844,0,1338,0,0,0,3059,0,0,0,0,0,603,306,1623,0,0,423,,,,,,,2024-07-01,9182,3059,61.0,2046
MSitAE-JULY-2024,RJ6,NHS ENGLAND LONDON,CROYDON HEALTH SERVICES NHS TRUST,13230,0,4892,0,0,0,4698,0,0,0,0,0,567,445,1432,0,0,142,,,,,,,2024-07-01,18122,4698,64.5,1574
MSitAE-JULY-2024,RK9,NHS ENGLAND SOUTH WEST,UNIVERSITY HOSPITALS PLYMOUTH NHS TRUST,9222,131,5305,0,0,0,5130,0,233,0,0,0,716,561,2984,0,0,1272,,,,,,,2024-07-01,14658,5363,44.4,4256
MSitAE-JULY-2024,RXF,NHS ENGLAND NORTH EAST AND YORKSHIRE,MID YORKSHIRE TEACHING NHS TRUST,16592,159,6215,124,0,78,6711,0,507,3,0,1,2357,344,3522,0,167,995,,,,,,,2024-07-01,22966,7218,59.6,4684
MSitAE-JULY-2024,RXR,NHS ENGLAND NORTH WEST,EAST LANCASHIRE HOSPITALS NHS TRUST,13481,0,11022,0,0,0,4249,0,434,0,0,0,627,907,4178,0,88,1685,,,,,,,2024-07-01,24503,4683,68.5,5951
MSitAE-JULY-2024,RY4,NHS ENGLAND EAST OF ENGLAND,HERTFORDSHIRE COMMUNITY NHS TRUST,0,0,1166,0,0,0,0,0,93,0,0,0,0,0,0,0,0,0,,,,,,,2024-07-01,1166,93,,0
MSitAE-JULY-2024,Y02147,NHS ENGLAND LONDON,URGENT CARE CENTRE (QMS),0,0,7648,0,0,523,0,0,227,0,0,10,0,0,0,0,0,0,,,,,,,2024-07-01,7648,227,,0
MSitAE-JULY-2024,Y03007,NHS ENGLAND MIDLANDS,ERDINGTON GP HEALTH & WELLBEING WIC,0,0,0,0,0,2218,0,0,0,0,0,0,0,0,0,0,0,0,,,,,,,2024-07-01,0,0,,0
MSitAE-JULY-2024,Y07709,NHS ENGLAND SOUTH EAST,READING URGENT CARE CENTRE,0,0,2223,0,0,0,0,0,0,0,0,0,0,0,0,0,0,0,,,,,,,2024-07-01,2223,0,,0
MSitAE-JULY-2024,RL1,NHS ENGLAND MIDLANDS,THE ROBERT JONES AND AGNES HUNT ORTHOPAEDIC HOSPITAL NHS FOUNDATION TRUST,0,0,0,0,0,0,0,0,0,0,0,0,0,0,0,0,0,17,,,,,,,2024-07-01,0,0,,17
MSitAE-JULY-2024,RNS,NHS ENGLAND MIDLANDS,NORTHAMPTON GENERAL HOSPITAL NHS TRUST,10662,594,2249,1283,0,93,3390,14,30,284,0,3,539,702,2075,0,0,1306,,,,,,,2024-07-01,13505,3434,68.2,3381
MSitAE-JULY-2024,RQ3,NHS ENGLAND MIDLANDS,BIRMINGHAM WOMEN'S AND CHILDREN'S NHS FOUNDATION TRUST,4997,0,0,0,0,0,647,0,0,0,0,0,0,0,1005,0,0,165,,,,,,,2024-07-01,4997,647,87.1,1170
MSitAE-JULY-2024,RQX,NHS ENGLAND LONDON,HOMERTON HEALTHCARE NHS FOUNDATION TRUST,11481,0,0,3,0,0,1508,0,0,0,0,0,163,24,1848,0,0,344,,,,,,,2024-07-01,11481,1508,86.9,2192
MSitAE-JULY-2024,RXK,NHS ENGLAND MIDLANDS,SANDWELL AND WEST BIRMINGHAM HOSPITALS NHS TRUST,14968,1101,8150,767,0,0,7037,139,178,125,0,0,1529,818,2712,0,0,468,,,,,,,2024-07-01,24219,7354,53.0,3180
MSitAE-JULY-2024,RXQ,NHS ENGLAND SOUTH EAST,BUCKINGHAMSHIRE HEALTHCARE NHS TRUST,10262,1255,3659,0,0,0,3936,0,221,0,0,0,329,229,4074,867,0,1844,,,,,,,2024-07-01,15176,4157,61.6,6785
MSitAE-JULY-2024,RY5,NHS ENGLAND MIDLANDS,LINCOLNSHIRE COMMUNITY HEALTH SERVICES NHS TRUST,0,0,8966,0,0,0,0,0,334,0,0,0,0,0,0,0,0,0,,,,,,,2024-07-01,8966,334,,0
MSitAE-JULY-2024,Y03218,NHS ENGLAND LONDON,THE PINN UNREGISTERED WIC,0,0,970,0,0,0,0,0,0,0,0,0,0,0,0,0,0,0,,,,,,,2024-07-01,970,0,,0
MSitAE-JULY-2024,NQT51,NHS ENGLAND SOUTH EAST,STATION PLAZA HEALTH CENTRE,0,0,1136,0,0,0,0,0,0,0,0,0,0,0,0,0,0,0,,,,,,,2024-07-01,1136,0,,0
MSitAE-JULY-2024,NQT5F,NHS ENGLAND NORTH WEST,SKELMERSDALE WALK IN CENTRE,0,0,1806,0,0,0,0,0,5,0,0,0,0,0,0,0,0,0,,,,,,,2024-07-01,1806,5,,0
MSitAE-JULY-2024,NQT5H,NHS ENGLAND SOUTH WEST,PAULTON MEMORIAL HOSPITAL,0,0,1029,0,0,0,0,0,18,0,0,0,0,0,0,0,0,0,,,,,,,2024-07-01,1029,18,,0
MSitAE-JULY-2024,NTP11,NHS ENGLAND SOUTH EAST,PRACTICE PLUS GROUP HOSPITAL - SOUTHAMPTON,0,0,5291,0,0,0,0,0,307,0,0,0,0,0,0,0,0,0,,,,,,,2024-07-01,5291,307,,0
MSitAE-JULY-2024,RA2,NHS ENGLAND SOUTH EAST,ROYAL SURREY COUNTY HOSPITAL NHS FOUNDATION TRUST,6586,0,1503,629,0,3,1428,0,0,111,0,0,155,0,2470,0,0,1098,,,,,,,2024-07-01,8089,1428,78.3,3568
MSitAE-JULY-2024,RDY,NHS ENGLAND SOUTH WEST,DORSET HEALTHCARE UNIVERSITY NHS FOUNDATION TRUST,0,0,0,0,0,0,0,0,0,0,0,0,0,0,0,0,0,0,,,,,,,2024-07-01,0,0,,0
MSitAE-JULY-2024,RJN,NHS ENGLAND NORTH WEST,EAST CHESHIRE NHS TRUST,4422,0,0,68,0,47,2172,0,0,0,0,0,230,253,929,0,0,174,,,,,,,2024-07-01,4422,2172,50.9,1103
MSitAE-JULY-2024,RW4,NHS ENGLAND NORTH WEST,MERSEY CARE NHS FOUNDATION TRUST,0,0,13110,0,0,0,0,0,160,0,0,0,0,0,0,0,0,34,,,,,,,2024-07-01,13110,160,,34
MSitAE-JULY-2024,RY2,NHS ENGLAND NORTH WEST,BRIDGEWATER COMMUNITY HEALTHCARE NHS FOUNDATION TRUST,0,0,3217,0,0,166,0,0,45,0,0,3,0,0,0,0,0,0,,,,,,,2024-07-01,3217,45,,0
MSitAE-JULY-2024,AJN,NHS ENGLAND NORTH EAST AND YORKSHIRE,WORKINGTON HEALTH LIMITED,0,0,366,0,0,0,0,0,0,0,0,0,0,0,0,0,0,0,,,,,,,2024-07-01,366,0,,0
MSitAE-JULY-2024,NLX,NHS ENGLAND SOUTH WEST,SIRONA CARE & HEALTH,0,0,8873,0,0,311,0,0,496,0,0,56,0,0,0,0,0,0,,,,,,,2024-07-01,8873,496,,0
MSitAE-JULY-2024,RBT,NHS ENGLAND NORTH WEST,MID CHESHIRE HOSPITALS NHS FOUNDATION TRUST,7259,0,2939,28,0,44,3727,0,21,4,0,2,615,552,2197,0,0,1070,,,,,,,2024-07-01,10198,3748,48.7,3267
MSitAE-JULY-2024,RDU,NHS ENGLAND SOUTH EAST,FRIMLEY HEALTH NHS FOUNDATION TRUST,23320,1081,11275,0,0,0,9551,2,169,0,0,0,2267,131,6076,0,0,314,,,,,,,2024-07-01,35676,9722,59.0,6390
MSitAE-JULY-2024,RHW,NHS ENGLAND SOUTH EAST,ROYAL BERKSHIRE NHS FOUNDATION TRUST,12182,2527,0,694,25,0,3875,27,0,172,0,0,410,3,2437,0,0,864,,,,,,,2024-07-01,14709,3902,68.2,3301
MSitAE-JULY-2024,RLQ,NHS ENGLAND MIDLANDS,WYE VALLEY NHS TRUST,6152,1252,0,134,0,0,2363,0,0,25,0,0,466,331,1952,0,0,744,,,,,,,2024-07-01,7404,2363,61.6,2696
MSitAE-JULY-2024,RTP,NHS ENGLAND SOUTH EAST,SURREY AND SUSSEX HEALTHCARE NHS TRUST,10561,0,0,0,0,0,2695,0,0,0,0,0,578,378,3189,0,0,939,,,,,,,2024-07-01,10561,2695,74.5,4128
MSitAE-JULY-2024,RTQ,NHS ENGLAND SOUTH WEST,GLOUCESTERSHIRE HEALTH AND CARE NHS FOUNDATION TRUST,0,0,7578,0,0,0,0,0,15,0,0,0,0,0,0,0,0,32,,,,,,,2024-07-01,7578,15,,32
MSitAE-JULY-2024,RYY,NHS ENGLAND SOUTH EAST,KENT COMMUNITY HEALTH NHS FOUNDATION TRUST,0,0,10438,0,0,0,0,0,80,0,0,0,0,0,0,0,0,0,,,,,,,2024-07-01,10438,80,,0
MSitAE-JULY-2024,C82009,NHS ENGLAND MIDLANDS,MARKET HARBOROUGH MED.CTR,0,0,286,0,0,0,0,0,0,0,0,0,0,0,0,0,0,0,,,,,,,2024-07-01,286,0,,0
MSitAE-JULY-2024,NDJ,NHS ENGLAND SOUTH EAST,FIRST COMMUNITY HEALTH AND CARE CIC,0,0,2379,0,0,0,0,0,0,0,0,0,0,0,0,0,0,0,,,,,,,2024-07-01,2379,0,,0
MSitAE-JULY-2024,NNF09,NHS ENGLAND NORTH EAST AND YORKSHIRE,BRANSHOLME HEALTH CENTRE,0,0,3662,0,0,0,0,0,475,0,0,0,0,0,0,0,0,0,,,,,,,2024-07-01,3662,475,,0
MSitAE-JULY-2024,NNF94,NHS ENGLAND NORTH EAST AND YORKSHIRE,EAST RIDING COMMUNITY HOSPITAL,0,0,2809,0,0,0,0,0,263,0,0,0,0,0,0,0,0,0,,,,,,,2024-07-01,2809,263,,0
MSitAE-JULY-2024,NNFA7,NHS ENGLAND NORTH EAST AND YORKSHIRE,GOOLE & DISTRICT HOSPITAL,0,0,1618,0,0,0,0,0,7,0,0,0,0,0,0,0,0,0,,,,,,,2024-07-01,1618,7,,0
MSitAE-JULY-2024,R0A,NHS ENGLAND NORTH WEST,MANCHESTER UNIVERSITY NHS FOUNDATION TRUST,24235,3165,12026,3865,548,1102,10209,95,603,1588,25,116,3786,483,5654,159,160,450,,,,,,,2024-07-01,39426,10907,57.9,6423
MSitAE-JULY-2024,RA7,NHS ENGLAND SOUTH WEST,UNIVERSITY HOSPITALS BRISTOL AND WESTON NHS FOUNDATION TRUST,15165,2339,0,0,0,0,5206,133,0,0,0,0,1140,146,5280,8,0,1468,,,,,,,2024-07-01,17504,5339,65.7,6756
MSitAE-JULY-2024,RA9,NHS ENGLAND SOUTH WEST,TORBAY AND SOUTH DEVON NHS FOUNDATION TRUST,6774,0,3574,397,0,144,3060,0,15,163,0,1,320,45,2181,0,0,1206,,,,,,,2024-07-01,10348,3075,54.8,3387
MSitAE-JULY-2024,RAE,NHS ENGLAND NORTH EAST AND YORKSHIRE,BRADFORD TEACHING HOSPITALS NHS FOUNDATION TRUST,9302,1030,3464,0,0,0,2186,0,0,0,0,0,602,97,2450,0,64,1439,,,,,,,2024-07-01,13796,2186,76.5,3953
MSitAE-JULY-2024,RAJ,NHS ENGLAND EAST OF ENGLAND,MID AND SOUTH ESSEX NHS FOUNDATION TRUST,30718,0,5851,15,0,3,9770,0,237,9,0,0,3026,36,8977,0,244,1305,,,,,,,2024-07-01,36569,10007,68.2,10526
MSitAE-JULY-2024,RBD,NHS ENGLAND SOUTH WEST,DORSET COUNTY HOSPITAL NHS FOUNDATION TRUST,4605,0,0,304,0,3749,2025,0,0,99,0,4,222,38,1867,0,0,524,,,,,,,2024-07-01,4605,2025,56.0,2391
MSitAE-JULY-2024,RC9,NHS ENGLAND EAST OF ENGLAND,BEDFORDSHIRE HOSPITALS NHS FOUNDATION TRUST,16511,0,7919,0,0,959,6091,0,0,0,0,0,82,4,4768,0,0,2017,,,,,,,2024-07-01,24430,6091,63.1,6785
MSitAE-JULY-2024,RCF,NHS ENGLAND NORTH EAST AND YORKSHIRE,AIREDALE NHS FOUNDATION TRUST,6135,306,0,462,0,0,2461,0,0,0,0,0,465,112,1530,0,0,609,,,,,,,2024-07-01,6441,2461,59.9,2139
MSitAE-JULY-2024,RCX,NHS ENGLAND EAST OF ENGLAND,"THE QUEEN ELIZABETH HOSPITAL, KING'S LYNN, NHS FOUNDATION TRUST",6907,0,1176,0,0,0,2271,0,0,0,0,0,241,73,2056,0,0,305,,,,,,,2024-07-01,8083,2271,67.1,2361
MSitAE-JULY-2024,REM,NHS ENGLAND NORTH WEST,LIVERPOOL UNIVERSITY HOSPITALS NHS FOUNDATION TRUST,15532,1877,7848,427,0,0,6837,36,133,71,0,0,1782,754,5231,0,0,2853,,,,,,,2024-07-01,25257,7006,56.0,8084
MSitAE-JULY-2024,REP,NHS ENGLAND NORTH WEST,LIVERPOOL WOMEN'S NHS FOUNDATION TRUST,0,1393,0,0,136,0,0,126,0,0,0,0,0,0,0,118,0,19,,,,,,,2024-07-01,1393,126,,137
MSitAE-JULY-2024,RJC,NHS ENGLAND MIDLANDS,SOUTH WARWICKSHIRE UNIVERSITY NHS FOUNDATION TRUST,8408,0,419,1,0,0,2251,0,0,0,0,0,229,3,2238,0,0,784,,,,,,,2024-07-01,8827,2251,73.2,3022
MSitAE-JULY-2024,RJR,NHS ENGLAND NORTH WEST,COUNTESS OF CHESTER HOSPITAL NHS FOUNDATION TRUST,5295,0,1998,0,0,0,2908,0,145,0,0,0,296,711,1651,0,0,1336,,,,,,,2024-07-01,7293,3053,45.1,2987
MSitAE-JULY-2024,RJZ,NHS ENGLAND LONDON,KING'S COLLEGE HOSPITAL NHS FOUNDATION TRUST,15940,0,8713,59,0,1203,6695,0,476,20,0,19,1487,631,2616,0,0,430,,,,,,,2024-07-01,24653,7171,58.0,3046
MSitAE-JULY-2024,RL4,NHS ENGLAND MIDLANDS,THE ROYAL WOLVERHAMPTON NHS TRUST,13273,0,7598,71,0,825,4093,0,47,17,0,0,1163,253,6010,0,0,931,,,,,,,2024-07-01,20871,4140,69.2,6941
MSitAE-JULY-2024,RMC,NHS ENGLAND NORTH WEST,BOLTON NHS FOUNDATION TRUST,7835,0,3680,56,0,52,3674,0,182,26,0,1,629,542,2242,0,123,738,,,,,,,2024-07-01,11515,3856,53.1,3103
MSitAE-JULY-2024,RP6,NHS ENGLAND LONDON,MOORFIELDS EYE HOSPITAL NHS FOUNDATION TRUST,0,6081,0,0,0,0,0,171,0,0,0,0,0,0,0,6,0,218,,,,,,,2024-07-01,6081,171,,224
MSitAE-JULY-2024,RRF,NHS ENGLAND NORTH WEST,"WRIGHTINGTON, WIGAN AND LEIGH NHS FOUNDATION TRUST",7301,0,5450,0,0,0,3376,0,23,0,0,0,1236,186,2488,0,0,794,,,,,,,2024-07-01,12751,3399,53.8,3282
MSitAE-JULY-2024,RWP,NHS ENGLAND MIDLANDS,WORCESTERSHIRE ACUTE HOSPITALS NHS TRUST,12966,0,6462,181,0,16,6462,0,9,69,0,0,780,270,3409,0,0,1204,,,,,,,2024-07-01,19428,6471,50.2,4613
MSitAE-JULY-2024,RXG,NHS ENGLAND NORTH EAST AND YORKSHIRE,SOUTH WEST YORKSHIRE PARTNERSHIP NHS FOUNDATION TRUST,0,0,0,0,0,0,0,0,0,0,0,0,0,0,0,0,0,143,,,,,,,2024-07-01,0,0,,143
MSitAE-JULY-2024,RXW,NHS ENGLAND MIDLANDS,THE SHREWSBURY AND TELFORD HOSPITAL NHS TRUST,10516,0,2339,0,0,0,5674,0,153,0,0,0,569,560,3202,0,143,2103,,,,,,,2024-07-01,12855,5827,46.0,5448
MSitAE-JULY-2024,RYG,NHS ENGLAND MIDLANDS,COVENTRY AND WARWICKSHIRE PARTNERSHIP NHS TRUST,0,0,0,0,0,0,0,0,0,0,0,0,0,0,0,0,6,74,,,,,,,2024-07-01,0,0,,80
MSitAE-JULY-2024,RYR,NHS ENGLAND SOUTH EAST,UNIVERSITY HOSPITALS SUSSEX NHS FOUNDATION TRUST,22708,1526,5399,1291,0,1046,9555,18,581,467,0,34,1666,1284,7985,38,29,1551,,,,,,,2024-07-01,29633,10154,57.9,9603
MSitAE-JULY-2024,Y02676,NHS ENGLAND SOUTH EAST,BRIGHTON STATION HEALTH CENTRE,0,0,2092,0,0,0,0,0,0,0,0,0,0,0,0,0,0,0,,,,,,,2024-07-01,2092,0,,0
MSitAE-JULY-2024,AXG,NHS ENGLAND SOUTH WEST,WILTSHIRE HEALTH & CARE,0,0,2746,0,0,0,0,0,60,0,0,0,0,0,0,0,0,0,,,,,,,2024-07-01,2746,60,,0
MSitAE-JULY-2024,NNJ07,NHS ENGLAND MIDLANDS,LOUGHBOROUGH URGENT CARE CENTRE,0,0,5477,0,0,567,0,0,6,0,0,0,0,0,0,0,0,0,,,,,,,2024-07-01,5477,6,,0
MSitAE-JULY-2024,NNJ0H,NHS ENGLAND MIDLANDS,LLR EA - THE MERLYN VAZ HEALTH & SOCIAL CARE CENTRE,0,0,180,0,0,2024,0,0,1,0,0,0,0,0,0,0,0,0,,,,,,,2024-07-01,180,1,,0
MSitAE-JULY-2024,NNJ12,NHS ENGLAND MIDLANDS,MARKET HARBOROUGH,0,0,87,0,0,346,0,0,0,0,0,0,0,0,0,0,0,0,,,,,,,2024-07-01,87,0,,0
MSitAE-JULY-2024,NNJ13,NHS ENGLAND MIDLANDS,MELTON MOWBRAY,0,0,61,0,0,350,0,0,0,0,0,0,0,0,0,0,0,0,,,,,,,2024-07-01,61,0,,0
MSitAE-JULY-2024,NNJ14,NHS ENGLAND MIDLANDS,OADBY,0,0,802,0,0,1976,0,0,0,0,0,0,0,0,0,0,0,0,,,,,,,2024-07-01,802,0,,0
MSitAE-JULY-2024,NNJ15,NHS ENGLAND MIDLANDS,OAKHAM,0,0,67,0,0,354,0,0,0,0,0,0,0,0,0,0,0,0,,,,,,,2024-07-01,67,0,,0
MSitAE-JULY-2024,NTPAD,NHS ENGLAND SOUTH EAST,PRACTICE PLUS GROUP SURGICAL CENTRE - ST MARYS PORTSMOUTH,0,0,5459,0,0,286,0,0,54,0,0,0,0,0,0,0,0,0,,,,,,,2024-07-01,5459,54,,0
MSitAE-JULY-2024,RAX,NHS ENGLAND LONDON,KINGSTON HOSPITAL NHS FOUNDATION TRUST,7078,0,8165,0,0,0,3086,0,265,0,0,0,251,223,2067,0,160,765,,,,,,,2024-07-01,15243,3351,56.4,2992
MSitAE-JULY-2024,RBS,NHS ENGLAND NORTH WEST,ALDER HEY CHILDREN'S NHS FOUNDATION TRUST,5165,0,0,0,0,0,626,0,0,0,0,0,0,0,881,0,0,299,,,,,,,2024-07-01,5165,626,87.9,1180
MSitAE-JULY-2024,RCD,NHS ENGLAND NORTH EAST AND YORKSHIRE,HARROGATE AND DISTRICT NHS FOUNDATION TRUST,5111,0,1025,303,0,33,1591,0,0,65,0,0,377,39,1130,0,0,312,,,,,,,2024-07-01,6136,1591,68.9,1442
MSitAE-JULY-2024,RCU,NHS ENGLAND NORTH EAST AND YORKSHIRE,SHEFFIELD CHILDREN'S NHS FOUNDATION TRUST,4330,0,273,286,0,21,267,0,0,22,0,0,4,1,851,0,0,75,,,,,,,2024-07-01,4603,267,93.8,926
MSitAE-JULY-2024,RD8,NHS ENGLAND EAST OF ENGLAND,MILTON KEYNES UNIVERSITY HOSPITAL NHS FOUNDATION TRUST,8444,0,5142,521,0,153,3225,0,112,209,0,0,371,0,2068,0,0,428,,,,,,,2024-07-01,13586,3337,61.8,2496
MSitAE-JULY-2024,RDR,NHS ENGLAND SOUTH EAST,SUSSEX COMMUNITY NHS FOUNDATION TRUST,0,0,12493,0,0,0,0,0,152,0,0,0,0,0,0,0,0,0,,,,,,,2024-07-01,12493,152,,0
MSitAE-JULY-2024,RFS,NHS ENGLAND MIDLANDS,CHESTERFIELD ROYAL HOSPITAL NHS FOUNDATION TRUST,7428,0,1528,221,0,62,3018,0,130,73,0,3,823,112,2841,0,309,632,,,,,,,2024-07-01,8956,3148,59.4,3782
MSitAE-JULY-2024,RH8,NHS ENGLAND SOUTH WEST,ROYAL DEVON UNIVERSITY HEALTHCARE NHS FOUNDATION TRUST,12929,0,4287,1160,0,74,4862,0,19,395,0,2,745,15,4140,0,0,2228,,,,,,,2024-07-01,17216,4881,62.4,6368
MSitAE-JULY-2024,RJ7,NHS ENGLAND LONDON,ST GEORGE'S UNIVERSITY HOSPITALS NHS FOUNDATION TRUST,9127,0,3435,457,0,0,2349,0,0,48,0,0,541,663,2653,0,0,753,,,,,,,2024-07-01,12562,2349,74.3,3406
MSitAE-JULY-2024,RN7,NHS ENGLAND SOUTH EAST,DARTFORD AND GRAVESHAM NHS TRUST,11348,0,3690,0,0,0,3745,0,34,0,0,0,816,149,2933,0,0,441,,,,,,,2024-07-01,15038,3779,67.0,3374
MSitAE-JULY-2024,RR7,NHS ENGLAND NORTH EAST AND YORKSHIRE,GATESHEAD HEALTH NHS FOUNDATION TRUST,6017,0,3687,59,0,2,2788,0,36,3,0,1,988,3,1763,0,0,50,,,,,,,2024-07-01,9704,2824,53.7,1813
MSitAE-JULY-2024,RTK,NHS ENGLAND SOUTH EAST,ASHFORD AND ST PETER'S HOSPITALS NHS FOUNDATION TRUST,10039,0,0,0,0,0,3151,0,0,0,0,0,619,182,2938,0,0,543,,,,,,,2024-07-01,10039,3151,68.6,3481
MSitAE-JULY-2024,RTX,NHS ENGLAND NORTH WEST,UNIVERSITY HOSPITALS OF MORECAMBE BAY NHS FOUNDATION TRUST,9254,0,3424,192,0,691,2796,0,95,31,0,44,536,351,3094,0,16,1019,,,,,,,2024-07-01,12678,2891,69.8,4129
MSitAE-JULY-2024,RVW,NHS ENGLAND NORTH EAST AND YORKSHIRE,NORTH TEES AND HARTLEPOOL NHS FOUNDATION TRUST,4789,0,11526,0,0,0,2047,0,31,0,0,0,106,0,1710,0,534,2255,,,,,,,2024-07-01,16315,2078,57.3,4499
MSitAE-JULY-2024,RWA,NHS ENGLAND NORTH EAST AND YORKSHIRE,HULL UNIVERSITY TEACHING HOSPITALS NHS TRUST,9464,0,4425,0,0,0,4752,0,447,0,0,0,963,214,3747,0,0,2026,,,,,,,2024-07-01,13889,5199,49.8,5773
MSitAE-JULY-2024,RWW,NHS ENGLAND NORTH WEST,WARRINGTON AND HALTON TEACHING HOSPITALS NHS FOUNDATION TRUST,6856,0,3106,251,0,98,3351,0,86,83,0,1,849,511,1785,0,0,177,,,,,,,2024-07-01,9962,3437,51.1,1962
MSitAE-JULY-2024,RXC,NHS ENGLAND SOUTH EAST,EAST SUSSEX HEALTHCARE NHS TRUST,10715,0,2643,0,0,1241,3027,0,19,0,0,0,274,14,3524,0,0,574,,,,,,,2024-07-01,13358,3046,71.7,4098
MSitAE-JULY-2024,RXN,NHS ENGLAND NORTH WEST,LANCASHIRE TEACHING HOSPITALS NHS FOUNDATION TRUST,12244,0,3617,84,0,18,4395,0,180,15,0,3,1058,219,3168,0,109,1257,,,,,,,2024-07-01,15861,4575,64.1,4534
MSitAE-JULY-2024,RYX,NHS ENGLAND LONDON,CENTRAL LONDON COMMUNITY HEALTHCARE NHS TRUST,0,0,11886,0,0,475,0,0,204,0,0,11,0,0,0,0,0,0,,,,,,,2024-07-01,11886,204,,0
MSitAE-JULY-2024,ARN03,NHS ENGLAND NORTH EAST AND YORKSHIRE,LOCAL CARE DIRECT,0,0,1936,0,0,310,0,0,0,0,0,0,0,0,0,0,0,0,,,,,,,2024-07-01,1936,0,,0
MSitAE-JULY-2024,NR3,NHS ENGLAND MIDLANDS,NOTTINGHAM CITYCARE PARTNERSHIP,0,0,5272,0,0,275,0,0,161,0,0,0,0,0,0,0,0,0,,,,,,,2024-07-01,5272,161,,0
MSitAE-JULY-2024,R0B,NHS ENGLAND NORTH EAST AND YORKSHIRE,SOUTH TYNESIDE AND SUNDERLAND NHS FOUNDATION TRUST,11554,1366,6113,469,0,1409,4850,30,143,190,0,31,439,3,4640,23,0,1156,,,,,,,2024-07-01,19033,5023,58.0,5819
MSitAE-JULY-2024,R0D,NHS ENGLAND SOUTH WEST,UNIVERSITY HOSPITALS DORSET NHS FOUNDATION TRUST,13604,0,5037,0,0,0,4948,0,0,0,0,0,897,127,4263,5,0,2403,,,,,,,2024-07-01,18641,4948,63.6,6671
MSitAE-JULY-2024,R1F,NHS ENGLAND SOUTH EAST,ISLE OF WIGHT NHS TRUST,4595,0,1502,26,0,22,2063,0,0,18,0,0,246,63,1083,0,0,280,,,,,,,2024-07-01,6097,2063,55.1,1363
MSitAE-JULY-2024,R1K,NHS ENGLAND LONDON,LONDON NORTH WEST UNIVERSITY HEALTHCARE NHS TRUST,13350,0,15205,0,0,0,5877,0,110,0,0,0,589,315,6909,0,0,420,,,,,,,2024-07-01,28555,5987,56.0,7329
MSitAE-JULY-2024,RAS,NHS ENGLAND LONDON,THE HILLINGDON HOSPITALS NHS FOUNDATION TRUST,6079,0,6799,0,0,0,3513,0,142,0,0,0,325,17,2778,0,0,228,,,,,,,2024-07-01,12878,3655,42.2,3006
MSitAE-JULY-2024,RBK,NHS ENGLAND MIDLANDS,WALSALL HEALTHCARE NHS TRUST,9187,0,4065,15,0,149,2499,0,179,1,0,0,696,30,3998,0,0,704,,,,,,,2024-07-01,13252,2678,72.8,4702
MSitAE-JULY-2024,RCB,NHS ENGLAND NORTH EAST AND YORKSHIRE,YORK AND SCARBOROUGH TEACHING HOSPITALS NHS FOUNDATION TRUST,10808,399,7039,0,0,0,6002,0,279,0,0,0,806,583,4493,0,0,1579,,,,,,,2024-07-01,18246,6281,44.5,6072
MSitAE-JULY-2024,REF,NHS ENGLAND SOUTH WEST,ROYAL CORNWALL HOSPITALS NHS TRUST,6708,0,13834,0,0,0,3878,0,862,0,0,0,579,510,2287,0,48,1475,,,,,,,2024-07-01,20542,4740,42.2,3810
MSitAE-JULY-2024,RF4,NHS ENGLAND LONDON,"BARKING, HAVERING AND REDBRIDGE UNIVERSITY HOSPITALS NHS TRUST",12880,2370,13516,0,0,0,5125,365,159,0,0,0,717,633,7649,0,0,449,,,,,,,2024-07-01,28766,5649,60.2,8098
MSitAE-JULY-2024,RFR,NHS ENGLAND NORTH EAST AND YORKSHIRE,THE ROTHERHAM NHS FOUNDATION TRUST,8700,0,0,0,0,0,2791,0,0,0,0,0,402,0,3094,0,0,604,,,,,,,2024-07-01,8700,2791,67.9,3698
MSitAE-JULY-2024,RGN,NHS ENGLAND EAST OF ENGLAND,NORTH WEST ANGLIA NHS FOUNDATION TRUST,14267,0,4913,282,0,486,5004,0,211,76,0,16,478,709,3669,0,71,1540,,,,,,,2024-07-01,19180,5215,64.9,5280
MSitAE-JULY-2024,RGR,NHS ENGLAND EAST OF ENGLAND,WEST SUFFOLK NHS FOUNDATION TRUST,7823,0,733,51,0,0,2344,0,0,0,0,0,440,290,2111,0,0,606,,,,,,,2024-07-01,8556,2344,70.0,2717
MSitAE-JULY-2024,RGT,NHS ENGLAND EAST OF ENGLAND,CAMBRIDGE UNIVERSITY HOSPITALS NHS FOUNDATION TRUST,10480,0,6358,279,0,296,5065,0,63,106,0,9,568,534,2791,0,34,426,,,,,,,2024-07-01,16838,5128,51.7,3251
MSitAE-JULY-2024,RJE,NHS ENGLAND MIDLANDS,UNIVERSITY HOSPITALS OF NORTH MIDLANDS NHS TRUST,13507,508,8531,595,0,520,6483,0,110,222,0,6,974,903,5207,0,0,3395,,,,,,,2024-07-01,22546,6593,52.0,8602
MSitAE-JULY-2024,RKB,NHS ENGLAND MIDLANDS,UNIVERSITY HOSPITALS COVENTRY AND WARWICKSHIRE NHS TRUST,11762,841,6231,0,0,0,5856,207,330,0,0,0,102,15,1771,55,97,561,,,,,,,2024-07-01,18834,6393,50.2,2484
MSitAE-JULY-2024,RKE,NHS ENGLAND LONDON,WHITTINGTON HEALTH NHS TRUST,9387,0,0,0,0,0,2604,0,0,0,0,0,241,341,1091,0,0,70,,,,,,,2024-07-01,9387,2604,72.3,1161
MSitAE-JULY-2024,RN3,NHS ENGLAND SOUTH WEST,GREAT WESTERN HOSPITALS NHS FOUNDATION TRUST,5525,0,5782,0,0,2,2309,0,280,0,0,1,630,0,2454,0,0,1395,,,,,,,2024-07-01,11307,2589,58.2,3849
MSitAE-JULY-2024,RNA,NHS ENGLAND MIDLANDS,THE DUDLEY GROUP NHS FOUNDATION TRUST,9105,0,4423,2,0,707,2739,0,120,2,0,0,2094,90,3592,0,0,2169,,,,,,,2024-07-01,13528,2859,69.9,5761
MSitAE-JULY-2024,RNN,NHS ENGLAND NORTH EAST AND YORKSHIRE,NORTH CUMBRIA INTEGRATED CARE NHS FOUNDATION TRUST,9375,0,2102,371,0,33,3960,0,44,112,0,2,745,364,2531,0,0,830,,,,,,,2024-07-01,11477,4004,57.8,3361
MSitAE-JULY-2024,RNQ,NHS ENGLAND MIDLANDS,KETTERING GENERAL HOSPITAL NHS FOUNDATION TRUST,9884,0,8727,341,0,0,3377,0,56,0,0,0,1428,0,2109,0,0,210,,,,,,,2024-07-01,18611,3433,65.8,2319
MSitAE-JULY-2024,RNZ,NHS ENGLAND SOUTH WEST,SALISBURY NHS FOUNDATION TRUST,4932,382,1806,140,0,0,1902,0,0,56,0,0,356,6,1369,0,0,969,,,,,,,2024-07-01,7120,1902,61.4,2338
MSitAE-JULY-2024,RQW,NHS ENGLAND EAST OF ENGLAND,THE PRINCESS ALEXANDRA HOSPITAL NHS TRUST,8469,0,1851,0,0,676,4066,0,0,0,0,0,451,121,2151,0,0,469,,,,,,,2024-07-01,10320,4066,52.0,2620
MSitAE-JULY-2024,RRK,NHS ENGLAND MIDLANDS,UNIVERSITY HOSPITALS BIRMINGHAM NHS FOUNDATION TRUST,34297,377,1666,18,0,254,13679,0,67,9,0,9,2891,1665,11732,0,0,6270,,,,,,,2024-07-01,36340,13746,60.1,18002
MSitAE-JULY-2024,RRV,NHS ENGLAND LONDON,UNIVERSITY COLLEGE LONDON HOSPITALS NHS FOUNDATION TRUST,13213,0,0,304,0,0,3515,0,0,0,0,0,349,54,1442,0,0,265,,,,,,,2024-07-01,13213,3515,73.4,1707
MSitAE-JULY-2024,RTD,NHS ENGLAND NORTH EAST AND YORKSHIRE,THE NEWCASTLE UPON TYNE HOSPITALS NHS FOUNDATION TRUST,12099,1737,4909,0,0,818,4706,85,0,0,0,0,465,37,3584,20,0,2934,,,,,,,2024-07-01,18745,4791,61.1,6538
MSitAE-JULY-2024,RTE,NHS ENGLAND SOUTH WEST,GLOUCESTERSHIRE HOSPITALS NHS FOUNDATION TRUST,12612,0,0,229,0,0,4685,0,0,59,0,0,445,456,2805,0,0,2041,,,,,,,2024-07-01,12612,4685,62.9,4846
MSitAE-JULY-2024,RTR,NHS ENGLAND NORTH EAST AND YORKSHIRE,SOUTH TEES HOSPITALS NHS FOUNDATION TRUST,7444,0,9263,0,0,1704,3760,0,435,0,0,54,226,4,2576,0,170,2189,,,,,,,2024-07-01,16707,4195,49.5,4935
MSitAE-JULY-2024,RV9,NHS ENGLAND NORTH EAST AND YORKSHIRE,HUMBER TEACHING NHS FOUNDATION TRUST,0,0,1182,0,0,53,0,0,32,0,0,0,0,0,0,0,0,0,,,,,,,2024-07-01,1182,32,,0
MSitAE-JULY-2024,RVJ,NHS ENGLAND SOUTH WEST,NORTH BRISTOL NHS TRUST,8986,0,0,37,0,0,2757,0,0,12,0,0,616,125,2479,0,0,2060,,,,,,,2024-07-01,8986,2757,69.3,4539
MSitAE-JULY-2024,RVV,NHS ENGLAND SOUTH EAST,EAST KENT HOSPITALS UNIVERSITY NHS FOUNDATION TRUST,13166,0,12860,0,0,0,5962,0,207,0,0,0,600,1085,3097,0,605,497,,,,,,,2024-07-01,26026,6169,54.7,4199
MSitAE-JULY-2024,RWG,NHS ENGLAND EAST OF ENGLAND,WEST HERTFORDSHIRE TEACHING HOSPITALS NHS TRUST,8151,0,7940,0,0,863,2532,0,257,0,0,0,689,18,4106,0,0,667,,,,,,,2024-07-01,16091,2789,68.9,4773
MSitAE-JULY-2024,RX1,NHS ENGLAND MIDLANDS,NOTTINGHAM UNIVERSITY HOSPITALS NHS TRUST,15769,2095,340,550,0,0,7080,87,5,249,0,0,782,329,4230,0,0,4085,,,,,,,2024-07-01,18204,7172,55.1,8315
MSitAE-JULY-2024,RXP,NHS ENGLAND NORTH EAST AND YORKSHIRE,COUNTY DURHAM AND DARLINGTON NHS FOUNDATION TRUST,12782,0,4462,0,0,7125,5594,0,0,0,0,0,2052,50,4322,0,0,777,,,,,,,2024-07-01,17244,5594,56.2,5099
MSitAE-JULY-2024,DT301,NHS ENGLAND EAST OF ENGLAND,HERTS URGENT CARE (ASCOTS LANE),0,0,2464,0,0,0,0,0,135,0,0,0,0,0,0,0,0,0,,,,,,,2024-07-01,2464,135,,0
MSitAE-JULY-2024,NNF16,NHS ENGLAND NORTH EAST AND YORKSHIRE,BRIDLINGTON HOSPITAL,0,0,1767,0,0,0,0,0,54,0,0,0,0,0,0,0,0,0,,,,,,,2024-07-01,1767,54,,0
MSitAE-JULY-2024,R1D,NHS ENGLAND MIDLANDS,SHROPSHIRE COMMUNITY HEALTH NHS TRUST,0,0,3623,0,0,0,0,0,6,0,0,0,0,0,0,0,0,0,,,,,,,2024-07-01,3623,6,,0
MSitAE-JULY-2024,R1H,NHS ENGLAND LONDON,BARTS HEALTH NHS TRUST,25172,1078,17776,0,0,0,11241,14,1954,0,0,0,1246,861,4757,0,0,1016,,,,,,,2024-07-01,44026,13209,55.3,5773
MSitAE-JULY-2024,RAL,NHS ENGLAND LONDON,ROYAL FREE LONDON NHS FOUNDATION TRUST,18231,0,8482,0,0,0,6919,0,157,0,0,0,952,544,3961,0,0,533,,,,,,,2024-07-01,26713,7076,62.0,4494
MSitAE-JULY-2024,RAP,NHS ENGLAND LONDON,NORTH MIDDLESEX UNIVERSITY HOSPITAL NHS TRUST,7849,584,7323,188,1,253,4280,7,720,85,0,27,313,788,1613,0,0,148,,,,,,,2024-07-01,15756,5007,45.5,1761
MSitAE-JULY-2024,RBV,NHS ENGLAND NORTH WEST,THE CHRISTIE NHS FOUNDATION TRUST,0,0,0,0,0,0,0,0,0,0,0,0,0,0,0,0,0,804,,,,,,,2024-07-01,0,0,,804
MSitAE-JULY-2024,RD1,NHS ENGLAND SOUTH WEST,ROYAL UNITED HOSPITALS BATH NHS FOUNDATION TRUST,8656,0,0,0,0,0,3172,0,0,0,0,0,583,5,2608,0,7,1654,,,,,,,2024-07-01,8656,3172,63.4,4269
MSitAE-JULY-2024,RDE,NHS ENGLAND EAST OF ENGLAND,EAST SUFFOLK AND NORTH ESSEX NHS FOUNDATION TRUST,15305,0,11976,514,0,296,7198,0,168,0,0,0,1124,259,6243,0,387,1111,,,,,,,2024-07-01,27281,7366,53.0,7741
MSitAE-JULY-2024,RET,NHS ENGLAND NORTH WEST,THE WALTON CENTRE NHS FOUNDATION TRUST,0,0,0,0,0,0,0,0,0,0,0,0,0,0,0,0,0,177,,,,,,,2024-07-01,0,0,,177
MSitAE-JULY-2024,RH5,NHS ENGLAND SOUTH WEST,SOMERSET NHS FOUNDATION TRUST,13431,0,10214,0,0,0,5448,0,170,0,0,0,357,8,3370,0,0,2047,,,,,,,2024-07-01,23645,5618,59.4,5417
MSitAE-JULY-2024,RHQ,NHS ENGLAND NORTH EAST AND YORKSHIRE,SHEFFIELD TEACHING HOSPITALS NHS FOUNDATION TRUST,9397,1226,7165,327,1,971,4689,0,110,143,0,11,1076,16,3669,0,0,3146,,,,,,,2024-07-01,17788,4799,50.1,6815
MSitAE-JULY-2024,RJ1,NHS ENGLAND LONDON,GUY'S AND ST THOMAS' NHS FOUNDATION TRUST,10650,809,6828,0,0,0,4436,0,338,0,0,0,96,66,2370,0,0,261,,,,,,,2024-07-01,18287,4774,58.3,2631
MSitAE-JULY-2024,RLT,NHS ENGLAND MIDLANDS,GEORGE ELIOT HOSPITAL NHS TRUST,6856,0,1837,0,0,0,2191,0,17,0,0,0,522,133,973,0,0,16,,,,,,,2024-07-01,8693,2208,68.0,989
MSitAE-JULY-2024,RM3,NHS ENGLAND NORTH WEST,NORTHERN CARE ALLIANCE NHS FOUNDATION TRUST,25778,0,9312,0,0,0,11400,0,388,0,0,0,1749,791,6952,0,365,1790,,,,,,,2024-07-01,35090,11788,55.8,9107
MSitAE-JULY-2024,RMP,NHS ENGLAND NORTH WEST,TAMESIDE AND GLOSSOP INTEGRATED CARE NHS FOUNDATION TRUST,8799,0,2567,436,0,242,4269,0,0,0,0,0,836,126,1832,0,0,366,,,,,,,2024-07-01,11366,4269,51.5,2198
MSitAE-JULY-2024,RP5,NHS ENGLAND NORTH EAST AND YORKSHIRE,DONCASTER AND BASSETLAW TEACHING HOSPITALS NHS FOUNDATION TRUST,13840,0,4123,0,0,0,5411,0,10,0,0,0,1036,236,3839,0,392,1063,,,,,,,2024-07-01,17963,5421,60.9,5294
MSitAE-JULY-2024,RQM,NHS ENGLAND LONDON,CHELSEA AND WESTMINSTER HOSPITAL NHS FOUNDATION TRUST,19890,0,6153,630,0,0,5427,0,149,0,0,0,581,42,2814,0,0,370,,,,,,,2024-07-01,26043,5576,72.7,3184
MSitAE-JULY-2024,RR8,NHS ENGLAND NORTH EAST AND YORKSHIRE,LEEDS TEACHING HOSPITALS NHS TRUST,17341,765,11634,31,0,32,6911,0,109,12,0,0,1527,324,3595,0,0,1242,,,,,,,2024-07-01,29740,7020,60.1,4837
MSitAE-JULY-2024,RTF,NHS ENGLAND NORTH EAST AND YORKSHIRE,NORTHUMBRIA HEALTHCARE NHS FOUNDATION TRUST,9996,0,12776,0,0,0,2777,0,12,0,0,0,52,0,3962,0,39,420,,,,,,,2024-07-01,22772,2789,72.2,4421
MSitAE-JULY-2024,RTG,NHS ENGLAND MIDLANDS,UNIVERSITY HOSPITALS OF DERBY AND BURTON NHS FOUNDATION TRUST,21344,0,10061,408,0,31,9283,0,1,168,0,0,888,993,4145,0,1,2616,,,,,,,2024-07-01,31405,9284,56.5,6762
MSitAE-JULY-2024,RTH,NHS ENGLAND SOUTH EAST,OXFORD UNIVERSITY HOSPITALS NHS FOUNDATION TRUST,11911,1955,2104,1488,0,112,3391,0,1,348,0,0,587,0,4416,154,14,4703,,,,,,,2024-07-01,15970,3392,71.5,9287
MSitAE-JULY-2024,RWD,NHS ENGLAND MIDLANDS,UNITED LINCOLNSHIRE HOSPITALS NHS TRUST,10123,0,10310,0,0,0,6944,0,1063,0,0,0,1011,993,4191,0,0,1289,,,,,,,2024-07-01,20433,8007,31.4,5480
MSitAE-JULY-2024,RWE,NHS ENGLAND MIDLANDS,UNIVERSITY HOSPITALS OF LEICESTER NHS TRUST,21025,2004,0,0,0,0,8652,104,0,0,0,0,1656,895,6068,3,0,3438,,,,,,,2024-07-01,23029,8756,58.8,9509
MSitAE-JULY-2024,RWF,NHS ENGLAND SOUTH EAST,MAIDSTONE AND TUNBRIDGE WELLS NHS TRUST,18284,0,2293,719,0,169,3577,0,36,90,0,0,1088,35,5094,0,0,916,,,,,,,2024-07-01,20577,3613,80.4,6010
MSitAE-JULY-2024,RWH,NHS ENGLAND EAST OF ENGLAND,EAST AND NORTH HERTFORDSHIRE NHS TRUST,9438,0,7188,0,0,0,4975,0,57,0,0,0,165,10,3255,0,102,301,,,,,,,2024-07-01,16626,5032,47.3,3658
MSitAE-JULY-2024,RWJ,NHS ENGLAND NORTH WEST,STOCKPORT NHS FOUNDATION TRUST,8420,0,1103,145,0,31,3579,0,40,63,0,2,828,260,2675,0,78,730,,,,,,,2024-07-01,9523,3619,57.5,3483
MSitAE-JULY-2024,RBL,NHS ENGLAND NORTH WEST,WIRRAL UNIVERSITY TEACHING HOSPITAL NHS FOUNDATION TRUST,7920,0,2631,15,0,153,4540,0,4,8,0,0,611,648,2067,0,0,1824,,,,,,,2024-07-01,10551,4544,42.7,3891
MSitAE-JULY-2024,RBN,NHS ENGLAND NORTH WEST,MERSEY AND WEST LANCASHIRE TEACHING HOSPITALS NHS TRUST,17086,0,7411,434,0,0,6076,0,213,74,0,0,660,385,7272,0,0,623,,,,,,,2024-07-01,24497,6289,64.4,7895
MSitAE-JULY-2024,RHM,NHS ENGLAND SOUTH EAST,UNIVERSITY HOSPITAL SOUTHAMPTON NHS FOUNDATION TRUST,11913,1320,0,138,0,0,3503,98,0,42,0,0,198,7,3782,5,0,1569,,,,,,,2024-07-01,13233,3601,70.6,5356
MSitAE-JULY-2024,RHU,NHS ENGLAND SOUTH EAST,PORTSMOUTH HOSPITALS UNIVERSITY NATIONAL HEALTH SERVICE TRUST,10175,800,3179,1276,0,738,4790,8,31,648,0,11,1544,36,3554,0,0,2488,,,,,,,2024-07-01,14154,4829,52.9,6042
MSitAE-JULY-2024,RJ2,NHS ENGLAND LONDON,LEWISHAM AND GREENWICH NHS TRUST,14381,0,10887,0,0,0,6683,0,1293,0,0,0,1024,522,4045,0,0,1456,,,,,,,2024-07-01,25268,7976,53.5,5501
MSitAE-JULY-2024,RK5,NHS ENGLAND MIDLANDS,SHERWOOD FOREST HOSPITALS NHS FOUNDATION TRUST,11291,0,5697,315,0,133,4559,0,224,152,0,3,639,148,3769,0,0,277,,,,,,,2024-07-01,16988,4783,59.6,4046
MSitAE-JULY-2024,RM1,NHS ENGLAND EAST OF ENGLAND,NORFOLK AND NORWICH UNIVERSITY HOSPITALS NHS FOUNDATION TRUST,12293,0,8747,2,0,0,3569,0,7,0,0,0,763,118,2599,0,0,1603,,,,,,,2024-07-01,21040,3576,71.0,4202
MSitAE-JULY-2024,RN5,NHS ENGLAND SOUTH EAST,HAMPSHIRE HOSPITALS NHS FOUNDATION TRUST,12578,149,625,0,0,92,4915,0,0,0,0,0,460,17,4311,14,29,1220,,,,,,,2024-07-01,13352,4915,60.9,5574
MSitAE-JULY-2024,RVR,NHS ENGLAND LONDON,EPSOM AND ST HELIER UNIVERSITY HOSPITALS NHS TRUST,11361,338,1519,332,0,14,3150,0,89,49,0,1,340,640,1929,4,0,146,,,,,,,2024-07-01,13218,3239,72.3,2079
MSitAE-JULY-2024,RWX,NHS ENGLAND SOUTH EAST,BERKSHIRE HEALTHCARE NHS FOUNDATION TRUST,0,0,1626,0,0,0,0,0,20,0,0,0,0,0,0,0,45,0,,,,,,,2024-07-01,1626,20,,45
MSitAE-JULY-2024,RYJ,NHS ENGLAND LONDON,IMPERIAL COLLEGE HEALTHCARE NHS TRUST,11938,3868,7689,0,0,429,4784,33,464,0,0,0,580,130,4198,0,0,1135,,,,,,,2024-07-01,23495,5281,59.9,5333
MSitAE-JULY-2024,RPA,NHS ENGLAND SOUTH EAST,MEDWAY NHS FOUNDATION TRUST,9054,0,6977,415,0,1092,2902,0,753,83,0,0,405,661,1808,0,0,589,,,,,,,2024-07-01,16031,3655,67.9,2397
MSitAE-JULY-2024,AD913,NHS ENGLAND LONDON,BECKENHAM BEACON UCC,0,0,3777,0,0,207,0,0,36,0,0,0,0,0,0,0,0,0,,,,,,,2024-07-01,3777,36,,0
MSitAE-JULY-2024,RJL,NHS ENGLAND NORTH EAST AND YORKSHIRE,NORTHERN LINCOLNSHIRE AND GOOLE NHS FOUNDATION TRUST,9141,0,6548,0,0,446,4715,0,47,0,0,1,667,953,4960,0,0,398,,,,,,,2024-07-01,15689,4762,48.4,5358
MSitAE-JUNE-2024,AJN,NHS ENGLAND NORTH EAST AND YORKSHIRE,WORKINGTON HEALTH LIMITED,0,0,365,0,0,0,0,0,0,0,0,0,0,0,0,0,0,0,,,,,,,2024-06-01,365,0,,0
MSitAE-JUNE-2024,C82038,NHS ENGLAND MIDLANDS,LATHAM HOUSE MEDICAL PRACTICE,0,0,323,0,0,0,0,0,0,0,0,0,0,0,0,0,0,0,,,,,,,2024-06-01,323,0,,0
MSitAE-JUNE-2024,L83087,NHS ENGLAND SOUTH WEST,OKEHAMPTON MEDICAL CENTRE,0,0,117,0,0,0,0,0,0,0,0,0,0,0,0,0,0,0,,,,,,,2024-06-01,117,0,,0
MSitAE-JUNE-2024,NQT5F,NHS ENGLAND NORTH WEST,SKELMERSDALE WALK IN CENTRE,0,0,1793,0,0,0,0,0,14,0,0,0,0,0,0,0,0,0,,,,,,,2024-06-01,1793,14,,0
MSitAE-JUNE-2024,NQT5H,NHS ENGLAND SOUTH WEST,PAULTON MEMORIAL HOSPITAL,0,0,1007,0,0,0,0,0,5,0,0,0,0,0,0,0,0,0,,,,,,,2024-06-01,1007,5,,0
MSitAE-JUNE-2024,NTV0B,NHS ENGLAND SOUTH EAST,ASHFORD WALK-IN-CENTRE,0,0,2397,0,0,0,0,0,42,0,0,0,0,0,0,0,0,0,,,,,,,2024-06-01,2397,42,,0
MSitAE-JUNE-2024,NTV0W,NHS ENGLAND SOUTH EAST,WOKING WALK IN CENTRE,0,0,2346,0,0,0,0,0,130,0,0,0,0,0,0,0,0,0,,,,,,,2024-06-01,2346,130,,0
MSitAE-JUNE-2024,RAN,NHS ENGLAND LONDON,ROYAL NATIONAL ORTHOPAEDIC HOSPITAL NHS TRUST,0,0,0,0,0,0,0,0,0,0,0,0,0,0,0,0,0,38,,,,,,,2024-06-01,0,0,,38
MSitAE-JUNE-2024,RK9,NHS ENGLAND SOUTH WEST,UNIVERSITY HOSPITALS PLYMOUTH NHS TRUST,9105,140,5370,0,0,0,5050,0,205,0,0,0,661,487,2737,0,0,1161,,,,,,,2024-06-01,14615,5255,44.5,3898
MSitAE-JUNE-2024,RW1,NHS ENGLAND SOUTH EAST,SOUTHERN HEALTH NHS FOUNDATION TRUST,0,0,2968,0,0,0,0,0,38,0,0,0,0,0,0,0,2,130,,,,,,,2024-06-01,2968,38,,132
MSitAE-JUNE-2024,RWY,NHS ENGLAND NORTH EAST AND YORKSHIRE,CALDERDALE AND HUDDERSFIELD NHS FOUNDATION TRUST,15680,0,0,0,0,0,5159,0,0,0,0,0,1085,1,2879,0,0,283,,,,,,,2024-06-01,15680,5159,67.1,3162
MSitAE-JUNE-2024,Y00751,NHS ENGLAND SOUTH EAST,EAST BERKS PRIMARY CARE OOH(WAM),0,0,0,0,0,0,0,0,0,0,0,0,0,0,0,0,0,0,,,,,,,2024-06-01,0,0,,0
MSitAE-JUNE-2024,Y02615,NHS ENGLAND MIDLANDS,SOUTH BIRMINGHAM GP WALK IN CENTRE,0,0,6500,0,0,0,0,0,0,0,0,0,0,0,0,0,0,0,,,,,,,2024-06-01,6500,0,,0
MSitAE-JUNE-2024,Y02676,NHS ENGLAND SOUTH EAST,BRIGHTON STATION HEALTH CENTRE,0,0,1745,0,0,0,0,0,0,0,0,0,0,0,0,0,0,0,,,,,,,2024-06-01,1745,0,,0
MSitAE-JUNE-2024,Y07709,NHS ENGLAND SOUTH EAST,READING URGENT CARE CENTRE,0,0,2150,0,0,0,0,0,0,0,0,0,0,0,0,0,0,0,,,,,,,2024-06-01,2150,0,,0
MSitAE-JUNE-2024,AAH,NHS ENGLAND SOUTH WEST,TETBURY HOSPITAL TRUST LTD,0,0,574,0,0,0,0,0,0,0,0,0,0,0,0,0,0,0,,,,,,,2024-06-01,574,0,,0
MSitAE-JUNE-2024,AQN04,NHS ENGLAND SOUTH EAST,PHL LYMINGTON UTC,0,0,2997,0,0,9,0,0,29,0,0,0,0,0,0,0,0,0,,,,,,,2024-06-01,2997,29,,0
MSitAE-JUNE-2024,NL7,NHS ENGLAND MIDLANDS,ASSURA VERTIS URGENT CARE CENTRES (BIRMINGHAM),0,0,3791,0,0,0,0,0,0,0,0,0,0,0,0,0,0,0,,,,,,,2024-06-01,3791,0,,0
MSitAE-JUNE-2024,NQTE4,NHS ENGLAND MIDLANDS,SUMMERFIELD URGENT CARE CENTRE,0,0,3303,0,0,0,0,0,0,0,0,0,0,0,0,0,0,0,,,,,,,2024-06-01,3303,0,,0
MSitAE-JUNE-2024,RA9,NHS ENGLAND SOUTH WEST,TORBAY AND SOUTH DEVON NHS FOUNDATION TRUST,6512,0,3501,391,0,156,2938,0,14,159,0,0,361,76,2037,0,0,1054,,,,,,,2024-06-01,10013,2952,54.9,3091
MSitAE-JUNE-2024,RDY,NHS ENGLAND SOUTH WEST,DORSET HEALTHCARE UNIVERSITY NHS FOUNDATION TRUST,0,0,0,0,0,0,0,0,0,0,0,0,0,0,0,0,0,3,,,,,,,2024-06-01,0,0,,3
MSitAE-JUNE-2024,RJ8,NHS ENGLAND SOUTH WEST,CORNWALL PARTNERSHIP NHS FOUNDATION TRUST,0,0,0,0,0,0,0,0,0,0,0,0,0,0,0,0,10,61,,,,,,,2024-06-01,0,0,,71
MSitAE-JUNE-2024,RNU,NHS ENGLAND SOUTH EAST,OXFORD HEALTH NHS FOUNDATION TRUST,0,0,4266,0,0,0,0,0,463,0,0,0,0,0,0,0,0,0,,,,,,,2024-06-01,4266,463,,0
MSitAE-JUNE-2024,RPC,NHS ENGLAND SOUTH EAST,QUEEN VICTORIA HOSPITAL NHS FOUNDATION TRUST,0,0,1480,0,0,0,0,0,18,0,0,0,0,0,0,0,7,607,,,,,,,2024-06-01,1480,18,,614
MSitAE-JUNE-2024,RTP,NHS ENGLAND SOUTH EAST,SURREY AND SUSSEX HEALTHCARE NHS TRUST,10487,0,0,0,0,0,3114,0,0,0,0,0,640,445,3275,0,0,877,,,,,,,2024-06-01,10487,3114,70.3,4152
MSitAE-JUNE-2024,RXQ,NHS ENGLAND SOUTH EAST,BUCKINGHAMSHIRE HEALTHCARE NHS TRUST,10035,1168,3671,0,0,0,3629,0,165,0,0,0,303,231,3859,833,0,1659,,,,,,,2024-06-01,14874,3794,63.8,6351
MSitAE-JUNE-2024,RY7,NHS ENGLAND NORTH WEST,WIRRAL COMMUNITY HEALTH AND CARE NHS FOUNDATION TRUST,0,0,4533,0,0,0,0,0,124,0,0,0,0,0,0,0,0,0,,,,,,,2024-06-01,4533,124,,0
MSitAE-JUNE-2024,Y02147,NHS ENGLAND LONDON,URGENT CARE CENTRE (QMS),0,0,7619,0,0,599,0,0,209,0,0,7,0,0,0,0,0,0,,,,,,,2024-06-01,7619,209,,0
MSitAE-JUNE-2024,8J094,NHS ENGLAND MIDLANDS,BADGER LTD,0,0,0,0,0,2062,0,0,0,0,0,0,0,0,0,0,0,0,,,,,,,2024-06-01,0,0,,0
MSitAE-JUNE-2024,ARN03,NHS ENGLAND NORTH EAST AND YORKSHIRE,LOCAL CARE DIRECT,0,0,2220,0,0,263,0,0,0,0,0,0,0,0,0,0,0,0,,,,,,,2024-06-01,2220,0,,0
MSitAE-JUNE-2024,DT301,NHS ENGLAND EAST OF ENGLAND,HERTS URGENT CARE (ASCOTS LANE),0,0,2222,0,0,0,0,0,195,0,0,0,0,0,0,0,0,0,,,,,,,2024-06-01,2222,195,,0
MSitAE-JUNE-2024,G0Q0L,NHS ENGLAND LONDON,BARKING HOSPITAL UTC,0,0,2918,0,0,0,0,0,28,0,0,0,0,0,0,0,0,0,,,,,,,2024-06-01,2918,28,,0
MSitAE-JUNE-2024,K6K0R,NHS ENGLAND LONDON,HAROLD WOOD POLYCLINIC UTC,0,0,2927,0,0,0,0,0,44,0,0,0,0,0,0,0,0,0,,,,,,,2024-06-01,2927,44,,0
MSitAE-JUNE-2024,NQT51,NHS ENGLAND SOUTH EAST,STATION PLAZA HEALTH CENTRE,0,0,991,0,0,0,0,0,0,0,0,0,0,0,0,0,0,0,,,,,,,2024-06-01,991,0,,0
MSitAE-JUNE-2024,RFF,NHS ENGLAND NORTH EAST AND YORKSHIRE,BARNSLEY HOSPITAL NHS FOUNDATION TRUST,8780,0,0,397,0,0,2458,0,0,0,0,0,357,0,2880,0,0,484,,,,,,,2024-06-01,8780,2458,72.0,3364
MSitAE-JUNE-2024,RGP,NHS ENGLAND EAST OF ENGLAND,JAMES PAGET UNIVERSITY HOSPITALS NHS FOUNDATION TRUST,7323,0,1255,92,0,0,2945,0,0,35,0,0,561,226,1619,0,0,397,,,,,,,2024-06-01,8578,2945,59.8,2016
MSitAE-JUNE-2024,RR7,NHS ENGLAND NORTH EAST AND YORKSHIRE,GATESHEAD HEALTH NHS FOUNDATION TRUST,5684,0,3834,75,0,1,2224,0,47,5,0,0,752,0,1611,0,0,46,,,,,,,2024-06-01,9518,2271,60.9,1657
MSitAE-JUNE-2024,Y03007,NHS ENGLAND MIDLANDS,ERDINGTON GP HEALTH & WELLBEING WIC,0,0,0,0,0,2097,0,0,0,0,0,0,0,0,0,0,0,0,,,,,,,2024-06-01,0,0,,0
MSitAE-JUNE-2024,Y03218,NHS ENGLAND LONDON,THE PINN UNREGISTERED WIC,0,0,747,0,0,0,0,0,0,0,0,0,0,0,0,0,0,0,,,,,,,2024-06-01,747,0,,0
MSitAE-JUNE-2024,C83023,NHS ENGLAND MIDLANDS,SLEAFORD MEDICAL GROUP,0,0,491,0,0,0,0,0,0,0,0,0,0,0,0,0,0,4,,,,,,,2024-06-01,491,0,,4
MSitAE-JUNE-2024,NTP11,NHS ENGLAND SOUTH EAST,PRACTICE PLUS GROUP HOSPITAL - SOUTHAMPTON,0,0,5196,0,0,0,0,0,278,0,0,0,0,0,0,0,0,0,,,,,,,2024-06-01,5196,278,,0
MSitAE-JUNE-2024,RBQ,NHS ENGLAND NORTH WEST,LIVERPOOL HEART AND CHEST HOSPITAL NHS FOUNDATION TRUST,0,0,0,0,0,0,0,0,0,0,0,0,0,0,0,0,0,180,,,,,,,2024-06-01,0,0,,180
MSitAE-JUNE-2024,RQX,NHS ENGLAND LONDON,HOMERTON HEALTHCARE NHS FOUNDATION TRUST,11192,0,0,14,0,0,2007,0,0,0,0,0,151,20,1734,0,0,315,,,,,,,2024-06-01,11192,2007,82.1,2049
MSitAE-JUNE-2024,RW4,NHS ENGLAND NORTH WEST,MERSEY CARE NHS FOUNDATION TRUST,0,0,10278,0,0,0,0,0,477,0,0,0,0,0,0,0,0,60,,,,,,,2024-06-01,10278,477,,60
MSitAE-JUNE-2024,RXK,NHS ENGLAND MIDLANDS,SANDWELL AND WEST BIRMINGHAM HOSPITALS NHS TRUST,14968,1238,8923,938,0,0,7256,149,157,208,0,0,1523,719,2677,0,0,417,,,,,,,2024-06-01,25129,7562,51.5,3094
MSitAE-JUNE-2024,RYF,NHS ENGLAND SOUTH WEST,SOUTH WESTERN AMBULANCE SERVICE NHS FOUNDATION TRUST,0,0,1737,0,0,6,0,0,155,0,0,0,0,0,0,0,0,0,,,,,,,2024-06-01,1737,155,,0
MSitAE-JUNE-2024,AD913,NHS ENGLAND LONDON,BECKENHAM BEACON UCC,0,0,3751,0,0,232,0,0,28,0,0,0,0,0,0,0,0,0,,,,,,,2024-06-01,3751,28,,0
MSitAE-JUNE-2024,NDJ,NHS ENGLAND SOUTH EAST,FIRST COMMUNITY HEALTH AND CARE CIC,0,0,2514,0,0,0,0,0,0,0,0,0,0,0,0,0,0,0,,,,,,,2024-06-01,2514,0,,0
MSitAE-JUNE-2024,RA2,NHS ENGLAND SOUTH EAST,ROYAL SURREY COUNTY HOSPITAL NHS FOUNDATION TRUST,6655,0,1472,643,0,13,1706,0,0,140,0,0,231,4,2484,0,0,1026,,,,,,,2024-06-01,8127,1706,74.4,3510
MSitAE-JUNE-2024,RBT,NHS ENGLAND NORTH WEST,MID CHESHIRE HOSPITALS NHS FOUNDATION TRUST,7298,0,2896,89,0,60,4157,0,34,26,0,1,708,520,2234,0,0,1055,,,,,,,2024-06-01,10194,4191,43.0,3289
MSitAE-JUNE-2024,RCF,NHS ENGLAND NORTH EAST AND YORKSHIRE,AIREDALE NHS FOUNDATION TRUST,6052,225,0,507,0,0,2440,0,0,0,0,0,489,178,1496,0,0,515,,,,,,,2024-06-01,6277,2440,59.7,2011
MSitAE-JUNE-2024,RHW,NHS ENGLAND SOUTH EAST,ROYAL BERKSHIRE NHS FOUNDATION TRUST,12057,2187,0,603,43,0,3863,16,0,154,0,0,383,0,2475,1,0,826,,,,,,,2024-06-01,14244,3879,68.0,3302
MSitAE-JUNE-2024,RNQ,NHS ENGLAND MIDLANDS,KETTERING GENERAL HOSPITAL NHS FOUNDATION TRUST,9604,0,8717,443,0,0,3279,0,101,0,0,0,1342,0,2007,0,0,197,,,,,,,2024-06-01,18321,3380,65.9,2204
MSitAE-JUNE-2024,RWP,NHS ENGLAND MIDLANDS,WORCESTERSHIRE ACUTE HOSPITALS NHS TRUST,12929,0,6187,173,0,4,6285,0,16,78,0,0,815,307,3462,0,0,1174,,,,,,,2024-06-01,19116,6301,51.4,4636
MSitAE-JUNE-2024,RY5,NHS ENGLAND MIDLANDS,LINCOLNSHIRE COMMUNITY HEALTH SERVICES NHS TRUST,0,0,8619,0,0,0,0,0,186,0,0,0,0,0,0,0,0,0,,,,,,,2024-06-01,8619,186,,0
MSitAE-JUNE-2024,Y02428,NHS ENGLAND EAST OF ENGLAND,PUTNOE WALK IN CENTRE,0,0,2903,0,0,0,0,0,0,0,0,0,0,0,0,0,0,0,,,,,,,2024-06-01,2903,0,,0
MSitAE-JUNE-2024,NLX,NHS ENGLAND SOUTH WEST,SIRONA CARE & HEALTH,0,0,8844,0,0,254,0,0,533,0,0,50,0,0,0,0,0,0,,,,,,,2024-06-01,8844,533,,0
MSitAE-JUNE-2024,NNJ,NHS ENGLAND MIDLANDS,DHU HEALTH CARE C.I.C,0,0,2109,0,0,0,0,0,1,0,0,0,0,0,0,0,0,0,,,,,,,2024-06-01,2109,1,,0
MSitAE-JUNE-2024,NTPAD,NHS ENGLAND SOUTH EAST,PRACTICE PLUS GROUP SURGICAL CENTRE - ST MARYS PORTSMOUTH,0,0,5309,0,0,306,0,0,31,0,0,3,0,0,0,0,0,0,,,,,,,2024-06-01,5309,31,,0
MSitAE-JUNE-2024,R1F,NHS ENGLAND SOUTH EAST,ISLE OF WIGHT NHS TRUST,4026,0,2004,20,0,15,1791,0,3,6,0,0,214,35,1105,0,0,251,,,,,,,2024-06-01,6030,1794,55.5,1356
MSitAE-JUNE-2024,RAX,NHS ENGLAND LONDON,KINGSTON HOSPITAL NHS FOUNDATION TRUST,7002,0,8294,0,0,0,3269,0,316,0,0,0,265,290,2080,0,143,625,,,,,,,2024-06-01,15296,3585,53.3,2848
MSitAE-JUNE-2024,RBV,NHS ENGLAND NORTH WEST,THE CHRISTIE NHS FOUNDATION TRUST,0,0,0,0,0,0,0,0,0,0,0,0,0,0,0,0,0,779,,,,,,,2024-06-01,0,0,,779
MSitAE-JUNE-2024,RCX,NHS ENGLAND EAST OF ENGLAND,"THE QUEEN ELIZABETH HOSPITAL, KING'S LYNN, NHS FOUNDATION TRUST",6764,0,1129,16,0,0,2228,0,0,1,0,0,342,155,2281,0,0,612,,,,,,,2024-06-01,7893,2228,67.1,2893
MSitAE-JUNE-2024,REP,NHS ENGLAND NORTH WEST,LIVERPOOL WOMEN'S NHS FOUNDATION TRUST,0,1368,0,0,140,0,0,137,0,0,0,0,0,0,0,106,0,7,,,,,,,2024-06-01,1368,137,,113
MSitAE-JUNE-2024,RL4,NHS ENGLAND MIDLANDS,THE ROYAL WOLVERHAMPTON NHS TRUST,12890,0,7593,144,0,877,3915,0,133,28,0,0,1188,212,5864,0,0,864,,,,,,,2024-06-01,20483,4048,69.6,6728
MSitAE-JUNE-2024,RLQ,NHS ENGLAND MIDLANDS,WYE VALLEY NHS TRUST,6051,1153,0,124,0,0,2435,0,0,25,0,0,422,293,2023,0,0,624,,,,,,,2024-06-01,7204,2435,59.8,2647
MSitAE-JUNE-2024,RLT,NHS ENGLAND MIDLANDS,GEORGE ELIOT HOSPITAL NHS TRUST,7038,0,1835,0,0,0,2089,0,33,0,0,0,607,51,1078,0,0,37,,,,,,,2024-06-01,8873,2122,70.3,1115
MSitAE-JUNE-2024,RP6,NHS ENGLAND LONDON,MOORFIELDS EYE HOSPITAL NHS FOUNDATION TRUST,0,5779,0,0,0,0,0,197,0,0,0,0,0,0,0,6,0,199,,,,,,,2024-06-01,5779,197,,205
MSitAE-JUNE-2024,RQW,NHS ENGLAND EAST OF ENGLAND,THE PRINCESS ALEXANDRA HOSPITAL NHS TRUST,8277,0,1781,0,0,687,4145,0,0,0,0,0,412,124,2132,0,0,310,,,,,,,2024-06-01,10058,4145,49.9,2442
MSitAE-JUNE-2024,RVW,NHS ENGLAND NORTH EAST AND YORKSHIRE,NORTH TEES AND HARTLEPOOL NHS FOUNDATION TRUST,4588,0,11335,0,0,0,1561,0,38,0,0,0,54,0,1599,0,534,2096,,,,,,,2024-06-01,15923,1599,66.0,4229
MSitAE-JUNE-2024,RWF,NHS ENGLAND SOUTH EAST,MAIDSTONE AND TUNBRIDGE WELLS NHS TRUST,17973,0,2153,757,0,171,3312,0,51,87,0,4,914,29,4793,0,0,987,,,,,,,2024-06-01,20126,3363,81.6,5780
MSitAE-JUNE-2024,RXC,NHS ENGLAND SOUTH EAST,EAST SUSSEX HEALTHCARE NHS TRUST,10391,0,2483,0,0,1294,2950,0,14,0,0,0,286,11,3475,0,0,595,,,,,,,2024-06-01,12874,2964,71.6,4070
MSitAE-JUNE-2024,RY8,NHS ENGLAND MIDLANDS,DERBYSHIRE COMMUNITY HEALTH SERVICES NHS FOUNDATION TRUST,0,0,5816,0,0,1083,0,0,118,0,0,8,0,0,0,0,0,0,,,,,,,2024-06-01,5816,118,,0
MSitAE-JUNE-2024,RYR,NHS ENGLAND SOUTH EAST,UNIVERSITY HOSPITALS SUSSEX NHS FOUNDATION TRUST,21846,1529,5164,1298,0,1284,9494,50,640,461,0,25,1727,1011,7726,32,33,1456,,,,,,,2024-06-01,28539,10184,56.5,9247
MSitAE-JUNE-2024,RYY,NHS ENGLAND SOUTH EAST,KENT COMMUNITY HEALTH NHS FOUNDATION TRUST,0,0,10400,0,0,0,0,0,34,0,0,0,0,0,0,0,0,0,,,,,,,2024-06-01,10400,34,,0
MSitAE-JUNE-2024,ACH01,NHS ENGLAND SOUTH EAST,WHITSTABLE MEDICAL PRACTICE,0,0,4528,0,0,0,0,0,0,0,0,0,0,0,0,0,0,0,,,,,,,2024-06-01,4528,0,,0
MSitAE-JUNE-2024,NV693,NHS ENGLAND NORTH WEST,ROSSENDALE MIU & OOH,0,0,1214,0,0,0,0,0,1,0,0,0,0,0,0,0,0,0,,,,,,,2024-06-01,1214,1,,0
MSitAE-JUNE-2024,R0B,NHS ENGLAND NORTH EAST AND YORKSHIRE,SOUTH TYNESIDE AND SUNDERLAND NHS FOUNDATION TRUST,11270,1352,6033,443,0,1419,4755,25,154,181,0,40,538,2,4313,18,0,1162,,,,,,,2024-06-01,18655,4934,57.8,5493
MSitAE-JUNE-2024,RAS,NHS ENGLAND LONDON,THE HILLINGDON HOSPITALS NHS FOUNDATION TRUST,5946,0,6579,0,0,0,3447,0,181,0,0,0,410,10,2770,0,0,163,,,,,,,2024-06-01,12525,3628,42.0,2933
MSitAE-JUNE-2024,RCD,NHS ENGLAND NORTH EAST AND YORKSHIRE,HARROGATE AND DISTRICT NHS FOUNDATION TRUST,5113,0,973,355,0,37,1665,0,0,89,0,0,313,31,1181,0,0,280,,,,,,,2024-06-01,6086,1665,67.4,1461
MSitAE-JUNE-2024,RD8,NHS ENGLAND EAST OF ENGLAND,MILTON KEYNES UNIVERSITY HOSPITAL NHS FOUNDATION TRUST,8360,0,5357,670,0,136,3726,0,209,292,0,0,662,0,2046,0,0,431,,,,,,,2024-06-01,13717,3935,55.4,2477
MSitAE-JUNE-2024,REF,NHS ENGLAND SOUTH WEST,ROYAL CORNWALL HOSPITALS NHS TRUST,6521,0,12649,0,0,0,3778,0,882,0,0,0,529,523,2194,0,45,1247,,,,,,,2024-06-01,19170,4660,42.1,3486
MSitAE-JUNE-2024,REM,NHS ENGLAND NORTH WEST,LIVERPOOL UNIVERSITY HOSPITALS NHS FOUNDATION TRUST,15168,1833,7559,393,0,0,6559,124,104,63,0,0,1890,942,4996,0,0,2379,,,,,,,2024-06-01,24560,6787,56.8,7375
MSitAE-JUNE-2024,RH8,NHS ENGLAND SOUTH WEST,ROYAL DEVON UNIVERSITY HEALTHCARE NHS FOUNDATION TRUST,12641,0,4054,1223,0,53,4812,0,43,394,0,3,1042,78,4029,0,0,2220,,,,,,,2024-06-01,16695,4855,61.9,6249
MSitAE-JUNE-2024,RJ7,NHS ENGLAND LONDON,ST GEORGE'S UNIVERSITY HOSPITALS NHS FOUNDATION TRUST,8735,0,3349,866,0,0,2270,0,0,87,0,0,389,464,2539,0,0,737,,,,,,,2024-06-01,12084,2270,74.0,3276
MSitAE-JUNE-2024,RJC,NHS ENGLAND MIDLANDS,SOUTH WARWICKSHIRE UNIVERSITY NHS FOUNDATION TRUST,8443,0,397,5,0,0,2539,0,0,0,0,0,394,9,2321,0,0,719,,,,,,,2024-06-01,8840,2539,69.9,3040
MSitAE-JUNE-2024,RJN,NHS ENGLAND NORTH WEST,EAST CHESHIRE NHS TRUST,4360,0,0,71,0,29,2089,0,0,0,0,0,218,269,884,0,0,186,,,,,,,2024-06-01,4360,2089,52.1,1070
MSitAE-JUNE-2024,RKB,NHS ENGLAND MIDLANDS,UNIVERSITY HOSPITALS COVENTRY AND WARWICKSHIRE NHS TRUST,11658,1282,6828,15,0,43,6480,213,635,6,0,2,197,75,2193,87,58,902,,,,,,,2024-06-01,19768,7328,44.4,3240
MSitAE-JUNE-2024,RNS,NHS ENGLAND MIDLANDS,NORTHAMPTON GENERAL HOSPITAL NHS TRUST,10551,575,1980,1269,0,46,3527,3,24,349,0,0,447,737,1937,0,0,1287,,,,,,,2024-06-01,13106,3554,66.6,3224
MSitAE-JUNE-2024,RRF,NHS ENGLAND NORTH WEST,"WRIGHTINGTON, WIGAN AND LEIGH NHS FOUNDATION TRUST",6925,0,5397,0,0,0,3165,0,38,0,0,0,962,258,2280,0,0,759,,,,,,,2024-06-01,12322,3203,54.3,3039
MSitAE-JUNE-2024,RRV,NHS ENGLAND LONDON,UNIVERSITY COLLEGE LONDON HOSPITALS NHS FOUNDATION TRUST,12631,0,0,492,0,0,3825,0,0,0,0,0,455,115,1439,0,0,298,,,,,,,2024-06-01,12631,3825,69.7,1737
MSitAE-JUNE-2024,RTD,NHS ENGLAND NORTH EAST AND YORKSHIRE,THE NEWCASTLE UPON TYNE HOSPITALS NHS FOUNDATION TRUST,11911,1453,5085,0,0,826,4989,48,0,0,0,0,465,37,3347,14,0,2715,,,,,,,2024-06-01,18449,5037,58.1,6076
MSitAE-JUNE-2024,RWE,NHS ENGLAND MIDLANDS,UNIVERSITY HOSPITALS OF LEICESTER NHS TRUST,22235,1959,0,0,0,0,9660,73,0,0,0,0,1609,647,6337,0,0,3222,,,,,,,2024-06-01,24194,9733,56.6,9559
MSitAE-JUNE-2024,RXL,NHS ENGLAND NORTH WEST,BLACKPOOL TEACHING HOSPITALS NHS FOUNDATION TRUST,8724,0,10098,262,0,256,3972,0,56,80,0,0,452,656,2452,0,0,1287,,,,,,,2024-06-01,18822,4028,54.5,3739
MSitAE-JUNE-2024,RXR,NHS ENGLAND NORTH WEST,EAST LANCASHIRE HOSPITALS NHS TRUST,12826,0,10971,0,0,0,4246,0,444,0,0,0,521,1077,4077,0,79,1639,,,,,,,2024-06-01,23797,4690,66.9,5795
MSitAE-JUNE-2024,RXW,NHS ENGLAND MIDLANDS,THE SHREWSBURY AND TELFORD HOSPITAL NHS TRUST,10501,0,2425,0,0,0,5966,0,243,0,0,0,439,647,2908,0,146,1960,,,,,,,2024-06-01,12926,6209,43.2,5014
MSitAE-JUNE-2024,RY4,NHS ENGLAND EAST OF ENGLAND,HERTFORDSHIRE COMMUNITY NHS TRUST,0,0,1038,0,0,0,0,0,24,0,0,0,0,0,0,0,0,0,,,,,,,2024-06-01,1038,24,,0
MSitAE-JUNE-2024,AXG,NHS ENGLAND SOUTH WEST,WILTSHIRE HEALTH & CARE,0,0,2759,0,0,0,0,0,100,0,0,0,0,0,0,0,0,0,,,,,,,2024-06-01,2759,100,,0
MSitAE-JUNE-2024,C82009,NHS ENGLAND MIDLANDS,MARKET HARBOROUGH MED.CTR,0,0,351,0,0,0,0,0,0,0,0,0,0,0,0,0,0,0,,,,,,,2024-06-01,351,0,,0
MSitAE-JUNE-2024,NNF09,NHS ENGLAND NORTH EAST AND YORKSHIRE,BRANSHOLME HEALTH CENTRE,0,0,3630,0,0,0,0,0,596,0,0,0,0,0,0,0,0,0,,,,,,,2024-06-01,3630,596,,0
MSitAE-JUNE-2024,NNF94,NHS ENGLAND NORTH EAST AND YORKSHIRE,EAST RIDING COMMUNITY HOSPITAL,0,0,2879,0,0,0,0,0,450,0,0,0,0,0,0,0,0,0,,,,,,,2024-06-01,2879,450,,0
MSitAE-JUNE-2024,NNFA7,NHS ENGLAND NORTH EAST AND YORKSHIRE,GOOLE & DISTRICT HOSPITAL,0,0,1560,0,0,0,0,0,32,0,0,0,0,0,0,0,0,0,,,,,,,2024-06-01,1560,32,,0
MSitAE-JUNE-2024,NNJ07,NHS ENGLAND MIDLANDS,LOUGHBOROUGH URGENT CARE CENTRE,0,0,5953,0,0,539,0,0,17,0,0,4,0,0,0,0,0,0,,,,,,,2024-06-01,5953,17,,0
MSitAE-JUNE-2024,NNJ0H,NHS ENGLAND MIDLANDS,LLR EA - THE MERLYN VAZ HEALTH & SOCIAL CARE CENTRE,0,0,196,0,0,1968,0,0,1,0,0,0,0,0,0,0,0,0,,,,,,,2024-06-01,196,1,,0
MSitAE-JUNE-2024,NNJ12,NHS ENGLAND MIDLANDS,MARKET HARBOROUGH,0,0,109,0,0,380,0,0,0,0,0,0,0,0,0,0,0,0,,,,,,,2024-06-01,109,0,,0
MSitAE-JUNE-2024,NNJ13,NHS ENGLAND MIDLANDS,MELTON MOWBRAY,0,0,74,0,0,365,0,0,0,0,0,0,0,0,0,0,0,0,,,,,,,2024-06-01,74,0,,0
MSitAE-JUNE-2024,NNJ14,NHS ENGLAND MIDLANDS,OADBY,0,0,500,0,0,2143,0,0,1,0,0,0,0,0,0,0,0,0,,,,,,,2024-06-01,500,1,,0
MSitAE-JUNE-2024,NNJ15,NHS ENGLAND MIDLANDS,OAKHAM,0,0,89,0,0,378,0,0,0,0,0,0,0,0,0,0,0,0,,,,,,,2024-06-01,89,0,,0
MSitAE-JUNE-2024,NR3,NHS ENGLAND MIDLANDS,NOTTINGHAM CITYCARE PARTNERSHIP,0,0,5115,0,0,252,0,0,158,0,0,0,0,0,0,0,0,0,,,,,,,2024-06-01,5115,158,,0
MSitAE-JUNE-2024,R0A,NHS ENGLAND NORTH WEST,MANCHESTER UNIVERSITY NHS FOUNDATION TRUST,24223,3076,11452,3430,491,918,10837,74,630,1478,13,97,3996,364,5517,140,141,408,,,,,,,2024-06-01,38751,11541,55.3,6206
MSitAE-JUNE-2024,RA7,NHS ENGLAND SOUTH WEST,UNIVERSITY HOSPITALS BRISTOL AND WESTON NHS FOUNDATION TRUST,15122,2174,0,0,0,0,5215,88,0,0,0,0,1156,230,5180,8,0,1337,,,,,,,2024-06-01,17296,5303,65.5,6525
MSitAE-JUNE-2024,RAE,NHS ENGLAND NORTH EAST AND YORKSHIRE,BRADFORD TEACHING HOSPITALS NHS FOUNDATION TRUST,9289,947,3306,0,0,0,2260,0,0,0,0,0,587,43,2539,0,57,1499,,,,,,,2024-06-01,13542,2260,75.7,4095
MSitAE-JUNE-2024,RAJ,NHS ENGLAND EAST OF ENGLAND,MID AND SOUTH ESSEX NHS FOUNDATION TRUST,29579,0,6128,392,0,103,9148,0,156,84,0,0,3321,41,8811,0,209,1175,,,,,,,2024-06-01,35707,9304,69.1,10195
MSitAE-JUNE-2024,RBK,NHS ENGLAND MIDLANDS,WALSALL HEALTHCARE NHS TRUST,8677,0,3899,439,0,147,2729,0,129,73,0,0,749,72,3614,0,0,715,,,,,,,2024-06-01,12576,2858,68.5,4329
MSitAE-JUNE-2024,RC9,NHS ENGLAND EAST OF ENGLAND,BEDFORDSHIRE HOSPITALS NHS FOUNDATION TRUST,16576,0,8001,0,0,975,6129,0,0,0,0,0,80,6,4767,0,0,2021,,,,,,,2024-06-01,24577,6129,63.0,6788
MSitAE-JUNE-2024,RFR,NHS ENGLAND NORTH EAST AND YORKSHIRE,THE ROTHERHAM NHS FOUNDATION TRUST,8704,0,0,0,0,0,2724,0,0,0,0,0,327,0,3156,0,0,525,,,,,,,2024-06-01,8704,2724,68.7,3681
MSitAE-JUNE-2024,RGN,NHS ENGLAND EAST OF ENGLAND,NORTH WEST ANGLIA NHS FOUNDATION TRUST,13873,0,5048,215,0,570,5013,0,408,64,0,36,413,694,3373,0,95,1562,,,,,,,2024-06-01,18921,5421,63.9,5030
MSitAE-JUNE-2024,RJZ,NHS ENGLAND LONDON,KING'S COLLEGE HOSPITAL NHS FOUNDATION TRUST,15505,0,8926,91,0,1201,6941,0,739,22,0,34,1296,793,2592,0,0,471,,,,,,,2024-06-01,24431,7680,55.2,3063
MSitAE-JUNE-2024,RNA,NHS ENGLAND MIDLANDS,THE DUDLEY GROUP NHS FOUNDATION TRUST,9071,0,4549,124,0,707,2461,0,185,10,0,0,1860,266,3264,0,0,1979,,,,,,,2024-06-01,13620,2646,72.9,5243
MSitAE-JUNE-2024,RNN,NHS ENGLAND NORTH EAST AND YORKSHIRE,NORTH CUMBRIA INTEGRATED CARE NHS FOUNDATION TRUST,9054,0,2036,401,0,35,3789,0,37,93,0,0,727,407,2310,0,0,740,,,,,,,2024-06-01,11090,3826,58.2,3050
MSitAE-JUNE-2024,RNZ,NHS ENGLAND SOUTH WEST,SALISBURY NHS FOUNDATION TRUST,4628,319,1911,308,0,0,2116,0,0,140,0,0,464,0,1321,0,0,806,,,,,,,2024-06-01,6858,2116,54.3,2127
MSitAE-JUNE-2024,RR8,NHS ENGLAND NORTH EAST AND YORKSHIRE,LEEDS TEACHING HOSPITALS NHS TRUST,17347,684,11668,61,0,53,6991,0,146,9,0,0,1753,218,3631,0,0,1192,,,,,,,2024-06-01,29699,7137,59.7,4823
MSitAE-JUNE-2024,RRK,NHS ENGLAND MIDLANDS,UNIVERSITY HOSPITALS BIRMINGHAM NHS FOUNDATION TRUST,33686,305,1651,16,0,240,14020,0,44,6,0,2,2419,1775,10252,0,0,5916,,,,,,,2024-06-01,35642,14064,58.4,16168
MSitAE-JUNE-2024,RTG,NHS ENGLAND MIDLANDS,UNIVERSITY HOSPITALS OF DERBY AND BURTON NHS FOUNDATION TRUST,21447,0,9589,416,0,33,9247,0,35,175,0,0,927,916,4147,0,0,2599,,,,,,,2024-06-01,31036,9282,56.9,6746
MSitAE-JUNE-2024,RTQ,NHS ENGLAND SOUTH WEST,GLOUCESTERSHIRE HEALTH AND CARE NHS FOUNDATION TRUST,0,0,7479,0,0,0,0,0,47,0,0,0,0,0,0,0,0,25,,,,,,,2024-06-01,7479,47,,25
MSitAE-JUNE-2024,RTX,NHS ENGLAND NORTH WEST,UNIVERSITY HOSPITALS OF MORECAMBE BAY NHS FOUNDATION TRUST,9084,0,3268,198,0,629,2701,0,65,30,0,28,550,348,2967,0,22,913,,,,,,,2024-06-01,12352,2766,70.3,3902
MSitAE-JUNE-2024,RV9,NHS ENGLAND NORTH EAST AND YORKSHIRE,HUMBER TEACHING NHS FOUNDATION TRUST,0,0,1181,0,0,51,0,0,4,0,0,0,0,0,0,0,0,0,,,,,,,2024-06-01,1181,4,,0
MSitAE-JUNE-2024,RVJ,NHS ENGLAND SOUTH WEST,NORTH BRISTOL NHS TRUST,9090,0,0,19,0,0,3342,0,0,8,0,0,637,252,2789,0,0,1744,,,,,,,2024-06-01,9090,3342,63.2,4533
MSitAE-JUNE-2024,RVV,NHS ENGLAND SOUTH EAST,EAST KENT HOSPITALS UNIVERSITY NHS FOUNDATION TRUST,12539,0,12576,0,0,0,6018,0,221,0,0,0,537,1189,3324,0,599,826,,,,,,,2024-06-01,25115,6239,52.0,4749
MSitAE-JUNE-2024,RWD,NHS ENGLAND MIDLANDS,UNITED LINCOLNSHIRE HOSPITALS NHS TRUST,9852,0,10279,5,0,0,6692,0,1102,2,0,0,985,1059,4053,0,0,1162,,,,,,,2024-06-01,20131,7794,32.1,5215
MSitAE-JUNE-2024,RX1,NHS ENGLAND MIDLANDS,NOTTINGHAM UNIVERSITY HOSPITALS NHS TRUST,15585,2178,323,586,0,0,7096,111,9,264,0,0,807,445,4247,0,0,3690,,,,,,,2024-06-01,18086,7216,54.5,7937
MSitAE-JUNE-2024,RXN,NHS ENGLAND NORTH WEST,LANCASHIRE TEACHING HOSPITALS NHS FOUNDATION TRUST,11893,0,3528,206,0,62,4378,0,134,33,0,3,1027,244,2901,0,128,1103,,,,,,,2024-06-01,15421,4512,63.2,4132
MSitAE-JUNE-2024,RYG,NHS ENGLAND MIDLANDS,COVENTRY AND WARWICKSHIRE PARTNERSHIP NHS TRUST,0,0,0,0,0,0,0,0,0,0,0,0,0,0,0,0,7,71,,,,,,,2024-06-01,0,0,,78
MSitAE-JUNE-2024,R0D,NHS ENGLAND SOUTH WEST,UNIVERSITY HOSPITALS DORSET NHS FOUNDATION TRUST,13603,0,5004,0,0,0,5175,0,0,0,0,0,770,157,4090,3,0,2234,,,,,,,2024-06-01,18607,5175,62.0,6327
MSitAE-JUNE-2024,R1D,NHS ENGLAND MIDLANDS,SHROPSHIRE COMMUNITY HEALTH NHS TRUST,0,0,3341,0,0,3,0,0,8,0,0,0,0,0,0,0,0,0,,,,,,,2024-06-01,3341,8,,0
MSitAE-JUNE-2024,R1H,NHS ENGLAND LONDON,BARTS HEALTH NHS TRUST,23982,958,17725,0,0,0,11574,15,1479,0,0,0,1134,823,4761,0,0,1302,,,,,,,2024-06-01,42665,13068,51.7,6063
MSitAE-JUNE-2024,R1K,NHS ENGLAND LONDON,LONDON NORTH WEST UNIVERSITY HEALTHCARE NHS TRUST,13085,0,15312,0,0,0,6928,0,167,0,0,0,811,498,6526,0,0,345,,,,,,,2024-06-01,28397,7095,47.1,6871
MSitAE-JUNE-2024,RAP,NHS ENGLAND LONDON,NORTH MIDDLESEX UNIVERSITY HOSPITAL NHS TRUST,7867,515,7762,172,1,296,4611,5,1103,84,0,47,307,817,1597,0,0,142,,,,,,,2024-06-01,16144,5719,41.4,1739
MSitAE-JUNE-2024,RBS,NHS ENGLAND NORTH WEST,ALDER HEY CHILDREN'S NHS FOUNDATION TRUST,5739,0,0,0,0,0,942,0,0,0,0,0,0,0,1002,0,0,307,,,,,,,2024-06-01,5739,942,83.6,1309
MSitAE-JUNE-2024,RCB,NHS ENGLAND NORTH EAST AND YORKSHIRE,YORK AND SCARBOROUGH TEACHING HOSPITALS NHS FOUNDATION TRUST,11392,340,8348,0,0,0,6141,0,426,0,0,0,915,557,4529,4,0,1603,,,,,,,2024-06-01,20080,6567,46.1,6136
MSitAE-JUNE-2024,RCU,NHS ENGLAND NORTH EAST AND YORKSHIRE,SHEFFIELD CHILDREN'S NHS FOUNDATION TRUST,4810,0,319,273,0,32,408,0,0,24,0,0,9,0,896,0,0,94,,,,,,,2024-06-01,5129,408,91.5,990
MSitAE-JUNE-2024,RD1,NHS ENGLAND SOUTH WEST,ROYAL UNITED HOSPITALS BATH NHS FOUNDATION TRUST,8500,0,0,0,0,0,3106,0,0,0,0,0,731,19,2515,0,6,1522,,,,,,,2024-06-01,8500,3106,63.5,4043
MSitAE-JUNE-2024,RDE,NHS ENGLAND EAST OF ENGLAND,EAST SUFFOLK AND NORTH ESSEX NHS FOUNDATION TRUST,14872,0,12095,783,0,257,7055,0,165,0,0,0,1204,333,6198,0,362,940,,,,,,,2024-06-01,26967,7220,52.6,7500
MSitAE-JUNE-2024,RF4,NHS ENGLAND LONDON,"BARKING, HAVERING AND REDBRIDGE UNIVERSITY HOSPITALS NHS TRUST",13032,2325,13414,0,0,0,5452,321,162,0,0,0,708,484,7671,0,0,369,,,,,,,2024-06-01,28771,5935,58.2,8040
MSitAE-JUNE-2024,RFS,NHS ENGLAND MIDLANDS,CHESTERFIELD ROYAL HOSPITAL NHS FOUNDATION TRUST,7027,0,1501,214,0,94,2637,0,145,79,0,8,618,57,2670,0,291,555,,,,,,,2024-06-01,8528,2782,62.5,3516
MSitAE-JUNE-2024,RGR,NHS ENGLAND EAST OF ENGLAND,WEST SUFFOLK NHS FOUNDATION TRUST,7562,0,740,38,0,0,2837,0,0,0,0,0,523,510,2044,0,0,582,,,,,,,2024-06-01,8302,2837,62.5,2626
MSitAE-JUNE-2024,RH5,NHS ENGLAND SOUTH WEST,SOMERSET NHS FOUNDATION TRUST,13146,0,10256,0,0,0,5491,0,194,0,0,0,262,8,3180,0,0,2064,,,,,,,2024-06-01,23402,5685,58.2,5244
MSitAE-JUNE-2024,RHQ,NHS ENGLAND NORTH EAST AND YORKSHIRE,SHEFFIELD TEACHING HOSPITALS NHS FOUNDATION TRUST,8962,1122,7183,455,0,1093,4245,0,165,183,0,17,1016,7,3728,0,0,2831,,,,,,,2024-06-01,17267,4410,52.6,6559
MSitAE-JUNE-2024,RJ2,NHS ENGLAND LONDON,LEWISHAM AND GREENWICH NHS TRUST,13920,0,11086,29,0,0,6851,0,1360,6,0,0,1025,465,3874,0,0,1325,,,,,,,2024-06-01,25006,8211,50.8,5199
MSitAE-JUNE-2024,RJE,NHS ENGLAND MIDLANDS,UNIVERSITY HOSPITALS OF NORTH MIDLANDS NHS TRUST,13371,454,8862,720,0,517,6498,0,121,311,0,5,998,875,5233,0,0,3383,,,,,,,2024-06-01,22687,6619,51.4,8616
MSitAE-JUNE-2024,RJL,NHS ENGLAND NORTH EAST AND YORKSHIRE,NORTHERN LINCOLNSHIRE AND GOOLE NHS FOUNDATION TRUST,8775,0,6847,0,0,402,4764,0,50,0,0,2,592,923,4831,0,0,417,,,,,,,2024-06-01,15622,4814,45.7,5248
MSitAE-JUNE-2024,RK5,NHS ENGLAND MIDLANDS,SHERWOOD FOREST HOSPITALS NHS FOUNDATION TRUST,11024,0,5498,360,0,109,4552,0,213,178,0,2,605,84,3714,0,0,352,,,,,,,2024-06-01,16522,4765,58.7,4066
MSitAE-JUNE-2024,RKE,NHS ENGLAND LONDON,WHITTINGTON HEALTH NHS TRUST,9125,0,0,0,0,0,2598,0,0,0,0,0,208,339,1043,0,0,46,,,,,,,2024-06-01,9125,2598,71.5,1089
MSitAE-JUNE-2024,RMP,NHS ENGLAND NORTH WEST,TAMESIDE AND GLOSSOP INTEGRATED CARE NHS FOUNDATION TRUST,8285,0,2466,386,0,213,4231,0,0,0,0,0,535,31,2469,0,0,581,,,,,,,2024-06-01,10751,4231,48.9,3050
MSitAE-JUNE-2024,RN3,NHS ENGLAND SOUTH WEST,GREAT WESTERN HOSPITALS NHS FOUNDATION TRUST,5418,0,5537,0,0,181,2480,0,301,0,0,3,501,84,2308,0,0,1460,,,,,,,2024-06-01,10955,2781,54.2,3768
MSitAE-JUNE-2024,RN5,NHS ENGLAND SOUTH EAST,HAMPSHIRE HOSPITALS NHS FOUNDATION TRUST,12260,124,530,0,0,164,4225,0,0,0,0,0,529,7,4200,8,1,1069,,,,,,,2024-06-01,12914,4225,65.5,5278
MSitAE-JUNE-2024,RN7,NHS ENGLAND SOUTH EAST,DARTFORD AND GRAVESHAM NHS TRUST,11218,0,3758,0,0,0,3886,0,34,0,0,0,748,104,2921,0,0,464,,,,,,,2024-06-01,14976,3920,65.4,3385
MSitAE-JUNE-2024,RP5,NHS ENGLAND NORTH EAST AND YORKSHIRE,DONCASTER AND BASSETLAW TEACHING HOSPITALS NHS FOUNDATION TRUST,13676,0,3799,0,0,0,4626,0,23,0,0,0,852,108,4062,0,477,1103,,,,,,,2024-06-01,17475,4649,66.2,5642
MSitAE-JUNE-2024,RPA,NHS ENGLAND SOUTH EAST,MEDWAY NHS FOUNDATION TRUST,9024,0,6884,323,0,972,2860,0,697,57,0,0,355,616,1957,0,0,781,,,,,,,2024-06-01,15908,3557,68.3,2738
MSitAE-JUNE-2024,RQ3,NHS ENGLAND MIDLANDS,BIRMINGHAM WOMEN'S AND CHILDREN'S NHS FOUNDATION TRUST,5243,0,0,0,0,0,1046,0,0,0,0,0,0,0,1027,0,0,204,,,,,,,2024-06-01,5243,1046,80.0,1231
MSitAE-JUNE-2024,RQM,NHS ENGLAND LONDON,CHELSEA AND WESTMINSTER HOSPITAL NHS FOUNDATION TRUST,19566,0,6243,855,0,0,5077,0,116,0,0,0,827,63,2657,0,0,342,,,,,,,2024-06-01,25809,5193,74.1,2999
MSitAE-JUNE-2024,RTF,NHS ENGLAND NORTH EAST AND YORKSHIRE,NORTHUMBRIA HEALTHCARE NHS FOUNDATION TRUST,9433,0,12936,0,0,0,2536,0,9,0,0,0,28,1,4486,0,55,1193,,,,,,,2024-06-01,22369,2545,73.1,5734
MSitAE-JUNE-2024,RTK,NHS ENGLAND SOUTH EAST,ASHFORD AND ST PETER'S HOSPITALS NHS FOUNDATION TRUST,10146,0,0,0,0,0,3211,0,0,0,0,0,582,142,2939,0,0,556,,,,,,,2024-06-01,10146,3211,68.4,3495
MSitAE-JUNE-2024,RTR,NHS ENGLAND NORTH EAST AND YORKSHIRE,SOUTH TEES HOSPITALS NHS FOUNDATION TRUST,7245,0,9317,0,0,1633,3748,0,787,0,0,137,353,24,2498,0,107,2149,,,,,,,2024-06-01,16562,4535,48.3,4754
MSitAE-JUNE-2024,RWA,NHS ENGLAND NORTH EAST AND YORKSHIRE,HULL UNIVERSITY TEACHING HOSPITALS NHS TRUST,9116,0,4454,0,0,0,4836,0,450,0,0,0,862,463,3445,0,0,1762,,,,,,,2024-06-01,13570,5286,47.0,5207
MSitAE-JUNE-2024,RWW,NHS ENGLAND NORTH WEST,WARRINGTON AND HALTON TEACHING HOSPITALS NHS FOUNDATION TRUST,6731,0,3001,267,0,109,3210,0,92,94,0,4,641,633,1794,0,0,206,,,,,,,2024-06-01,9732,3302,52.3,2000
MSitAE-JUNE-2024,RXF,NHS ENGLAND NORTH EAST AND YORKSHIRE,MID YORKSHIRE TEACHING NHS TRUST,16962,142,6191,120,0,106,6404,0,333,11,0,1,2311,89,3532,0,180,925,,,,,,,2024-06-01,23295,6737,62.2,4637
MSitAE-JUNE-2024,RXG,NHS ENGLAND NORTH EAST AND YORKSHIRE,SOUTH WEST YORKSHIRE PARTNERSHIP NHS FOUNDATION TRUST,0,0,0,0,0,0,0,0,0,0,0,0,0,0,0,0,0,115,,,,,,,2024-06-01,0,0,,115
MSitAE-JUNE-2024,RYJ,NHS ENGLAND LONDON,IMPERIAL COLLEGE HEALTHCARE NHS TRUST,11912,3960,7425,0,0,385,4742,112,357,0,0,0,614,109,3927,1,0,1079,,,,,,,2024-06-01,23297,5211,60.2,5007
MSitAE-JUNE-2024,RDR,NHS ENGLAND SOUTH EAST,SUSSEX COMMUNITY NHS FOUNDATION TRUST,0,0,12076,0,0,0,0,0,85,0,0,0,0,0,0,0,0,0,,,,,,,2024-06-01,12076,85,,0
MSitAE-JUNE-2024,RGT,NHS ENGLAND EAST OF ENGLAND,CAMBRIDGE UNIVERSITY HOSPITALS NHS FOUNDATION TRUST,10072,0,6096,592,0,429,4963,0,83,244,0,6,449,648,2535,0,31,432,,,,,,,2024-06-01,16168,5046,50.7,2998
MSitAE-JUNE-2024,RHM,NHS ENGLAND SOUTH EAST,UNIVERSITY HOSPITAL SOUTHAMPTON NHS FOUNDATION TRUST,11461,1297,0,166,0,0,3783,77,0,55,0,0,305,9,3645,11,0,1430,,,,,,,2024-06-01,12758,3860,67.0,5086
MSitAE-JUNE-2024,RM1,NHS ENGLAND EAST OF ENGLAND,NORFOLK AND NORWICH UNIVERSITY HOSPITALS NHS FOUNDATION TRUST,12047,0,8517,315,0,1,3626,0,10,54,0,0,691,112,2591,0,0,1526,,,,,,,2024-06-01,20564,3636,69.9,4117
MSitAE-JUNE-2024,RMC,NHS ENGLAND NORTH WEST,BOLTON NHS FOUNDATION TRUST,7628,0,3462,78,0,83,3952,0,295,40,0,7,497,607,2120,0,47,712,,,,,,,2024-06-01,11090,4247,48.2,2879
MSitAE-JUNE-2024,RTE,NHS ENGLAND SOUTH WEST,GLOUCESTERSHIRE HOSPITALS NHS FOUNDATION TRUST,12603,0,0,252,0,0,5233,0,0,92,0,0,276,676,2500,0,0,1880,,,,,,,2024-06-01,12603,5233,58.5,4380
MSitAE-JUNE-2024,RWG,NHS ENGLAND EAST OF ENGLAND,WEST HERTFORDSHIRE TEACHING HOSPITALS NHS TRUST,8128,0,8198,0,0,822,2609,0,371,0,0,0,486,4,4027,0,0,629,,,,,,,2024-06-01,16326,2980,67.9,4656
MSitAE-JUNE-2024,RWJ,NHS ENGLAND NORTH WEST,STOCKPORT NHS FOUNDATION TRUST,7762,0,1012,449,0,100,3031,0,22,150,0,2,716,270,2492,0,77,678,,,,,,,2024-06-01,8774,3053,61.0,3247
MSitAE-JUNE-2024,RWX,NHS ENGLAND SOUTH EAST,BERKSHIRE HEALTHCARE NHS FOUNDATION TRUST,0,0,1629,0,0,0,0,0,19,0,0,0,0,0,0,0,35,0,,,,,,,2024-06-01,1629,19,,35
MSitAE-JUNE-2024,RY2,NHS ENGLAND NORTH WEST,BRIDGEWATER COMMUNITY HEALTHCARE NHS FOUNDATION TRUST,0,0,3173,0,0,161,0,0,19,0,0,0,0,0,0,0,0,0,,,,,,,2024-06-01,3173,19,,0
MSitAE-JUNE-2024,RBD,NHS ENGLAND SOUTH WEST,DORSET COUNTY HOSPITAL NHS FOUNDATION TRUST,4311,0,0,344,0,4200,1826,0,0,106,0,6,234,71,1727,0,0,549,,,,,,,2024-06-01,4311,1826,57.6,2276
MSitAE-JUNE-2024,RDU,NHS ENGLAND SOUTH EAST,FRIMLEY HEALTH NHS FOUNDATION TRUST,22963,941,11866,0,0,0,9744,0,156,0,0,0,2059,376,5823,0,0,314,,,,,,,2024-06-01,35770,9900,57.6,6137
MSitAE-JUNE-2024,RM3,NHS ENGLAND NORTH WEST,NORTHERN CARE ALLIANCE NHS FOUNDATION TRUST,25044,0,8709,0,0,0,10980,0,305,0,0,0,1265,1066,6873,0,363,1567,,,,,,,2024-06-01,33753,11285,56.2,8803
MSitAE-JUNE-2024,RVR,NHS ENGLAND LONDON,EPSOM AND ST HELIER UNIVERSITY HOSPITALS NHS TRUST,11286,305,1565,350,0,21,2902,0,51,38,0,1,241,668,1848,1,0,134,,,,,,,2024-06-01,13156,2953,74.3,1983
MSitAE-JUNE-2024,RJR,NHS ENGLAND NORTH WEST,COUNTESS OF CHESTER HOSPITAL NHS FOUNDATION TRUST,5098,0,1971,0,0,0,2763,0,180,0,0,0,300,597,1470,0,0,1202,,,,,,,2024-06-01,7069,2943,45.8,2672
MSitAE-JUNE-2024,RXP,NHS ENGLAND NORTH EAST AND YORKSHIRE,COUNTY DURHAM AND DARLINGTON NHS FOUNDATION TRUST,12780,0,4447,0,0,7151,5547,0,0,0,0,0,1936,26,4262,0,0,742,,,,,,,2024-06-01,17227,5547,56.6,5004
MSitAE-JUNE-2024,RYX,NHS ENGLAND LONDON,CENTRAL LONDON COMMUNITY HEALTHCARE NHS TRUST,0,0,11180,0,0,391,0,0,261,0,0,29,0,0,0,0,0,0,,,,,,,2024-06-01,11180,261,,0
MSitAE-JUNE-2024,RAL,NHS ENGLAND LONDON,ROYAL FREE LONDON NHS FOUNDATION TRUST,17990,0,8392,0,0,0,6667,0,188,0,0,0,1040,560,3834,0,0,567,,,,,,,2024-06-01,26382,6855,62.9,4401
MSitAE-JUNE-2024,RBL,NHS ENGLAND NORTH WEST,WIRRAL UNIVERSITY TEACHING HOSPITAL NHS FOUNDATION TRUST,7780,0,2781,185,0,166,4534,0,20,68,0,1,751,534,2143,0,0,1584,,,,,,,2024-06-01,10561,4554,41.7,3727
MSitAE-JUNE-2024,RL1,NHS ENGLAND MIDLANDS,THE ROBERT JONES AND AGNES HUNT ORTHOPAEDIC HOSPITAL NHS FOUNDATION TRUST,0,0,0,0,0,0,0,0,0,0,0,0,0,0,0,0,0,32,,,,,,,2024-06-01,0,0,,32
MSitAE-JUNE-2024,RTH,NHS ENGLAND SOUTH EAST,OXFORD UNIVERSITY HOSPITALS NHS FOUNDATION TRUST,12092,1819,1922,1529,0,111,4110,0,2,435,0,1,635,0,4127,133,19,4523,,,,,,,2024-06-01,15833,4112,66.0,8802
MSitAE-JUNE-2024,RWH,NHS ENGLAND EAST OF ENGLAND,EAST AND NORTH HERTFORDSHIRE NHS TRUST,9180,0,7282,5,0,15,4559,0,267,2,0,0,141,23,3469,0,79,267,,,,,,,2024-06-01,16462,4826,50.3,3815
MSitAE-JUNE-2024,RJ6,NHS ENGLAND LONDON,CROYDON HEALTH SERVICES NHS TRUST,13337,0,4958,1,0,0,4748,0,0,0,0,0,404,649,1335,0,0,116,,,,,,,2024-06-01,18295,4748,64.4,1451
MSitAE-JUNE-2024,RET,NHS ENGLAND NORTH WEST,THE WALTON CENTRE NHS FOUNDATION TRUST,0,0,0,0,0,0,0,0,0,0,0,0,0,0,0,0,0,173,,,,,,,2024-06-01,0,0,,173
MSitAE-JUNE-2024,Y02532,NHS ENGLAND NORTH WEST,MIRIAM MINOR EMERGENCY,0,0,1627,0,0,0,0,0,4,0,0,0,0,0,0,0,0,0,,,,,,,2024-06-01,1627,4,,0
MSitAE-JUNE-2024,RHU,NHS ENGLAND SOUTH EAST,PORTSMOUTH HOSPITALS UNIVERSITY NATIONAL HEALTH SERVICE TRUST,9788,742,3055,1398,0,725,5307,3,27,0,0,0,1380,33,3525,0,0,2461,,,,,,,2024-06-01,13585,5337,45.8,5986
MSitAE-JUNE-2024,RBN,NHS ENGLAND NORTH WEST,MERSEY AND WEST LANCASHIRE TEACHING HOSPITALS NHS TRUST,16606,0,7186,387,0,0,6364,0,206,47,0,0,589,311,6800,0,0,632,,,,,,,2024-06-01,23792,6570,61.7,7432
MSitAE-JUNE-2024,RJ1,NHS ENGLAND LONDON,GUY'S AND ST THOMAS' NHS FOUNDATION TRUST,10382,739,6688,0,0,0,4003,0,264,0,0,0,96,72,2114,0,0,194,,,,,,,2024-06-01,17809,4267,61.4,2308
MSitAE-MARCH-2025,RAN,NHS ENGLAND LONDON,ROYAL NATIONAL ORTHOPAEDIC HOSPITAL NHS TRUST,0,0,0,0,0,0,0,0,0,0,0,0,0,0,0,0,0,27,,,,,,,2025-03-01,0,0,,27
MSitAE-MARCH-2025,RJ8,NHS ENGLAND SOUTH WEST,CORNWALL PARTNERSHIP NHS FOUNDATION TRUST,0,0,0,0,0,0,0,0,0,0,0,0,0,0,0,0,16,74,,,,,,,2025-03-01,0,0,,90
MSitAE-MARCH-2025,RYY,NHS ENGLAND SOUTH EAST,KENT COMMUNITY HEALTH NHS FOUNDATION TRUST,0,0,9690,0,0,0,0,0,32,0,0,0,0,0,0,0,0,0,,,,,,,2025-03-01,9690,32,,0
MSitAE-MARCH-2025,Y00751,NHS ENGLAND SOUTH EAST,EAST BERKS PRIMARY CARE OOH(WAM),0,0,0,0,0,0,0,0,0,0,0,0,0,0,0,0,0,0,,,,,,,2025-03-01,0,0,,0
MSitAE-MARCH-2025,Y02676,NHS ENGLAND SOUTH EAST,BRIGHTON STATION HEALTH CENTRE,0,0,2040,0,0,0,0,0,0,0,0,0,0,0,0,0,0,0,,,,,,,2025-03-01,2040,0,,0
MSitAE-MARCH-2025,8J094,NHS ENGLAND MIDLANDS,BADGER LTD,0,0,0,0,0,1438,0,0,0,0,0,0,0,0,0,0,0,0,,,,,,,2025-03-01,0,0,,0
MSitAE-MARCH-2025,C82009,NHS ENGLAND MIDLANDS,MARKET HARBOROUGH MED.CTR,0,0,315,0,0,0,0,0,0,0,0,0,0,0,0,0,0,0,,,,,,,2025-03-01,315,0,,0
MSitAE-MARCH-2025,C82038,NHS ENGLAND MIDLANDS,LATHAM HOUSE MEDICAL PRACTICE,0,0,350,0,0,0,0,0,0,0,0,0,0,0,0,0,0,0,,,,,,,2025-03-01,350,0,,0
MSitAE-MARCH-2025,NDJ,NHS ENGLAND SOUTH EAST,FIRST COMMUNITY HEALTH AND CARE CIC,0,0,2464,0,0,0,0,0,0,0,0,0,0,0,0,0,0,0,,,,,,,2025-03-01,2464,0,,0
MSitAE-MARCH-2025,NL7,NHS ENGLAND MIDLANDS,ASSURA VERTIS URGENT CARE CENTRES (BIRMINGHAM),0,0,3164,0,0,0,0,0,0,0,0,0,0,0,0,0,0,0,,,,,,,2025-03-01,3164,0,,0
MSitAE-MARCH-2025,NQT51,NHS ENGLAND SOUTH EAST,STATION PLAZA HEALTH CENTRE,0,0,1024,0,0,0,0,0,0,0,0,0,0,0,0,0,0,0,,,,,,,2025-03-01,1024,0,,0
MSitAE-MARCH-2025,NQTE4,NHS ENGLAND MIDLANDS,SUMMERFIELD URGENT CARE CENTRE,0,0,3151,0,0,0,0,0,0,0,0,0,0,0,0,0,0,0,,,,,,,2025-03-01,3151,0,,0
MSitAE-MARCH-2025,NTV0B,NHS ENGLAND SOUTH EAST,ASHFORD WALK-IN-CENTRE,0,0,2374,0,0,0,0,0,23,0,0,0,0,0,0,0,0,0,,,,,,,2025-03-01,2374,23,,0
MSitAE-MARCH-2025,NTV0W,NHS ENGLAND SOUTH EAST,WOKING WALK IN CENTRE,0,0,2683,0,0,0,0,0,12,0,0,0,0,0,0,0,0,0,,,,,,,2025-03-01,2683,12,,0
MSitAE-MARCH-2025,RA9,NHS ENGLAND SOUTH WEST,TORBAY AND SOUTH DEVON NHS FOUNDATION TRUST,6650,0,3358,405,0,154,2977,0,47,160,0,3,285,45,2305,0,0,1183,,,,,,,2025-03-01,10008,3024,55.2,3488
MSitAE-MARCH-2025,RFF,NHS ENGLAND NORTH EAST AND YORKSHIRE,BARNSLEY HOSPITAL NHS FOUNDATION TRUST,9281,0,0,12,0,0,1838,0,0,0,0,0,229,0,3249,0,0,530,,,,,,,2025-03-01,9281,1838,80.2,3779
MSitAE-MARCH-2025,RNU,NHS ENGLAND SOUTH EAST,OXFORD HEALTH NHS FOUNDATION TRUST,0,0,3656,0,0,0,0,0,419,0,0,0,0,0,0,0,0,0,,,,,,,2025-03-01,3656,419,,0
MSitAE-MARCH-2025,RWY,NHS ENGLAND NORTH EAST AND YORKSHIRE,CALDERDALE AND HUDDERSFIELD NHS FOUNDATION TRUST,16307,0,0,0,0,0,2976,0,0,0,0,0,885,20,2750,0,0,209,,,,,,,2025-03-01,16307,2976,81.8,2959
MSitAE-MARCH-2025,Y02147,NHS ENGLAND LONDON,URGENT CARE CENTRE (QMS),0,0,8224,0,0,419,0,0,184,0,0,0,0,0,0,0,0,0,,,,,,,2025-03-01,8224,184,,0
MSitAE-MARCH-2025,Y02532,NHS ENGLAND NORTH WEST,MIRIAM MINOR EMERGENCY,0,0,1709,0,0,0,0,0,0,0,0,0,0,0,0,0,0,0,,,,,,,2025-03-01,1709,0,,0
MSitAE-MARCH-2025,Y02615,NHS ENGLAND MIDLANDS,SOUTH BIRMINGHAM GP WALK IN CENTRE,0,0,7113,0,0,0,0,0,0,0,0,0,0,0,0,0,0,0,,,,,,,2025-03-01,7113,0,,0
MSitAE-MARCH-2025,AAH,NHS ENGLAND SOUTH WEST,TETBURY HOSPITAL TRUST LTD,0,0,707,0,0,0,0,0,0,0,0,0,0,0,0,0,0,0,,,,,,,2025-03-01,707,0,,0
MSitAE-MARCH-2025,NV693,NHS ENGLAND NORTH WEST,ROSSENDALE MIU & OOH,0,0,1122,0,0,0,0,0,1,0,0,0,0,0,0,0,0,0,,,,,,,2025-03-01,1122,1,,0
MSitAE-MARCH-2025,RCD,NHS ENGLAND NORTH EAST AND YORKSHIRE,HARROGATE AND DISTRICT NHS FOUNDATION TRUST,5137,0,993,354,0,21,1314,0,1,57,0,0,386,23,1150,0,0,315,,,,,,,2025-03-01,6130,1315,74.4,1465
MSitAE-MARCH-2025,RTP,NHS ENGLAND SOUTH EAST,SURREY AND SUSSEX HEALTHCARE NHS TRUST,10472,0,0,0,0,0,3739,0,0,0,0,0,487,688,3223,0,0,923,,,,,,,2025-03-01,10472,3739,64.3,4146
MSitAE-MARCH-2025,RV9,NHS ENGLAND NORTH EAST AND YORKSHIRE,HUMBER TEACHING NHS FOUNDATION TRUST,0,0,1048,0,0,28,0,0,10,0,0,0,0,0,0,0,0,0,,,,,,,2025-03-01,1048,10,,0
MSitAE-MARCH-2025,RXR,NHS ENGLAND NORTH WEST,EAST LANCASHIRE HOSPITALS NHS TRUST,13340,0,11173,0,0,0,4452,0,527,0,0,0,524,1105,3876,0,101,1664,,,,,,,2025-03-01,24513,4979,66.6,5641
MSitAE-MARCH-2025,RY7,NHS ENGLAND NORTH WEST,WIRRAL COMMUNITY HEALTH AND CARE NHS FOUNDATION TRUST,0,0,4551,0,0,0,0,0,402,0,0,0,0,0,0,0,0,0,,,,,,,2025-03-01,4551,402,,0
MSitAE-MARCH-2025,Y02428,NHS ENGLAND EAST OF ENGLAND,PUTNOE WALK IN CENTRE,0,0,3139,0,0,0,0,0,0,0,0,0,0,0,0,0,0,0,,,,,,,2025-03-01,3139,0,,0
MSitAE-MARCH-2025,Y03007,NHS ENGLAND MIDLANDS,ERDINGTON GP HEALTH & WELLBEING WIC,0,0,0,0,0,1942,0,0,0,0,0,0,0,0,0,0,0,0,,,,,,,2025-03-01,0,0,,0
MSitAE-MARCH-2025,AQN04,NHS ENGLAND SOUTH EAST,PHL LYMINGTON UTC,0,0,3105,0,0,24,0,0,16,0,0,0,0,0,0,0,0,0,,,,,,,2025-03-01,3105,16,,0
MSitAE-MARCH-2025,DT301,NHS ENGLAND EAST OF ENGLAND,HERTS URGENT CARE (ASCOTS LANE),0,0,2413,0,0,0,0,0,124,0,0,0,0,0,0,0,0,0,,,,,,,2025-03-01,2413,124,,0
MSitAE-MARCH-2025,R0B,NHS ENGLAND NORTH EAST AND YORKSHIRE,SOUTH TYNESIDE AND SUNDERLAND NHS FOUNDATION TRUST,11463,1338,6275,786,0,1488,4812,25,239,347,0,64,316,2,4487,12,0,1547,,,,,,,2025-03-01,19076,5076,58.0,6046
MSitAE-MARCH-2025,RDE,NHS ENGLAND EAST OF ENGLAND,EAST SUFFOLK AND NORTH ESSEX NHS FOUNDATION TRUST,11802,0,14870,1315,0,693,5648,0,555,0,0,0,976,733,6306,0,386,1212,,,,,,,2025-03-01,26672,6203,52.1,7904
MSitAE-MARCH-2025,RQX,NHS ENGLAND LONDON,HOMERTON HEALTHCARE NHS FOUNDATION TRUST,11231,0,0,0,0,0,1927,0,0,0,0,0,206,22,1842,0,0,349,,,,,,,2025-03-01,11231,1927,82.8,2191
MSitAE-MARCH-2025,RTK,NHS ENGLAND SOUTH EAST,ASHFORD AND ST PETER'S HOSPITALS NHS FOUNDATION TRUST,10757,0,0,0,0,0,3695,0,0,0,0,0,528,231,2884,0,0,678,,,,,,,2025-03-01,10757,3695,65.7,3562
MSitAE-MARCH-2025,RY5,NHS ENGLAND MIDLANDS,LINCOLNSHIRE COMMUNITY HEALTH SERVICES NHS TRUST,0,0,8775,0,0,0,0,0,250,0,0,0,0,0,0,0,0,0,,,,,,,2025-03-01,8775,250,,0
MSitAE-MARCH-2025,G0Q0L,NHS ENGLAND LONDON,BARKING HOSPITAL UTC,0,0,2910,0,0,0,0,0,30,0,0,0,0,0,0,0,0,0,,,,,,,2025-03-01,2910,30,,0
MSitAE-MARCH-2025,K6K0R,NHS ENGLAND LONDON,HAROLD WOOD POLYCLINIC UTC,0,0,2364,0,0,0,0,0,5,0,0,0,0,0,0,0,0,0,,,,,,,2025-03-01,2364,5,,0
MSitAE-MARCH-2025,NTP11,NHS ENGLAND SOUTH EAST,PRACTICE PLUS GROUP HOSPITAL - SOUTHAMPTON,0,0,5772,0,0,0,0,0,350,0,0,0,0,0,0,0,0,0,,,,,,,2025-03-01,5772,350,,0
MSitAE-MARCH-2025,RDY,NHS ENGLAND SOUTH WEST,DORSET HEALTHCARE UNIVERSITY NHS FOUNDATION TRUST,0,0,0,0,0,0,0,0,0,0,0,0,0,0,0,0,1,0,,,,,,,2025-03-01,0,0,,1
MSitAE-MARCH-2025,RY8,NHS ENGLAND MIDLANDS,DERBYSHIRE COMMUNITY HEALTH SERVICES NHS FOUNDATION TRUST,0,0,7172,0,0,2435,0,0,122,0,0,7,0,0,0,0,0,0,,,,,,,2025-03-01,7172,122,,0
MSitAE-MARCH-2025,Y07709,NHS ENGLAND SOUTH EAST,READING URGENT CARE CENTRE,0,0,2020,0,0,0,0,0,0,0,0,0,0,0,0,0,0,0,,,,,,,2025-03-01,2020,0,,0
MSitAE-MARCH-2025,AJN,NHS ENGLAND NORTH EAST AND YORKSHIRE,WORKINGTON HEALTH LIMITED,0,0,336,0,0,0,0,0,0,0,0,0,0,0,0,0,0,0,,,,,,,2025-03-01,336,0,,0
MSitAE-MARCH-2025,NQT5F,NHS ENGLAND NORTH WEST,SKELMERSDALE WALK IN CENTRE,0,0,1730,0,0,0,0,0,6,0,0,0,0,0,0,0,0,0,,,,,,,2025-03-01,1730,6,,0
MSitAE-MARCH-2025,NQT5H,NHS ENGLAND SOUTH WEST,PAULTON MEMORIAL HOSPITAL,0,0,913,0,0,0,0,0,5,0,0,0,0,0,0,0,0,0,,,,,,,2025-03-01,913,5,,0
MSitAE-MARCH-2025,RAX,NHS ENGLAND LONDON,KINGSTON AND RICHMOND NHS FOUNDATION TRUST,7332,0,8910,0,0,0,3271,0,273,0,0,0,273,406,2435,0,278,322,,,,,,,2025-03-01,16242,3544,55.4,3035
MSitAE-MARCH-2025,RBT,NHS ENGLAND NORTH WEST,MID CHESHIRE HOSPITALS NHS FOUNDATION TRUST,7136,0,3238,0,0,93,4139,0,64,0,0,5,604,541,2236,0,0,1348,,,,,,,2025-03-01,10374,4203,42.0,3584
MSitAE-MARCH-2025,RJZ,NHS ENGLAND LONDON,KING'S COLLEGE HOSPITAL NHS FOUNDATION TRUST,15710,0,9620,60,0,1100,6788,0,563,15,0,0,1441,926,3585,0,0,366,,,,,,,2025-03-01,25330,7351,56.8,3951
MSitAE-MARCH-2025,RLQ,NHS ENGLAND MIDLANDS,WYE VALLEY NHS TRUST,6143,1157,158,165,0,0,2759,0,0,44,0,0,415,293,1461,0,0,151,,,,,,,2025-03-01,7458,2759,55.1,1612
MSitAE-MARCH-2025,RQW,NHS ENGLAND EAST OF ENGLAND,THE PRINCESS ALEXANDRA HOSPITAL NHS TRUST,8544,0,2131,0,0,665,3474,0,0,0,0,0,401,89,1795,0,0,277,,,,,,,2025-03-01,10675,3474,59.3,2072
MSitAE-MARCH-2025,RWP,NHS ENGLAND MIDLANDS,WORCESTERSHIRE ACUTE HOSPITALS NHS TRUST,13805,0,6203,0,0,0,6738,0,71,0,0,0,925,731,2693,0,0,861,,,,,,,2025-03-01,20008,6809,51.2,3554
MSitAE-MARCH-2025,RXL,NHS ENGLAND NORTH WEST,BLACKPOOL TEACHING HOSPITALS NHS FOUNDATION TRUST,8950,0,11021,432,0,363,4016,0,71,148,0,0,499,549,2743,0,0,1747,,,,,,,2025-03-01,19971,4087,55.1,4490
MSitAE-MARCH-2025,Y03218,NHS ENGLAND LONDON,THE PINN UNREGISTERED WIC,0,0,603,0,0,0,0,0,0,0,0,0,0,0,0,0,0,0,,,,,,,2025-03-01,603,0,,0
MSitAE-MARCH-2025,NLX,NHS ENGLAND SOUTH WEST,SIRONA CARE & HEALTH,0,0,9372,0,0,357,0,0,393,0,0,41,0,0,0,0,0,0,,,,,,,2025-03-01,9372,393,,0
MSitAE-MARCH-2025,NR3,NHS ENGLAND MIDLANDS,NOTTINGHAM CITYCARE PARTNERSHIP,0,0,5780,0,0,287,0,0,721,0,0,0,0,0,0,0,0,0,,,,,,,2025-03-01,5780,721,,0
MSitAE-MARCH-2025,NTPAD,NHS ENGLAND SOUTH EAST,PRACTICE PLUS GROUP SURGICAL CENTRE - ST MARYS PORTSMOUTH,0,0,5679,0,0,271,0,0,146,0,0,1,0,0,0,0,0,0,,,,,,,2025-03-01,5679,146,,0
MSitAE-MARCH-2025,RBQ,NHS ENGLAND NORTH WEST,LIVERPOOL HEART AND CHEST HOSPITAL NHS FOUNDATION TRUST,0,0,0,0,0,0,0,0,0,0,0,0,0,0,0,0,0,170,,,,,,,2025-03-01,0,0,,170
MSitAE-MARCH-2025,REF,NHS ENGLAND SOUTH WEST,ROYAL CORNWALL HOSPITALS NHS TRUST,6629,0,12512,0,0,0,3494,0,709,0,0,0,754,423,2613,0,51,1130,,,,,,,2025-03-01,19141,4203,47.3,3794
MSitAE-MARCH-2025,RGP,NHS ENGLAND EAST OF ENGLAND,JAMES PAGET UNIVERSITY HOSPITALS NHS FOUNDATION TRUST,7416,0,1608,0,0,0,3330,0,0,0,0,0,582,457,1676,0,0,504,,,,,,,2025-03-01,9024,3330,55.1,2180
MSitAE-MARCH-2025,RGR,NHS ENGLAND EAST OF ENGLAND,WEST SUFFOLK NHS FOUNDATION TRUST,8165,0,798,127,0,0,1055,0,0,0,0,0,215,69,2117,0,0,300,,,,,,,2025-03-01,8963,1055,87.1,2417
MSitAE-MARCH-2025,RJ6,NHS ENGLAND LONDON,CROYDON HEALTH SERVICES NHS TRUST,13255,0,5119,0,0,0,3289,0,0,0,0,0,304,701,1214,0,0,118,,,,,,,2025-03-01,18374,3289,75.2,1332
MSitAE-MARCH-2025,RL1,NHS ENGLAND MIDLANDS,THE ROBERT JONES AND AGNES HUNT ORTHOPAEDIC HOSPITAL NHS FOUNDATION TRUST,0,0,0,0,0,0,0,0,0,0,0,0,0,0,0,0,0,0,,,,,,,2025-03-01,0,0,,0
MSitAE-MARCH-2025,RL4,NHS ENGLAND MIDLANDS,THE ROYAL WOLVERHAMPTON NHS TRUST,12866,0,8567,189,0,914,3895,0,213,38,0,1,982,472,5766,0,0,1046,,,,,,,2025-03-01,21433,4108,69.7,6812
MSitAE-MARCH-2025,RRV,NHS ENGLAND LONDON,UNIVERSITY COLLEGE LONDON HOSPITALS NHS FOUNDATION TRUST,13584,0,0,364,0,0,3789,0,0,0,0,0,385,80,1443,0,0,276,,,,,,,2025-03-01,13584,3789,72.1,1719
MSitAE-MARCH-2025,RTR,NHS ENGLAND NORTH EAST AND YORKSHIRE,SOUTH TEES HOSPITALS NHS FOUNDATION TRUST,7561,0,9440,0,0,1728,3994,0,509,0,0,71,276,7,2678,0,127,2448,,,,,,,2025-03-01,17001,4503,47.2,5253
MSitAE-MARCH-2025,RVV,NHS ENGLAND SOUTH EAST,EAST KENT HOSPITALS UNIVERSITY NHS FOUNDATION TRUST,12820,0,13288,0,0,0,6228,0,414,0,0,0,340,1326,2819,0,528,549,,,,,,,2025-03-01,26108,6642,51.4,3896
MSitAE-MARCH-2025,RW1,NHS ENGLAND SOUTH EAST,HAMPSHIRE AND ISLE OF WIGHT HEALTHCARE NHS FOUNDATION TRUST,0,0,3122,0,0,0,0,0,64,0,0,0,0,0,0,0,0,140,,,,,,,2025-03-01,3122,64,,140
MSitAE-MARCH-2025,RW4,NHS ENGLAND NORTH WEST,MERSEY CARE NHS FOUNDATION TRUST,0,0,14217,0,0,0,0,0,405,0,0,0,0,0,0,0,0,44,,,,,,,2025-03-01,14217,405,,44
MSitAE-MARCH-2025,RWF,NHS ENGLAND SOUTH EAST,MAIDSTONE AND TUNBRIDGE WELLS NHS TRUST,18303,0,2372,824,0,219,3116,0,26,91,0,0,793,25,5241,0,0,979,,,,,,,2025-03-01,20675,3142,83.0,6220
MSitAE-MARCH-2025,RXG,NHS ENGLAND NORTH EAST AND YORKSHIRE,SOUTH WEST YORKSHIRE PARTNERSHIP NHS FOUNDATION TRUST,0,0,0,0,0,0,0,0,0,0,0,0,0,0,0,0,0,131,,,,,,,2025-03-01,0,0,,131
MSitAE-MARCH-2025,RY2,NHS ENGLAND NORTH WEST,BRIDGEWATER COMMUNITY HEALTHCARE NHS FOUNDATION TRUST,0,0,3040,0,0,170,0,0,100,0,0,6,0,0,0,0,0,0,,,,,,,2025-03-01,3040,100,,0
MSitAE-MARCH-2025,RYF,NHS ENGLAND SOUTH WEST,SOUTH WESTERN AMBULANCE SERVICE NHS FOUNDATION TRUST,0,0,1927,0,0,12,0,0,16,0,0,0,0,0,0,0,0,0,,,,,,,2025-03-01,1927,16,,0
MSitAE-MARCH-2025,ACH01,NHS ENGLAND SOUTH EAST,WHITSTABLE MEDICAL PRACTICE,0,0,5414,0,0,0,0,0,0,0,0,0,0,0,0,0,0,0,,,,,,,2025-03-01,5414,0,,0
MSitAE-MARCH-2025,C83023,NHS ENGLAND MIDLANDS,SLEAFORD MEDICAL GROUP,0,0,540,0,0,0,0,0,0,0,0,0,0,0,0,0,0,0,,,,,,,2025-03-01,540,0,,0
MSitAE-MARCH-2025,L83087,NHS ENGLAND SOUTH WEST,OKEHAMPTON MEDICAL CENTRE,0,0,87,0,0,0,0,0,0,0,0,0,0,0,0,0,0,0,,,,,,,2025-03-01,87,0,,0
MSitAE-MARCH-2025,RA7,NHS ENGLAND SOUTH WEST,UNIVERSITY HOSPITALS BRISTOL AND WESTON NHS FOUNDATION TRUST,16099,2536,0,0,0,0,5748,207,0,0,0,0,1161,534,5388,5,0,1558,,,,,,,2025-03-01,18635,5955,64.3,6951
MSitAE-MARCH-2025,RAT,NHS ENGLAND LONDON,NORTH EAST LONDON NHS FOUNDATION TRUST,0,0,2006,0,0,0,0,0,75,0,0,0,0,0,0,0,0,0,,,,,,,2025-03-01,2006,75,,0
MSitAE-MARCH-2025,RCF,NHS ENGLAND NORTH EAST AND YORKSHIRE,AIREDALE NHS FOUNDATION TRUST,5892,232,0,541,0,0,2541,0,0,0,0,0,440,223,1521,0,0,521,,,,,,,2025-03-01,6124,2541,56.9,2042
MSitAE-MARCH-2025,RCX,NHS ENGLAND EAST OF ENGLAND,"THE QUEEN ELIZABETH HOSPITAL, KING'S LYNN, NHS FOUNDATION TRUST",6746,0,1246,0,0,0,3185,0,0,0,0,0,285,128,1909,0,0,373,,,,,,,2025-03-01,7992,3185,52.8,2282
MSitAE-MARCH-2025,RD8,NHS ENGLAND EAST OF ENGLAND,MILTON KEYNES UNIVERSITY HOSPITAL NHS FOUNDATION TRUST,8545,0,5344,706,0,144,3119,0,392,254,0,0,897,0,2260,0,0,446,,,,,,,2025-03-01,13889,3511,63.5,2706
MSitAE-MARCH-2025,RDU,NHS ENGLAND SOUTH EAST,FRIMLEY HEALTH NHS FOUNDATION TRUST,22632,945,13202,0,0,0,9616,1,306,0,0,0,1614,437,6243,0,0,120,,,,,,,2025-03-01,36779,9923,57.5,6363
MSitAE-MARCH-2025,REP,NHS ENGLAND NORTH WEST,LIVERPOOL WOMEN'S NHS FOUNDATION TRUST,0,1520,0,0,112,0,0,176,0,0,0,0,0,0,0,118,0,14,,,,,,,2025-03-01,1520,176,,132
MSitAE-MARCH-2025,RFR,NHS ENGLAND NORTH EAST AND YORKSHIRE,THE ROTHERHAM NHS FOUNDATION TRUST,9434,0,0,0,0,0,3256,0,0,0,0,0,649,35,1982,0,0,218,,,,,,,2025-03-01,9434,3256,65.5,2200
MSitAE-MARCH-2025,RJE,NHS ENGLAND MIDLANDS,UNIVERSITY HOSPITALS OF NORTH MIDLANDS NHS TRUST,14701,541,8704,774,0,693,7899,0,683,390,0,29,1086,851,5761,0,0,2936,,,,,,,2025-03-01,23946,8582,46.3,8697
MSitAE-MARCH-2025,RJR,NHS ENGLAND NORTH WEST,COUNTESS OF CHESTER HOSPITAL NHS FOUNDATION TRUST,5250,0,2446,0,0,0,2764,0,358,0,0,0,253,650,1598,0,0,1288,,,,,,,2025-03-01,7696,3122,47.4,2886
MSitAE-MARCH-2025,RKB,NHS ENGLAND MIDLANDS,UNIVERSITY HOSPITALS COVENTRY AND WARWICKSHIRE NHS TRUST,12494,1602,6644,0,0,0,5333,133,297,0,0,0,96,14,1598,31,55,638,,,,,,,2025-03-01,20740,5763,57.3,2322
MSitAE-MARCH-2025,RMC,NHS ENGLAND NORTH WEST,BOLTON NHS FOUNDATION TRUST,8326,0,3871,94,0,41,3310,0,130,32,0,1,555,272,2574,0,116,1023,,,,,,,2025-03-01,12197,3440,60.2,3713
MSitAE-MARCH-2025,RMP,NHS ENGLAND NORTH WEST,TAMESIDE AND GLOSSOP INTEGRATED CARE NHS FOUNDATION TRUST,8845,0,3037,359,0,75,3813,0,20,0,0,0,549,146,1654,0,0,253,,,,,,,2025-03-01,11882,3833,56.9,1907
MSitAE-MARCH-2025,RP6,NHS ENGLAND LONDON,MOORFIELDS EYE HOSPITAL NHS FOUNDATION TRUST,0,5789,0,0,0,0,0,92,0,0,0,0,0,0,0,6,0,202,,,,,,,2025-03-01,5789,92,,208
MSitAE-MARCH-2025,RPC,NHS ENGLAND SOUTH EAST,QUEEN VICTORIA HOSPITAL NHS FOUNDATION TRUST,0,0,1400,0,0,0,0,0,6,0,0,0,0,0,0,0,3,493,,,,,,,2025-03-01,1400,6,,496
MSitAE-MARCH-2025,RR7,NHS ENGLAND NORTH EAST AND YORKSHIRE,GATESHEAD HEALTH NHS FOUNDATION TRUST,5879,0,3998,24,0,2,2479,0,32,10,0,0,837,2,1598,0,0,52,,,,,,,2025-03-01,9877,2511,57.8,1650
MSitAE-MARCH-2025,RTG,NHS ENGLAND MIDLANDS,UNIVERSITY HOSPITALS OF DERBY AND BURTON NHS FOUNDATION TRUST,19603,0,9942,1762,0,36,8775,0,3,414,0,0,1047,704,4191,0,3,1939,,,,,,,2025-03-01,29545,8778,55.2,6133
MSitAE-MARCH-2025,RWE,NHS ENGLAND MIDLANDS,UNIVERSITY HOSPITALS OF LEICESTER NHS TRUST,22642,2150,0,0,0,0,9943,237,0,0,0,0,1607,901,6467,3,0,3646,,,,,,,2025-03-01,24792,10180,56.1,10116
MSitAE-MARCH-2025,RWG,NHS ENGLAND EAST OF ENGLAND,WEST HERTFORDSHIRE TEACHING HOSPITALS NHS TRUST,8729,0,7623,0,0,837,2928,0,187,0,0,0,819,28,4279,0,0,619,,,,,,,2025-03-01,16352,3115,66.5,4898
MSitAE-MARCH-2025,RWW,NHS ENGLAND NORTH WEST,WARRINGTON AND HALTON TEACHING HOSPITALS NHS FOUNDATION TRUST,7025,0,3290,247,0,61,3560,0,158,95,0,2,728,680,1807,0,0,131,,,,,,,2025-03-01,10315,3718,49.3,1938
MSitAE-MARCH-2025,RX1,NHS ENGLAND MIDLANDS,NOTTINGHAM UNIVERSITY HOSPITALS NHS TRUST,13574,1817,567,0,0,0,7275,82,141,0,0,0,210,533,4380,184,0,4583,,,,,,,2025-03-01,15958,7498,46.4,9147
MSitAE-MARCH-2025,RXQ,NHS ENGLAND SOUTH EAST,BUCKINGHAMSHIRE HEALTHCARE NHS TRUST,11141,1232,3618,5,0,4,3293,0,89,0,0,0,245,260,4044,677,0,2216,,,,,,,2025-03-01,15991,3382,70.4,6937
MSitAE-MARCH-2025,RY4,NHS ENGLAND EAST OF ENGLAND,HERTFORDSHIRE COMMUNITY NHS TRUST,0,0,1223,0,0,0,0,0,38,0,0,0,0,0,0,0,0,0,,,,,,,2025-03-01,1223,38,,0
MSitAE-MARCH-2025,RYR,NHS ENGLAND SOUTH EAST,UNIVERSITY HOSPITALS SUSSEX NHS FOUNDATION TRUST,26658,1483,2059,1774,0,645,10030,39,231,476,0,4,817,912,8684,23,89,1565,,,,,,,2025-03-01,30200,10300,62.4,10361
MSitAE-MARCH-2025,AD913,NHS ENGLAND LONDON,BECKENHAM BEACON UCC,0,0,3752,0,0,337,0,0,11,0,0,0,0,0,0,0,0,0,,,,,,,2025-03-01,3752,11,,0
MSitAE-MARCH-2025,ARN03,NHS ENGLAND NORTH EAST AND YORKSHIRE,LOCAL CARE DIRECT,0,0,2260,0,0,192,0,0,9,0,0,0,0,0,0,0,0,0,,,,,,,2025-03-01,2260,9,,0
MSitAE-MARCH-2025,NNF09,NHS ENGLAND NORTH EAST AND YORKSHIRE,BRANSHOLME HEALTH CENTRE,0,0,3661,0,0,0,0,0,575,0,0,0,0,0,0,0,0,0,,,,,,,2025-03-01,3661,575,,0
MSitAE-MARCH-2025,NNF16,NHS ENGLAND NORTH EAST AND YORKSHIRE,BRIDLINGTON HOSPITAL,0,0,1464,0,0,0,0,0,63,0,0,0,0,0,0,0,0,0,,,,,,,2025-03-01,1464,63,,0
MSitAE-MARCH-2025,NNF94,NHS ENGLAND NORTH EAST AND YORKSHIRE,EAST RIDING COMMUNITY HOSPITAL,0,0,2943,0,0,0,0,0,287,0,0,0,0,0,0,0,0,0,,,,,,,2025-03-01,2943,287,,0
MSitAE-MARCH-2025,NNFA7,NHS ENGLAND NORTH EAST AND YORKSHIRE,GOOLE & DISTRICT HOSPITAL,0,0,1680,0,0,0,0,0,20,0,0,0,0,0,0,0,0,0,,,,,,,2025-03-01,1680,20,,0
MSitAE-MARCH-2025,NNJ07,NHS ENGLAND MIDLANDS,LOUGHBOROUGH URGENT CARE CENTRE,0,0,5526,0,0,2646,0,0,24,0,0,4,0,0,0,0,0,0,,,,,,,2025-03-01,5526,24,,0
MSitAE-MARCH-2025,NNJ0H,NHS ENGLAND MIDLANDS,LLR EA - THE MERLYN VAZ HEALTH & SOCIAL CARE CENTRE,0,0,204,0,0,2208,0,0,0,0,0,0,0,0,0,0,0,0,,,,,,,2025-03-01,204,0,,0
MSitAE-MARCH-2025,NNJ12,NHS ENGLAND MIDLANDS,MARKET HARBOROUGH,0,0,112,0,0,469,0,0,0,0,0,0,0,0,0,0,0,0,,,,,,,2025-03-01,112,0,,0
MSitAE-MARCH-2025,NNJ13,NHS ENGLAND MIDLANDS,MELTON MOWBRAY,0,0,53,0,0,398,0,0,0,0,0,0,0,0,0,0,0,0,,,,,,,2025-03-01,53,0,,0
MSitAE-MARCH-2025,NNJ14,NHS ENGLAND MIDLANDS,OADBY,0,0,512,0,0,3338,0,0,0,0,0,0,0,0,0,0,0,0,,,,,,,2025-03-01,512,0,,0
MSitAE-MARCH-2025,NNJ15,NHS ENGLAND MIDLANDS,OAKHAM,0,0,52,0,0,354,0,0,0,0,0,0,0,0,0,0,0,0,,,,,,,2025-03-01,52,0,,0
MSitAE-MARCH-2025,NNJ,NHS ENGLAND MIDLANDS,DHU HEALTH CARE C.I.C,0,0,2055,0,0,0,0,0,0,0,0,0,0,0,0,0,0,0,,,,,,,2025-03-01,2055,0,,0
MSitAE-MARCH-2025,R0A,NHS ENGLAND NORTH WEST,MANCHESTER UNIVERSITY NHS FOUNDATION TRUST,25292,3094,11779,3692,448,1059,9920,129,496,1196,25,69,2871,101,5886,148,165,429,,,,,,,2025-03-01,40165,10545,60.8,6628
MSitAE-MARCH-2025,R0D,NHS ENGLAND SOUTH WEST,UNIVERSITY HOSPITALS DORSET NHS FOUNDATION TRUST,13702,0,5527,0,0,0,5364,0,0,0,0,0,1086,288,4209,4,0,2508,,,,,,,2025-03-01,19229,5364,60.9,6721
MSitAE-MARCH-2025,RA2,NHS ENGLAND SOUTH EAST,ROYAL SURREY COUNTY HOSPITAL NHS FOUNDATION TRUST,6924,0,1650,856,0,12,2088,0,1,192,0,0,267,2,2583,0,0,1108,,,,,,,2025-03-01,8574,2089,69.8,3691
MSitAE-MARCH-2025,RAJ,NHS ENGLAND EAST OF ENGLAND,MID AND SOUTH ESSEX NHS FOUNDATION TRUST,31792,0,3961,13,0,5,11578,0,311,4,0,0,2555,627,8531,0,174,1285,,,,,,,2025-03-01,35753,11889,63.6,9990
MSitAE-MARCH-2025,RBD,NHS ENGLAND SOUTH WEST,DORSET COUNTY HOSPITAL NHS FOUNDATION TRUST,4111,0,0,403,0,4529,1328,0,0,79,0,9,182,66,1881,0,0,610,,,,,,,2025-03-01,4111,1328,67.7,2491
MSitAE-MARCH-2025,RBK,NHS ENGLAND MIDLANDS,WALSALL HEALTHCARE NHS TRUST,9286,0,4564,53,0,147,3339,0,114,17,0,0,957,312,3856,0,0,817,,,,,,,2025-03-01,13850,3453,64.0,4673
MSitAE-MARCH-2025,RCU,NHS ENGLAND NORTH EAST AND YORKSHIRE,SHEFFIELD CHILDREN'S NHS FOUNDATION TRUST,4859,0,425,322,0,24,499,0,0,32,0,0,7,0,1106,0,0,75,,,,,,,2025-03-01,5284,499,89.7,1181
MSitAE-MARCH-2025,RET,NHS ENGLAND NORTH WEST,THE WALTON CENTRE NHS FOUNDATION TRUST,0,0,0,0,0,0,0,0,0,0,0,0,0,0,0,0,0,182,,,,,,,2025-03-01,0,0,,182
MSitAE-MARCH-2025,RH5,NHS ENGLAND SOUTH WEST,SOMERSET NHS FOUNDATION TRUST,13097,0,9956,0,0,0,6180,0,229,0,0,0,422,86,3118,0,0,1840,,,,,,,2025-03-01,23053,6409,52.8,4958
MSitAE-MARCH-2025,RHQ,NHS ENGLAND NORTH EAST AND YORKSHIRE,SHEFFIELD TEACHING HOSPITALS NHS FOUNDATION TRUST,9031,1210,7023,423,0,1322,4657,0,247,190,0,19,1002,5,3814,0,0,3186,,,,,,,2025-03-01,17264,4904,48.4,7000
MSitAE-MARCH-2025,RJC,NHS ENGLAND MIDLANDS,SOUTH WARWICKSHIRE UNIVERSITY NHS FOUNDATION TRUST,8483,0,378,0,0,0,2732,0,0,0,0,0,474,47,2303,0,0,877,,,,,,,2025-03-01,8861,2732,67.8,3180
MSitAE-MARCH-2025,RJL,NHS ENGLAND NORTH EAST AND YORKSHIRE,NORTHERN LINCOLNSHIRE AND GOOLE NHS FOUNDATION TRUST,9197,0,7423,0,0,355,4766,0,66,0,0,4,676,653,5717,0,0,498,,,,,,,2025-03-01,16620,4832,48.2,6215
MSitAE-MARCH-2025,RKE,NHS ENGLAND LONDON,WHITTINGTON HEALTH NHS TRUST,9282,0,0,0,0,0,2600,0,0,0,0,0,268,71,1364,0,0,39,,,,,,,2025-03-01,9282,2600,72.0,1403
MSitAE-MARCH-2025,RN3,NHS ENGLAND SOUTH WEST,GREAT WESTERN HOSPITALS NHS FOUNDATION TRUST,5662,0,5652,0,0,0,2928,0,458,0,0,0,547,323,2450,0,0,1391,,,,,,,2025-03-01,11314,3386,48.3,3841
MSitAE-MARCH-2025,RNA,NHS ENGLAND MIDLANDS,THE DUDLEY GROUP NHS FOUNDATION TRUST,10115,0,4514,0,0,708,2893,0,99,0,0,0,1960,112,3716,0,0,2467,,,,,,,2025-03-01,14629,2992,71.4,6183
MSitAE-MARCH-2025,RNN,NHS ENGLAND NORTH EAST AND YORKSHIRE,NORTH CUMBRIA INTEGRATED CARE NHS FOUNDATION TRUST,8917,0,1932,320,0,25,3886,0,25,81,0,0,589,482,2440,0,0,735,,,,,,,2025-03-01,10849,3911,56.4,3175
MSitAE-MARCH-2025,RNQ,NHS ENGLAND MIDLANDS,KETTERING GENERAL HOSPITAL NHS FOUNDATION TRUST,10262,0,8943,342,0,0,3696,0,174,0,0,0,413,891,1799,0,0,294,,,,,,,2025-03-01,19205,3870,64.0,2093
MSitAE-MARCH-2025,RNS,NHS ENGLAND MIDLANDS,NORTHAMPTON GENERAL HOSPITAL NHS TRUST,9114,526,2305,1356,1,298,3851,15,235,521,0,33,662,674,2348,0,0,891,,,,,,,2025-03-01,11945,4101,57.7,3239
MSitAE-MARCH-2025,RNZ,NHS ENGLAND SOUTH WEST,SALISBURY NHS FOUNDATION TRUST,4750,312,1873,155,0,0,2002,0,0,55,0,0,467,43,1242,0,0,1090,,,,,,,2025-03-01,6935,2002,57.9,2332
MSitAE-MARCH-2025,RQ3,NHS ENGLAND MIDLANDS,BIRMINGHAM WOMEN'S AND CHILDREN'S NHS FOUNDATION TRUST,5330,0,0,0,0,0,656,0,0,0,0,0,0,7,1091,0,0,151,,,,,,,2025-03-01,5330,656,87.7,1242
MSitAE-MARCH-2025,RR8,NHS ENGLAND NORTH EAST AND YORKSHIRE,LEEDS TEACHING HOSPITALS NHS TRUST,18011,741,12762,12,0,60,6490,0,51,4,0,0,1716,299,3721,0,0,1180,,,,,,,2025-03-01,31514,6541,64.0,4901
MSitAE-MARCH-2025,RRK,NHS ENGLAND MIDLANDS,UNIVERSITY HOSPITALS BIRMINGHAM NHS FOUNDATION TRUST,34819,357,1914,0,0,212,13817,0,70,0,0,4,2859,1690,10425,0,0,7034,,,,,,,2025-03-01,37090,13887,60.3,17459
MSitAE-MARCH-2025,RTF,NHS ENGLAND NORTH EAST AND YORKSHIRE,NORTHUMBRIA HEALTHCARE NHS FOUNDATION TRUST,10277,0,13291,0,0,0,2532,0,6,0,0,0,35,0,4278,0,18,473,,,,,,,2025-03-01,23568,2538,75.4,4769
MSitAE-MARCH-2025,RTH,NHS ENGLAND SOUTH EAST,OXFORD UNIVERSITY HOSPITALS NHS FOUNDATION TRUST,12850,1830,2085,1708,0,114,5248,0,7,607,0,3,768,3,4670,109,10,4539,,,,,,,2025-03-01,16765,5255,59.2,9328
MSitAE-MARCH-2025,RTX,NHS ENGLAND NORTH WEST,UNIVERSITY HOSPITALS OF MORECAMBE BAY NHS FOUNDATION TRUST,9464,0,2828,156,0,1709,3798,0,81,14,0,47,735,544,3127,0,28,1062,,,,,,,2025-03-01,12292,3879,59.9,4217
MSitAE-MARCH-2025,RVW,NHS ENGLAND NORTH EAST AND YORKSHIRE,NORTH TEES AND HARTLEPOOL NHS FOUNDATION TRUST,5014,0,11944,0,0,0,2394,0,47,0,0,0,164,8,1715,0,566,2543,,,,,,,2025-03-01,16958,2441,52.3,4824
MSitAE-MARCH-2025,RWH,NHS ENGLAND EAST OF ENGLAND,EAST AND NORTH HERTFORDSHIRE NHS TRUST,9225,0,8769,0,0,0,4607,0,109,0,0,0,237,170,2849,0,3,228,,,,,,,2025-03-01,17994,4716,50.1,3080
MSitAE-MARCH-2025,RXK,NHS ENGLAND MIDLANDS,SANDWELL AND WEST BIRMINGHAM HOSPITALS NHS TRUST,11411,1150,8616,496,0,0,4749,133,328,206,0,0,819,231,2710,0,0,543,,,,,,,2025-03-01,21177,5210,58.4,3253
MSitAE-MARCH-2025,RXP,NHS ENGLAND NORTH EAST AND YORKSHIRE,COUNTY DURHAM AND DARLINGTON NHS FOUNDATION TRUST,13515,0,4188,0,0,8045,5213,0,0,0,0,0,1831,13,4479,0,0,783,,,,,,,2025-03-01,17703,5213,61.4,5262
MSitAE-MARCH-2025,RXW,NHS ENGLAND MIDLANDS,THE SHREWSBURY AND TELFORD HOSPITAL NHS TRUST,11111,0,2873,0,0,0,6350,0,295,0,0,0,440,1390,3147,0,220,2165,,,,,,,2025-03-01,13984,6645,42.8,5532
MSitAE-MARCH-2025,RYG,NHS ENGLAND MIDLANDS,COVENTRY AND WARWICKSHIRE PARTNERSHIP NHS TRUST,0,0,0,0,0,0,0,0,0,0,0,0,0,0,0,0,3,71,,,,,,,2025-03-01,0,0,,74
MSitAE-MARCH-2025,A5D4Q,NHS ENGLAND MIDLANDS,NEMS UTC,0,0,3681,0,0,0,0,0,1464,0,0,0,0,0,0,0,0,0,,,,,,,2025-03-01,3681,1464,,0
MSitAE-MARCH-2025,R1D,NHS ENGLAND MIDLANDS,SHROPSHIRE COMMUNITY HEALTH NHS TRUST,0,0,3251,0,0,0,0,0,6,0,0,0,0,0,0,0,0,0,,,,,,,2025-03-01,3251,6,,0
MSitAE-MARCH-2025,R1K,NHS ENGLAND LONDON,LONDON NORTH WEST UNIVERSITY HEALTHCARE NHS TRUST,14125,0,15651,0,0,0,6324,0,194,0,0,0,634,367,6751,0,0,336,,,,,,,2025-03-01,29776,6518,55.2,7087
MSitAE-MARCH-2025,RAE,NHS ENGLAND NORTH EAST AND YORKSHIRE,BRADFORD TEACHING HOSPITALS NHS FOUNDATION TRUST,9248,1045,3252,0,0,0,2305,0,3,0,0,0,687,97,2612,0,35,1429,,,,,,,2025-03-01,13545,2308,75.1,4076
MSitAE-MARCH-2025,RAL,NHS ENGLAND LONDON,ROYAL FREE LONDON NHS FOUNDATION TRUST,25381,537,16637,186,4,231,9755,6,942,97,0,30,1202,1838,4698,0,51,779,,,,,,,2025-03-01,42555,10703,61.6,5528
MSitAE-MARCH-2025,RBV,NHS ENGLAND NORTH WEST,THE CHRISTIE NHS FOUNDATION TRUST,0,0,0,0,0,0,0,0,0,0,0,0,0,0,0,0,0,821,,,,,,,2025-03-01,0,0,,821
MSitAE-MARCH-2025,RC9,NHS ENGLAND EAST OF ENGLAND,BEDFORDSHIRE HOSPITALS NHS FOUNDATION TRUST,17026,0,8548,0,0,1051,7473,0,0,0,0,0,0,9,4678,0,0,2325,,,,,,,2025-03-01,25574,7473,56.1,7003
MSitAE-MARCH-2025,RCB,NHS ENGLAND NORTH EAST AND YORKSHIRE,YORK AND SCARBOROUGH TEACHING HOSPITALS NHS FOUNDATION TRUST,10854,333,7214,0,0,0,6123,0,302,0,0,0,816,539,4796,0,0,1599,,,,,,,2025-03-01,18401,6425,43.6,6395
MSitAE-MARCH-2025,REM,NHS ENGLAND NORTH WEST,LIVERPOOL UNIVERSITY HOSPITALS NHS FOUNDATION TRUST,15869,1842,8129,407,0,0,8008,120,335,60,0,0,1975,982,4562,0,0,2461,,,,,,,2025-03-01,25840,8463,49.5,7023
MSitAE-MARCH-2025,RFS,NHS ENGLAND MIDLANDS,CHESTERFIELD ROYAL HOSPITAL NHS FOUNDATION TRUST,6919,0,6764,503,0,149,3582,0,403,179,0,20,823,167,2725,0,289,696,,,,,,,2025-03-01,13683,3985,48.2,3710
MSitAE-MARCH-2025,RGN,NHS ENGLAND EAST OF ENGLAND,NORTH WEST ANGLIA NHS FOUNDATION TRUST,14928,0,4678,360,0,463,6416,0,197,96,0,14,482,889,3714,0,32,1592,,,,,,,2025-03-01,19606,6613,57.0,5338
MSitAE-MARCH-2025,RGT,NHS ENGLAND EAST OF ENGLAND,CAMBRIDGE UNIVERSITY HOSPITALS NHS FOUNDATION TRUST,10973,0,6235,309,0,300,4869,0,123,88,0,12,613,417,2764,0,35,436,,,,,,,2025-03-01,17208,4992,55.6,3235
MSitAE-MARCH-2025,RHM,NHS ENGLAND SOUTH EAST,UNIVERSITY HOSPITAL SOUTHAMPTON NHS FOUNDATION TRUST,11829,1243,0,138,0,0,5075,144,0,46,0,0,628,10,3886,9,0,1645,,,,,,,2025-03-01,13072,5219,57.1,5540
MSitAE-MARCH-2025,RHW,NHS ENGLAND SOUTH EAST,ROYAL BERKSHIRE NHS FOUNDATION TRUST,12163,2341,2157,1038,26,0,4873,21,0,342,0,0,730,33,2255,2,0,423,,,,,,,2025-03-01,16661,4894,59.9,2680
MSitAE-MARCH-2025,RJ2,NHS ENGLAND LONDON,LEWISHAM AND GREENWICH NHS TRUST,15526,0,10605,0,0,0,8134,0,817,0,0,0,1318,854,5027,0,0,1262,,,,,,,2025-03-01,26131,8951,47.6,6289
MSitAE-MARCH-2025,RJ7,NHS ENGLAND LONDON,ST GEORGE'S UNIVERSITY HOSPITALS NHS FOUNDATION TRUST,9283,0,3515,558,0,0,2117,0,0,68,0,0,401,780,2738,0,0,793,,,,,,,2025-03-01,12798,2117,77.2,3531
MSitAE-MARCH-2025,RJN,NHS ENGLAND NORTH WEST,EAST CHESHIRE NHS TRUST,4450,0,0,74,0,60,2223,0,0,0,0,0,132,470,754,0,0,205,,,,,,,2025-03-01,4450,2223,50.0,959
MSitAE-MARCH-2025,RK5,NHS ENGLAND MIDLANDS,SHERWOOD FOREST HOSPITALS NHS FOUNDATION TRUST,11381,0,6091,396,0,169,3800,0,538,138,0,2,479,63,3904,0,2,303,,,,,,,2025-03-01,17472,4338,66.6,4209
MSitAE-MARCH-2025,RK9,NHS ENGLAND SOUTH WEST,UNIVERSITY HOSPITALS PLYMOUTH NHS TRUST,9353,130,5705,0,0,0,5004,0,193,0,0,0,411,735,2827,0,0,1502,,,,,,,2025-03-01,15188,5197,46.5,4329
MSitAE-MARCH-2025,RLT,NHS ENGLAND MIDLANDS,GEORGE ELIOT HOSPITAL NHS TRUST,7182,0,1690,0,0,0,2920,0,65,0,0,0,453,338,1093,0,0,1,,,,,,,2025-03-01,8872,2985,59.3,1094
MSitAE-MARCH-2025,RM1,NHS ENGLAND EAST OF ENGLAND,NORFOLK AND NORWICH UNIVERSITY HOSPITALS NHS FOUNDATION TRUST,12804,0,8381,0,0,0,3867,0,0,0,0,0,914,255,2482,0,0,1599,,,,,,,2025-03-01,21185,3867,69.8,4081
MSitAE-MARCH-2025,RM3,NHS ENGLAND NORTH WEST,NORTHERN CARE ALLIANCE NHS FOUNDATION TRUST,25828,0,8886,0,0,0,10445,0,401,0,0,0,1061,1306,7203,0,298,2067,,,,,,,2025-03-01,34714,10846,59.6,9568
MSitAE-MARCH-2025,RN5,NHS ENGLAND SOUTH EAST,HAMPSHIRE HOSPITALS NHS FOUNDATION TRUST,11387,73,3523,0,0,107,4962,0,150,0,0,0,299,52,4215,9,36,1388,,,,,,,2025-03-01,14983,5112,56.4,5648
MSitAE-MARCH-2025,RN7,NHS ENGLAND SOUTH EAST,DARTFORD AND GRAVESHAM NHS TRUST,11705,0,4168,0,0,0,3694,0,17,0,0,0,546,407,3244,0,0,458,,,,,,,2025-03-01,15873,3711,68.4,3702
MSitAE-MARCH-2025,RP5,NHS ENGLAND NORTH EAST AND YORKSHIRE,DONCASTER AND BASSETLAW TEACHING HOSPITALS NHS FOUNDATION TRUST,14073,0,4384,0,0,0,4642,0,21,0,0,0,965,118,3831,0,429,1055,,,,,,,2025-03-01,18457,4663,67.0,5315
MSitAE-MARCH-2025,RQM,NHS ENGLAND LONDON,CHELSEA AND WESTMINSTER HOSPITAL NHS FOUNDATION TRUST,20043,0,6486,626,0,0,5353,0,102,0,0,0,933,55,2869,0,0,307,,,,,,,2025-03-01,26529,5455,73.3,3176
MSitAE-MARCH-2025,RTD,NHS ENGLAND NORTH EAST AND YORKSHIRE,THE NEWCASTLE UPON TYNE HOSPITALS NHS FOUNDATION TRUST,12877,1781,5416,0,0,1188,4559,215,1,0,0,0,525,37,3769,22,0,2861,,,,,,,2025-03-01,20074,4775,64.6,6652
MSitAE-MARCH-2025,RTE,NHS ENGLAND SOUTH WEST,GLOUCESTERSHIRE HOSPITALS NHS FOUNDATION TRUST,13604,0,0,165,0,0,5355,0,0,51,0,0,377,459,2713,0,0,2398,,,,,,,2025-03-01,13604,5355,60.6,5111
MSitAE-MARCH-2025,RTQ,NHS ENGLAND SOUTH WEST,GLOUCESTERSHIRE HEALTH AND CARE NHS FOUNDATION TRUST,0,0,8527,0,0,0,0,0,126,0,0,0,0,0,0,0,0,32,,,,,,,2025-03-01,8527,126,,32
MSitAE-MARCH-2025,RVJ,NHS ENGLAND SOUTH WEST,NORTH BRISTOL NHS TRUST,9208,0,0,7,0,0,3568,0,0,0,0,0,538,407,2661,0,0,2225,,,,,,,2025-03-01,9208,3568,61.3,4886
MSitAE-MARCH-2025,RWA,NHS ENGLAND NORTH EAST AND YORKSHIRE,HULL UNIVERSITY TEACHING HOSPITALS NHS TRUST,9198,0,5279,0,0,0,5401,0,606,0,0,0,1010,536,3486,0,0,2346,,,,,,,2025-03-01,14477,6007,41.3,5832
MSitAE-MARCH-2025,RWD,NHS ENGLAND MIDLANDS,UNITED LINCOLNSHIRE TEACHING HOSPITALS NHS TRUST,16558,0,3931,0,0,0,5812,0,417,0,0,0,1074,573,4894,0,0,1137,,,,,,,2025-03-01,20489,6229,64.9,6031
MSitAE-MARCH-2025,RXC,NHS ENGLAND SOUTH EAST,EAST SUSSEX HEALTHCARE NHS TRUST,8795,0,2736,1486,0,1857,4198,0,100,0,0,0,188,92,3004,0,0,501,,,,,,,2025-03-01,11531,4298,52.3,3505
MSitAE-MARCH-2025,RXF,NHS ENGLAND NORTH EAST AND YORKSHIRE,MID YORKSHIRE TEACHING NHS TRUST,17104,154,6184,124,0,84,6472,0,508,3,0,2,2036,277,3671,0,179,909,,,,,,,2025-03-01,23442,6980,62.2,4759
MSitAE-MARCH-2025,RXN,NHS ENGLAND NORTH WEST,LANCASHIRE TEACHING HOSPITALS NHS FOUNDATION TRUST,12058,0,3351,279,0,90,4668,0,164,47,0,1,1015,418,2420,0,92,1119,,,,,,,2025-03-01,15409,4832,61.3,3631
MSitAE-MARCH-2025,RYJ,NHS ENGLAND LONDON,IMPERIAL COLLEGE HEALTHCARE NHS TRUST,12089,3928,7269,0,0,437,5333,45,349,0,0,0,650,387,3707,1,0,1110,,,,,,,2025-03-01,23286,5727,55.9,4818
MSitAE-MARCH-2025,RYX,NHS ENGLAND LONDON,CENTRAL LONDON COMMUNITY HEALTHCARE NHS TRUST,0,0,12768,0,0,581,0,0,404,0,0,12,0,0,0,0,0,0,,,,,,,2025-03-01,12768,404,,0
MSitAE-MARCH-2025,R1F,NHS ENGLAND SOUTH EAST,ISLE OF WIGHT NHS TRUST,4266,329,1425,24,0,13,1979,0,0,4,0,0,302,186,1287,0,0,88,,,,,,,2025-03-01,6020,1979,53.6,1375
MSitAE-MARCH-2025,R1H,NHS ENGLAND LONDON,BARTS HEALTH NHS TRUST,25830,973,18069,0,0,0,11735,53,1279,0,0,0,1242,990,4556,0,46,1117,,,,,,,2025-03-01,44872,13067,54.6,5719
MSitAE-MARCH-2025,RBL,NHS ENGLAND NORTH WEST,WIRRAL UNIVERSITY TEACHING HOSPITAL NHS FOUNDATION TRUST,7845,0,3322,0,0,188,4141,0,149,0,0,9,412,893,2155,0,0,1605,,,,,,,2025-03-01,11167,4290,47.2,3760
MSitAE-MARCH-2025,RBN,NHS ENGLAND NORTH WEST,MERSEY AND WEST LANCASHIRE TEACHING HOSPITALS NHS TRUST,17832,0,7558,478,0,0,6436,0,147,70,0,0,652,363,8282,0,0,679,,,,,,,2025-03-01,25390,6583,63.9,8961
MSitAE-MARCH-2025,RBS,NHS ENGLAND NORTH WEST,ALDER HEY CHILDREN'S NHS FOUNDATION TRUST,6446,0,0,0,0,0,1301,0,0,0,0,0,4,0,831,0,0,297,,,,,,,2025-03-01,6446,1301,79.8,1128
MSitAE-MARCH-2025,RD1,NHS ENGLAND SOUTH WEST,ROYAL UNITED HOSPITALS BATH NHS FOUNDATION TRUST,8762,0,0,0,0,0,3632,0,0,0,0,0,829,163,2580,0,3,1844,,,,,,,2025-03-01,8762,3632,58.5,4427
MSitAE-MARCH-2025,RDR,NHS ENGLAND SOUTH EAST,SUSSEX COMMUNITY NHS FOUNDATION TRUST,0,0,12570,0,0,0,0,0,121,0,0,0,0,0,0,0,0,0,,,,,,,2025-03-01,12570,121,,0
MSitAE-MARCH-2025,RF4,NHS ENGLAND LONDON,"BARKING, HAVERING AND REDBRIDGE UNIVERSITY HOSPITALS NHS TRUST",13687,2482,15017,0,0,0,6204,385,151,0,0,0,695,928,8016,0,0,415,,,,,,,2025-03-01,31186,6740,54.7,8431
MSitAE-MARCH-2025,RH8,NHS ENGLAND SOUTH WEST,ROYAL DEVON UNIVERSITY HEALTHCARE NHS FOUNDATION TRUST,12632,0,4261,1327,0,72,5510,0,23,540,0,2,1473,215,3437,0,0,1943,,,,,,,2025-03-01,16893,5533,56.4,5380
MSitAE-MARCH-2025,RHU,NHS ENGLAND SOUTH EAST,PORTSMOUTH HOSPITALS UNIVERSITY NATIONAL HEALTH SERVICE TRUST,11155,838,3281,1309,0,816,4645,13,71,485,0,10,1316,348,3172,0,0,2611,,,,,,,2025-03-01,15274,4729,58.4,5783
MSitAE-MARCH-2025,RPA,NHS ENGLAND SOUTH EAST,MEDWAY NHS FOUNDATION TRUST,9157,0,6942,262,0,1214,3152,0,747,68,0,0,351,688,1903,0,0,493,,,,,,,2025-03-01,16099,3899,65.6,2396
MSitAE-MARCH-2025,RRF,NHS ENGLAND NORTH WEST,"WRIGHTINGTON, WIGAN AND LEIGH NHS FOUNDATION TRUST",6924,0,5866,0,0,0,3509,0,109,0,0,0,1146,475,2391,0,0,661,,,,,,,2025-03-01,12790,3618,49.3,3052
MSitAE-MARCH-2025,RVR,NHS ENGLAND LONDON,EPSOM AND ST HELIER UNIVERSITY HOSPITALS NHS TRUST,11405,328,1497,455,0,33,3371,0,108,69,0,1,253,706,1911,3,0,188,,,,,,,2025-03-01,13230,3479,70.4,2102
MSitAE-MARCH-2025,RWJ,NHS ENGLAND NORTH WEST,STOCKPORT NHS FOUNDATION TRUST,8213,0,1240,314,0,1334,3239,0,81,119,0,4,801,292,2843,0,82,956,,,,,,,2025-03-01,9453,3320,60.6,3881
MSitAE-MARCH-2025,RWX,NHS ENGLAND SOUTH EAST,BERKSHIRE HEALTHCARE NHS FOUNDATION TRUST,0,0,1479,0,0,0,0,0,8,0,0,0,0,0,0,0,19,0,,,,,,,2025-03-01,1479,8,,19
MSitAE-MARCH-2025,RAS,NHS ENGLAND LONDON,THE HILLINGDON HOSPITALS NHS FOUNDATION TRUST,6236,0,6892,0,0,0,3123,0,56,0,0,0,766,69,1883,0,0,57,,,,,,,2025-03-01,13128,3179,49.9,1940
MSitAE-MARCH-2025,RJ1,NHS ENGLAND LONDON,GUY'S AND ST THOMAS' NHS FOUNDATION TRUST,10247,727,7130,0,0,0,3568,12,199,0,0,0,119,71,2054,0,0,220,,,,,,,2025-03-01,18104,3779,65.2,2274
MSitAE-MAY-2024,AAH,NHS ENGLAND SOUTH WEST,TETBURY HOSPITAL TRUST LTD,0,0,620,0,0,0,0,0,0,0,0,0,0,0,0,0,0,0,,,,,,,2024-05-01,620,0,,0
MSitAE-MAY-2024,NTV0B,NHS ENGLAND SOUTH EAST,ASHFORD WALK-IN-CENTRE,0,0,2435,0,0,0,0,0,171,0,0,0,0,0,0,0,0,0,,,,,,,2024-05-01,2435,171,,0
MSitAE-MAY-2024,NTV0W,NHS ENGLAND SOUTH EAST,WOKING WALK IN CENTRE,0,0,2505,0,0,0,0,0,90,0,0,0,0,0,0,0,0,0,,,,,,,2024-05-01,2505,90,,0
MSitAE-MAY-2024,RAN,NHS ENGLAND LONDON,ROYAL NATIONAL ORTHOPAEDIC HOSPITAL NHS TRUST,0,0,0,0,0,0,0,0,0,0,0,0,0,0,0,0,0,42,,,,,,,2024-05-01,0,0,,42
MSitAE-MAY-2024,RK9,NHS ENGLAND SOUTH WEST,UNIVERSITY HOSPITALS PLYMOUTH NHS TRUST,9272,138,5335,0,0,0,5108,0,245,0,0,0,697,603,2960,0,0,1243,,,,,,,2024-05-01,14745,5353,44.9,4203
MSitAE-MAY-2024,RY5,NHS ENGLAND MIDLANDS,LINCOLNSHIRE COMMUNITY HEALTH SERVICES NHS TRUST,0,0,8846,0,0,0,0,0,351,0,0,0,0,0,0,0,0,0,,,,,,,2024-05-01,8846,351,,0
MSitAE-MAY-2024,RYF,NHS ENGLAND SOUTH WEST,SOUTH WESTERN AMBULANCE SERVICE NHS FOUNDATION TRUST,0,0,1784,0,0,10,0,0,145,0,0,0,0,0,0,0,0,0,,,,,,,2024-05-01,1784,145,,0
MSitAE-MAY-2024,Y02428,NHS ENGLAND EAST OF ENGLAND,PUTNOE WALK IN CENTRE,0,0,3181,0,0,0,0,0,0,0,0,0,0,0,0,0,0,0,,,,,,,2024-05-01,3181,0,,0
MSitAE-MAY-2024,Y02615,NHS ENGLAND MIDLANDS,SOUTH BIRMINGHAM GP WALK IN CENTRE,0,0,6835,0,0,0,0,0,0,0,0,0,0,0,0,0,0,0,,,,,,,2024-05-01,6835,0,,0
MSitAE-MAY-2024,ACH01,NHS ENGLAND SOUTH EAST,WHITSTABLE MEDICAL PRACTICE,0,0,4668,0,0,0,0,0,0,0,0,0,0,0,0,0,0,0,,,,,,,2024-05-01,4668,0,,0
MSitAE-MAY-2024,AD913,NHS ENGLAND LONDON,BECKENHAM BEACON UCC,0,0,3999,0,0,187,0,0,34,0,0,0,0,0,0,0,0,0,,,,,,,2024-05-01,3999,34,,0
MSitAE-MAY-2024,AQN04,NHS ENGLAND SOUTH EAST,PHL LYMINGTON UTC,0,0,3021,0,0,20,0,0,13,0,0,0,0,0,0,0,0,0,,,,,,,2024-05-01,3021,13,,0
MSitAE-MAY-2024,AXG,NHS ENGLAND SOUTH WEST,WILTSHIRE HEALTH & CARE,0,0,2691,0,0,0,0,0,63,0,0,0,0,0,0,0,0,0,,,,,,,2024-05-01,2691,63,,0
MSitAE-MAY-2024,C82038,NHS ENGLAND MIDLANDS,LATHAM HOUSE MEDICAL PRACTICE,0,0,335,0,0,0,0,0,0,0,0,0,0,0,0,0,0,0,,,,,,,2024-05-01,335,0,,0
MSitAE-MAY-2024,G0Q0L,NHS ENGLAND LONDON,BARKING HOSPITAL UTC,0,0,2969,0,0,0,0,0,16,0,0,0,0,0,0,0,0,0,,,,,,,2024-05-01,2969,16,,0
MSitAE-MAY-2024,K6K0R,NHS ENGLAND LONDON,HAROLD WOOD POLYCLINIC UTC,0,0,3114,0,0,0,0,0,11,0,0,0,0,0,0,0,0,0,,,,,,,2024-05-01,3114,11,,0
MSitAE-MAY-2024,L83087,NHS ENGLAND SOUTH WEST,OKEHAMPTON MEDICAL CENTRE,0,0,76,0,0,0,0,0,0,0,0,0,0,0,0,0,0,0,,,,,,,2024-05-01,76,0,,0
MSitAE-MAY-2024,NLX,NHS ENGLAND SOUTH WEST,SIRONA CARE & HEALTH,0,0,8802,0,0,234,0,0,671,0,0,58,0,0,0,0,0,0,,,,,,,2024-05-01,8802,671,,0
MSitAE-MAY-2024,NQT5F,NHS ENGLAND NORTH WEST,SKELMERSDALE WALK IN CENTRE,0,0,1952,0,0,0,0,0,6,0,0,0,0,0,0,0,0,0,,,,,,,2024-05-01,1952,6,,0
MSitAE-MAY-2024,NQT5H,NHS ENGLAND SOUTH WEST,PAULTON MEMORIAL HOSPITAL,0,0,1032,0,0,0,0,0,10,0,0,0,0,0,0,0,0,0,,,,,,,2024-05-01,1032,10,,0
MSitAE-MAY-2024,RDY,NHS ENGLAND SOUTH WEST,DORSET HEALTHCARE UNIVERSITY NHS FOUNDATION TRUST,0,0,0,0,0,0,0,0,0,0,0,0,0,0,0,0,4,1,,,,,,,2024-05-01,0,0,,5
MSitAE-MAY-2024,RJ8,NHS ENGLAND SOUTH WEST,CORNWALL PARTNERSHIP NHS FOUNDATION TRUST,0,0,0,0,0,0,0,0,0,0,0,0,0,0,0,0,9,51,,,,,,,2024-05-01,0,0,,60
MSitAE-MAY-2024,RLQ,NHS ENGLAND MIDLANDS,WYE VALLEY NHS TRUST,6533,1179,0,167,0,0,2484,0,0,31,0,0,465,318,2035,0,0,690,,,,,,,2024-05-01,7712,2484,62.0,2725
MSitAE-MAY-2024,RQ3,NHS ENGLAND MIDLANDS,BIRMINGHAM WOMEN'S AND CHILDREN'S NHS FOUNDATION TRUST,5569,0,0,0,0,0,1208,0,0,0,0,0,0,6,1079,0,0,212,,,,,,,2024-05-01,5569,1208,78.3,1291
MSitAE-MAY-2024,RW1,NHS ENGLAND SOUTH EAST,SOUTHERN HEALTH NHS FOUNDATION TRUST,0,0,3163,0,0,0,0,0,93,0,0,0,0,0,0,0,0,136,,,,,,,2024-05-01,3163,93,,136
MSitAE-MAY-2024,RWY,NHS ENGLAND NORTH EAST AND YORKSHIRE,CALDERDALE AND HUDDERSFIELD NHS FOUNDATION TRUST,16416,0,0,0,0,0,5090,0,0,0,0,0,1143,1,2999,0,0,313,,,,,,,2024-05-01,16416,5090,69.0,3312
MSitAE-MAY-2024,RXG,NHS ENGLAND NORTH EAST AND YORKSHIRE,SOUTH WEST YORKSHIRE PARTNERSHIP NHS FOUNDATION TRUST,0,0,0,0,0,0,0,0,0,0,0,0,0,0,0,0,0,135,,,,,,,2024-05-01,0,0,,135
MSitAE-MAY-2024,RXL,NHS ENGLAND NORTH WEST,BLACKPOOL TEACHING HOSPITALS NHS FOUNDATION TRUST,9230,0,10889,302,0,317,4047,0,67,96,0,0,398,707,2570,0,0,1638,,,,,,,2024-05-01,20119,4114,56.2,4208
MSitAE-MAY-2024,DT301,NHS ENGLAND EAST OF ENGLAND,HERTS URGENT CARE (ASCOTS LANE),0,0,2489,0,0,0,0,0,68,0,0,0,0,0,0,0,0,0,,,,,,,2024-05-01,2489,68,,0
MSitAE-MAY-2024,NL7,NHS ENGLAND MIDLANDS,ASSURA VERTIS URGENT CARE CENTRES (BIRMINGHAM),0,0,4727,0,0,0,0,0,0,0,0,0,0,0,0,0,0,0,,,,,,,2024-05-01,4727,0,,0
MSitAE-MAY-2024,NQTE4,NHS ENGLAND MIDLANDS,SUMMERFIELD URGENT CARE CENTRE,0,0,3478,0,0,0,0,0,0,0,0,0,0,0,0,0,0,0,,,,,,,2024-05-01,3478,0,,0
MSitAE-MAY-2024,RAX,NHS ENGLAND LONDON,KINGSTON HOSPITAL NHS FOUNDATION TRUST,7329,0,8787,0,0,0,3590,0,331,0,0,0,143,486,1996,0,209,677,,,,,,,2024-05-01,16116,3921,51.0,2882
MSitAE-MAY-2024,RBQ,NHS ENGLAND NORTH WEST,LIVERPOOL HEART AND CHEST HOSPITAL NHS FOUNDATION TRUST,0,0,0,0,0,0,0,0,0,0,0,0,0,0,0,0,0,165,,,,,,,2024-05-01,0,0,,165
MSitAE-MAY-2024,RNU,NHS ENGLAND SOUTH EAST,OXFORD HEALTH NHS FOUNDATION TRUST,0,0,4484,0,0,0,0,0,464,0,0,0,0,0,0,0,0,0,,,,,,,2024-05-01,4484,464,,0
MSitAE-MAY-2024,RPC,NHS ENGLAND SOUTH EAST,QUEEN VICTORIA HOSPITAL NHS FOUNDATION TRUST,0,0,1618,0,0,0,0,0,17,0,0,0,0,0,0,0,5,630,,,,,,,2024-05-01,1618,17,,635
MSitAE-MAY-2024,RWA,NHS ENGLAND NORTH EAST AND YORKSHIRE,HULL UNIVERSITY TEACHING HOSPITALS NHS TRUST,9392,0,5089,0,0,0,4986,0,643,0,0,0,1046,360,3462,0,0,1839,,,,,,,2024-05-01,14481,5629,46.9,5301
MSitAE-MAY-2024,C83023,NHS ENGLAND MIDLANDS,SLEAFORD MEDICAL GROUP,0,0,605,0,0,0,0,0,0,0,0,0,0,0,0,0,0,18,,,,,,,2024-05-01,605,0,,18
MSitAE-MAY-2024,RC9,NHS ENGLAND EAST OF ENGLAND,BEDFORDSHIRE HOSPITALS NHS FOUNDATION TRUST,16836,0,8529,0,0,1115,6466,0,0,0,0,0,82,27,4730,0,0,2314,,,,,,,2024-05-01,25365,6466,61.6,7044
MSitAE-MAY-2024,RCX,NHS ENGLAND EAST OF ENGLAND,"THE QUEEN ELIZABETH HOSPITAL, KING'S LYNN, NHS FOUNDATION TRUST",6910,0,1234,14,0,0,2168,0,0,4,0,0,319,97,2395,0,0,711,,,,,,,2024-05-01,8144,2168,68.6,3106
MSitAE-MAY-2024,RFF,NHS ENGLAND NORTH EAST AND YORKSHIRE,BARNSLEY HOSPITAL NHS FOUNDATION TRUST,8850,0,0,426,0,0,2688,0,0,0,0,0,323,0,2968,0,0,550,,,,,,,2024-05-01,8850,2688,69.6,3518
MSitAE-MAY-2024,RJR,NHS ENGLAND NORTH WEST,COUNTESS OF CHESTER HOSPITAL NHS FOUNDATION TRUST,5418,0,2120,0,0,0,2846,0,185,0,0,0,291,706,1670,0,0,1246,,,,,,,2024-05-01,7538,3031,47.5,2916
MSitAE-MAY-2024,RR7,NHS ENGLAND NORTH EAST AND YORKSHIRE,GATESHEAD HEALTH NHS FOUNDATION TRUST,5873,0,4098,28,0,3,2726,0,61,12,0,0,954,4,1653,0,0,53,,,,,,,2024-05-01,9971,2787,53.6,1706
MSitAE-MAY-2024,RWG,NHS ENGLAND EAST OF ENGLAND,WEST HERTFORDSHIRE TEACHING HOSPITALS NHS TRUST,8347,0,8188,0,0,864,3113,0,401,0,0,0,800,1,4007,0,0,560,,,,,,,2024-05-01,16535,3514,62.7,4567
MSitAE-MAY-2024,Y02147,NHS ENGLAND LONDON,URGENT CARE CENTRE (QMS),0,0,8154,0,0,612,0,0,352,0,0,6,0,0,0,0,0,0,,,,,,,2024-05-01,8154,352,,0
MSitAE-MAY-2024,NQT51,NHS ENGLAND SOUTH EAST,STATION PLAZA HEALTH CENTRE,0,0,1076,0,0,0,0,0,0,0,0,0,0,0,0,0,0,0,,,,,,,2024-05-01,1076,0,,0
MSitAE-MAY-2024,NR3,NHS ENGLAND MIDLANDS,NOTTINGHAM CITYCARE PARTNERSHIP,0,0,5649,0,0,268,0,0,412,0,0,0,0,0,0,0,0,0,,,,,,,2024-05-01,5649,412,,0
MSitAE-MAY-2024,RGP,NHS ENGLAND EAST OF ENGLAND,JAMES PAGET UNIVERSITY HOSPITALS NHS FOUNDATION TRUST,7644,0,1449,116,0,0,3127,0,0,39,0,0,621,412,1661,0,0,417,,,,,,,2024-05-01,9093,3127,59.1,2078
MSitAE-MAY-2024,RNS,NHS ENGLAND MIDLANDS,NORTHAMPTON GENERAL HOSPITAL NHS TRUST,11615,618,2251,709,0,26,3860,13,81,197,0,1,408,770,1991,0,0,1145,,,,,,,2024-05-01,14484,3954,66.8,3136
MSitAE-MAY-2024,RQX,NHS ENGLAND LONDON,HOMERTON HEALTHCARE NHS FOUNDATION TRUST,11636,0,0,15,0,0,2328,0,0,0,0,0,207,18,1787,0,0,308,,,,,,,2024-05-01,11636,2328,80.0,2095
MSitAE-MAY-2024,RRV,NHS ENGLAND LONDON,UNIVERSITY COLLEGE LONDON HOSPITALS NHS FOUNDATION TRUST,13474,0,0,546,0,0,4779,0,0,0,0,0,426,140,1480,0,0,275,,,,,,,2024-05-01,13474,4779,64.5,1755
MSitAE-MAY-2024,RTQ,NHS ENGLAND SOUTH WEST,GLOUCESTERSHIRE HEALTH AND CARE NHS FOUNDATION TRUST,0,0,7544,0,0,0,0,0,46,0,0,0,0,0,0,0,0,24,,,,,,,2024-05-01,7544,46,,24
MSitAE-MAY-2024,RV9,NHS ENGLAND NORTH EAST AND YORKSHIRE,HUMBER TEACHING NHS FOUNDATION TRUST,0,0,1243,0,0,46,0,0,18,0,0,0,0,0,0,0,0,0,,,,,,,2024-05-01,1243,18,,0
MSitAE-MAY-2024,RXW,NHS ENGLAND MIDLANDS,THE SHREWSBURY AND TELFORD HOSPITAL NHS TRUST,11073,0,2690,0,0,0,6706,0,390,0,0,0,465,790,2944,0,136,2182,,,,,,,2024-05-01,13763,7096,39.4,5262
MSitAE-MAY-2024,RYY,NHS ENGLAND SOUTH EAST,KENT COMMUNITY HEALTH NHS FOUNDATION TRUST,0,0,10818,0,0,0,0,0,44,0,0,0,0,0,0,0,0,0,,,,,,,2024-05-01,10818,44,,0
MSitAE-MAY-2024,Y07709,NHS ENGLAND SOUTH EAST,READING URGENT CARE CENTRE,0,0,2265,0,0,0,0,0,0,0,0,0,0,0,0,0,0,0,,,,,,,2024-05-01,2265,0,,0
MSitAE-MAY-2024,C82009,NHS ENGLAND MIDLANDS,MARKET HARBOROUGH MED.CTR,0,0,374,0,0,0,0,0,0,0,0,0,0,0,0,0,0,0,,,,,,,2024-05-01,374,0,,0
MSitAE-MAY-2024,NTP11,NHS ENGLAND SOUTH EAST,PRACTICE PLUS GROUP HOSPITAL - SOUTHAMPTON,0,0,5916,0,0,0,0,0,366,0,0,0,0,0,0,0,0,0,,,,,,,2024-05-01,5916,366,,0
MSitAE-MAY-2024,RAE,NHS ENGLAND NORTH EAST AND YORKSHIRE,BRADFORD TEACHING HOSPITALS NHS FOUNDATION TRUST,9649,1123,3445,0,0,0,2409,0,0,0,0,0,692,116,2479,0,63,1486,,,,,,,2024-05-01,14217,2409,75.0,4028
MSitAE-MAY-2024,Y00751,NHS ENGLAND SOUTH EAST,EAST BERKS PRIMARY CARE OOH(WAM),0,0,0,0,0,0,0,0,0,0,0,0,0,0,0,0,0,0,,,,,,,2024-05-01,0,0,,0
MSitAE-MAY-2024,Y02532,NHS ENGLAND NORTH WEST,MIRIAM MINOR EMERGENCY,0,0,1682,0,0,0,0,0,12,0,0,0,0,0,0,0,0,0,,,,,,,2024-05-01,1682,12,,0
MSitAE-MAY-2024,Y03218,NHS ENGLAND LONDON,THE PINN UNREGISTERED WIC,0,0,892,0,0,0,0,0,0,0,0,0,0,0,0,0,0,0,,,,,,,2024-05-01,892,0,,0
MSitAE-MAY-2024,8J094,NHS ENGLAND MIDLANDS,BADGER LTD,0,0,0,0,0,2119,0,0,0,0,0,0,0,0,0,0,0,0,,,,,,,2024-05-01,0,0,,0
MSitAE-MAY-2024,NV693,NHS ENGLAND NORTH WEST,ROSSENDALE MIU & OOH,0,0,1227,0,0,0,0,0,0,0,0,0,0,0,0,0,0,0,,,,,,,2024-05-01,1227,0,,0
MSitAE-MAY-2024,RA2,NHS ENGLAND SOUTH EAST,ROYAL SURREY COUNTY HOSPITAL NHS FOUNDATION TRUST,6641,0,1451,708,0,10,2310,0,0,215,0,0,390,7,2415,0,0,1118,,,,,,,2024-05-01,8092,2310,65.2,3533
MSitAE-MAY-2024,RBD,NHS ENGLAND SOUTH WEST,DORSET COUNTY HOSPITAL NHS FOUNDATION TRUST,4472,0,0,380,0,4478,1774,0,0,116,0,8,225,15,1829,0,0,542,,,,,,,2024-05-01,4472,1774,60.3,2371
MSitAE-MAY-2024,RBV,NHS ENGLAND NORTH WEST,THE CHRISTIE NHS FOUNDATION TRUST,0,0,0,0,0,0,0,0,0,0,0,0,0,0,0,0,0,775,,,,,,,2024-05-01,0,0,,775
MSitAE-MAY-2024,RDU,NHS ENGLAND SOUTH EAST,FRIMLEY HEALTH NHS FOUNDATION TRUST,23846,918,11696,0,0,0,10001,1,91,0,0,0,2229,227,6175,0,0,286,,,,,,,2024-05-01,36460,10093,58.1,6461
MSitAE-MAY-2024,REM,NHS ENGLAND NORTH WEST,LIVERPOOL UNIVERSITY HOSPITALS NHS FOUNDATION TRUST,16314,1892,8219,497,0,0,7886,176,333,85,0,0,2226,1329,5403,0,0,2573,,,,,,,2024-05-01,26425,8395,51.7,7976
MSitAE-MAY-2024,RET,NHS ENGLAND NORTH WEST,THE WALTON CENTRE NHS FOUNDATION TRUST,0,0,0,0,0,0,0,0,0,0,0,0,0,0,0,0,0,160,,,,,,,2024-05-01,0,0,,160
MSitAE-MAY-2024,RHW,NHS ENGLAND SOUTH EAST,ROYAL BERKSHIRE NHS FOUNDATION TRUST,12521,2303,0,692,15,0,4363,31,0,202,1,0,690,0,2648,0,0,880,,,,,,,2024-05-01,14824,4394,65.2,3528
MSitAE-MAY-2024,RNN,NHS ENGLAND NORTH EAST AND YORKSHIRE,NORTH CUMBRIA INTEGRATED CARE NHS FOUNDATION TRUST,9427,0,2160,345,0,35,4191,0,29,113,0,0,801,592,2460,0,0,786,,,,,,,2024-05-01,11587,4220,55.5,3246
MSitAE-MAY-2024,RP6,NHS ENGLAND LONDON,MOORFIELDS EYE HOSPITAL NHS FOUNDATION TRUST,0,6053,0,0,0,0,0,155,0,0,0,0,0,0,0,5,0,191,,,,,,,2024-05-01,6053,155,,196
MSitAE-MAY-2024,RQW,NHS ENGLAND EAST OF ENGLAND,THE PRINCESS ALEXANDRA HOSPITAL NHS TRUST,8607,0,2099,0,0,830,4138,0,0,0,0,0,477,129,2166,0,0,411,,,,,,,2024-05-01,10706,4138,51.9,2577
MSitAE-MAY-2024,RTD,NHS ENGLAND NORTH EAST AND YORKSHIRE,THE NEWCASTLE UPON TYNE HOSPITALS NHS FOUNDATION TRUST,12756,1661,5174,0,0,976,5565,192,0,0,0,0,616,65,3960,22,0,3012,,,,,,,2024-05-01,19591,5757,56.4,6994
MSitAE-MAY-2024,RTG,NHS ENGLAND MIDLANDS,UNIVERSITY HOSPITALS OF DERBY AND BURTON NHS FOUNDATION TRUST,22167,0,10256,507,0,34,9134,0,29,227,0,2,851,876,4332,0,2,2683,,,,,,,2024-05-01,32423,9163,58.8,7017
MSitAE-MAY-2024,RWF,NHS ENGLAND SOUTH EAST,MAIDSTONE AND TUNBRIDGE WELLS NHS TRUST,18736,0,2257,724,0,203,3276,0,52,87,0,0,901,27,5193,0,0,1034,,,,,,,2024-05-01,20993,3328,82.5,6227
MSitAE-MAY-2024,RWP,NHS ENGLAND MIDLANDS,WORCESTERSHIRE ACUTE HOSPITALS NHS TRUST,13286,0,6397,161,0,12,6643,0,41,58,0,0,955,271,3747,0,0,1479,,,,,,,2024-05-01,19683,6684,50.0,5226
MSitAE-MAY-2024,RX1,NHS ENGLAND MIDLANDS,NOTTINGHAM UNIVERSITY HOSPITALS NHS TRUST,16556,1970,333,608,0,0,7908,79,3,264,0,0,878,450,4380,0,0,3970,,,,,,,2024-05-01,18859,7990,52.2,8350
MSitAE-MAY-2024,RXQ,NHS ENGLAND SOUTH EAST,BUCKINGHAMSHIRE HEALTHCARE NHS TRUST,10475,1169,3949,0,0,0,3977,0,251,0,0,0,369,148,4150,821,0,1899,,,,,,,2024-05-01,15593,4228,62.0,6870
MSitAE-MAY-2024,RXR,NHS ENGLAND NORTH WEST,EAST LANCASHIRE HOSPITALS NHS TRUST,13526,0,11586,0,0,0,4466,0,556,0,0,0,408,1200,3312,0,74,1762,,,,,,,2024-05-01,25112,5022,67.0,5148
MSitAE-MAY-2024,RY8,NHS ENGLAND MIDLANDS,DERBYSHIRE COMMUNITY HEALTH SERVICES NHS FOUNDATION TRUST,0,0,6626,0,0,1671,0,0,127,0,0,14,0,0,0,0,0,0,,,,,,,2024-05-01,6626,127,,0
MSitAE-MAY-2024,Y02676,NHS ENGLAND SOUTH EAST,BRIGHTON STATION HEALTH CENTRE,0,0,2012,0,0,0,0,0,0,0,0,0,0,0,0,0,0,0,,,,,,,2024-05-01,2012,0,,0
MSitAE-MAY-2024,Y03007,NHS ENGLAND MIDLANDS,ERDINGTON GP HEALTH & WELLBEING WIC,0,0,0,0,0,2107,0,0,0,0,0,0,0,0,0,0,0,0,,,,,,,2024-05-01,0,0,,0
MSitAE-MAY-2024,NNJ,NHS ENGLAND MIDLANDS,DHU HEALTH CARE C.I.C,0,0,2184,0,0,0,0,0,5,0,0,0,0,0,0,0,0,0,,,,,,,2024-05-01,2184,5,,0
MSitAE-MAY-2024,NTPAD,NHS ENGLAND SOUTH EAST,PRACTICE PLUS GROUP SURGICAL CENTRE - ST MARYS PORTSMOUTH,0,0,5696,0,0,315,0,0,68,0,0,0,0,0,0,0,0,0,,,,,,,2024-05-01,5696,68,,0
MSitAE-MAY-2024,R0B,NHS ENGLAND NORTH EAST AND YORKSHIRE,SOUTH TYNESIDE AND SUNDERLAND NHS FOUNDATION TRUST,11704,1271,6486,514,0,1550,4949,29,103,241,0,21,470,4,4614,18,0,1183,,,,,,,2024-05-01,19461,5081,57.7,5815
MSitAE-MAY-2024,R0D,NHS ENGLAND SOUTH WEST,UNIVERSITY HOSPITALS DORSET NHS FOUNDATION TRUST,13855,0,5621,0,0,0,5354,0,0,0,0,0,955,203,4243,4,0,2585,,,,,,,2024-05-01,19476,5354,61.4,6832
MSitAE-MAY-2024,R1K,NHS ENGLAND LONDON,LONDON NORTH WEST UNIVERSITY HEALTHCARE NHS TRUST,13910,0,16014,0,0,0,7504,0,268,0,0,0,855,432,6671,0,0,378,,,,,,,2024-05-01,29924,7772,46.1,7049
MSitAE-MAY-2024,RA7,NHS ENGLAND SOUTH WEST,UNIVERSITY HOSPITALS BRISTOL AND WESTON NHS FOUNDATION TRUST,16093,2411,0,0,0,0,5753,166,0,0,0,0,1268,321,5329,9,0,1484,,,,,,,2024-05-01,18504,5919,64.3,6822
MSitAE-MAY-2024,RBS,NHS ENGLAND NORTH WEST,ALDER HEY CHILDREN'S NHS FOUNDATION TRUST,6107,0,0,0,0,0,805,0,0,0,0,0,0,0,1003,0,0,312,,,,,,,2024-05-01,6107,805,86.8,1315
MSitAE-MAY-2024,REF,NHS ENGLAND SOUTH WEST,ROYAL CORNWALL HOSPITALS NHS TRUST,6719,0,13370,0,0,0,4041,0,782,0,0,0,506,476,2250,0,47,1239,,,,,,,2024-05-01,20089,4823,39.9,3536
MSitAE-MAY-2024,RJN,NHS ENGLAND NORTH WEST,EAST CHESHIRE NHS TRUST,4714,0,0,81,0,51,2396,0,0,0,0,0,268,332,933,0,0,197,,,,,,,2024-05-01,4714,2396,49.2,1130
MSitAE-MAY-2024,RL4,NHS ENGLAND MIDLANDS,THE ROYAL WOLVERHAMPTON NHS TRUST,13697,0,8229,150,0,920,4115,0,203,21,0,3,1205,225,6241,0,0,959,,,,,,,2024-05-01,21926,4318,70.0,7200
MSitAE-MAY-2024,RN7,NHS ENGLAND SOUTH EAST,DARTFORD AND GRAVESHAM NHS TRUST,11876,0,3899,0,0,0,3237,0,33,0,0,0,680,51,3190,0,0,459,,,,,,,2024-05-01,15775,3270,72.7,3649
MSitAE-MAY-2024,RNA,NHS ENGLAND MIDLANDS,THE DUDLEY GROUP NHS FOUNDATION TRUST,9799,0,4817,125,0,753,2723,0,186,7,0,0,1860,238,3469,0,0,2261,,,,,,,2024-05-01,14616,2909,72.2,5730
MSitAE-MAY-2024,RNQ,NHS ENGLAND MIDLANDS,KETTERING GENERAL HOSPITAL NHS FOUNDATION TRUST,9967,0,9616,506,0,0,3580,0,109,0,0,0,1384,0,2040,0,0,216,,,,,,,2024-05-01,19583,3689,64.1,2256
MSitAE-MAY-2024,RNZ,NHS ENGLAND SOUTH WEST,SALISBURY NHS FOUNDATION TRUST,4554,319,2165,328,0,0,1697,0,0,120,0,0,370,5,1450,0,0,922,,,,,,,2024-05-01,7038,1697,62.7,2372
MSitAE-MAY-2024,RVW,NHS ENGLAND NORTH EAST AND YORKSHIRE,NORTH TEES AND HARTLEPOOL NHS FOUNDATION TRUST,4879,0,12102,0,0,0,2109,0,71,0,0,0,157,1,1652,0,541,2176,,,,,,,2024-05-01,16981,2180,56.8,4369
MSitAE-MAY-2024,RW4,NHS ENGLAND NORTH WEST,MERSEY CARE NHS FOUNDATION TRUST,0,0,11608,0,0,0,0,0,628,0,0,0,0,0,0,0,0,74,,,,,,,2024-05-01,11608,628,,74
MSitAE-MAY-2024,RY4,NHS ENGLAND EAST OF ENGLAND,HERTFORDSHIRE COMMUNITY NHS TRUST,0,0,1044,0,0,0,0,0,16,0,0,0,0,0,0,0,0,0,,,,,,,2024-05-01,1044,16,,0
MSitAE-MAY-2024,RY7,NHS ENGLAND NORTH WEST,WIRRAL COMMUNITY HEALTH AND CARE NHS FOUNDATION TRUST,0,0,4800,0,0,0,0,0,119,0,0,0,0,0,0,0,0,0,,,,,,,2024-05-01,4800,119,,0
MSitAE-MAY-2024,AJN,NHS ENGLAND NORTH EAST AND YORKSHIRE,WORKINGTON HEALTH LIMITED,0,0,330,0,0,0,0,0,0,0,0,0,0,0,0,0,0,0,,,,,,,2024-05-01,330,0,,0
MSitAE-MAY-2024,NDJ,NHS ENGLAND SOUTH EAST,FIRST COMMUNITY HEALTH AND CARE CIC,0,0,2395,0,0,0,0,0,0,0,0,0,0,0,0,0,0,0,,,,,,,2024-05-01,2395,0,,0
MSitAE-MAY-2024,NNF09,NHS ENGLAND NORTH EAST AND YORKSHIRE,BRANSHOLME HEALTH CENTRE,0,0,4032,0,0,0,0,0,990,0,0,0,0,0,0,0,0,0,,,,,,,2024-05-01,4032,990,,0
MSitAE-MAY-2024,NNF94,NHS ENGLAND NORTH EAST AND YORKSHIRE,EAST RIDING COMMUNITY HOSPITAL,0,0,3083,0,0,0,0,0,578,0,0,0,0,0,0,0,0,0,,,,,,,2024-05-01,3083,578,,0
MSitAE-MAY-2024,NNFA7,NHS ENGLAND NORTH EAST AND YORKSHIRE,GOOLE & DISTRICT HOSPITAL,0,0,1654,0,0,0,0,0,19,0,0,0,0,0,0,0,0,0,,,,,,,2024-05-01,1654,19,,0
MSitAE-MAY-2024,NNJ07,NHS ENGLAND MIDLANDS,LOUGHBOROUGH URGENT CARE CENTRE,0,0,6249,0,0,585,0,0,34,0,0,0,0,0,0,0,0,0,,,,,,,2024-05-01,6249,34,,0
MSitAE-MAY-2024,NNJ0H,NHS ENGLAND MIDLANDS,LLR EA - THE MERLYN VAZ HEALTH & SOCIAL CARE CENTRE,0,0,192,0,0,2136,0,0,1,0,0,0,0,0,0,0,0,0,,,,,,,2024-05-01,192,1,,0
MSitAE-MAY-2024,NNJ12,NHS ENGLAND MIDLANDS,MARKET HARBOROUGH,0,0,128,0,0,355,0,0,0,0,0,0,0,0,0,0,0,0,,,,,,,2024-05-01,128,0,,0
MSitAE-MAY-2024,NNJ13,NHS ENGLAND MIDLANDS,MELTON MOWBRAY,0,0,78,0,0,373,0,0,1,0,0,0,0,0,0,0,0,0,,,,,,,2024-05-01,78,1,,0
MSitAE-MAY-2024,NNJ14,NHS ENGLAND MIDLANDS,OADBY,0,0,466,0,0,2283,0,0,0,0,0,0,0,0,0,0,0,0,,,,,,,2024-05-01,466,0,,0
MSitAE-MAY-2024,NNJ15,NHS ENGLAND MIDLANDS,OAKHAM,0,0,67,0,0,391,0,0,0,0,0,0,0,0,0,0,0,0,,,,,,,2024-05-01,67,0,,0
MSitAE-MAY-2024,R0A,NHS ENGLAND NORTH WEST,MANCHESTER UNIVERSITY NHS FOUNDATION TRUST,26218,3241,12493,3364,497,1109,12613,114,830,1596,12,118,3856,720,5602,168,165,500,,,,,,,2024-05-01,41952,13557,51.9,6435
MSitAE-MAY-2024,R1F,NHS ENGLAND SOUTH EAST,ISLE OF WIGHT NHS TRUST,4425,0,2180,31,0,28,1782,0,2,11,0,0,127,22,1126,0,0,317,,,,,,,2024-05-01,6605,1784,59.7,1443
MSitAE-MAY-2024,RA9,NHS ENGLAND SOUTH WEST,TORBAY AND SOUTH DEVON NHS FOUNDATION TRUST,6698,0,3543,409,0,179,2918,0,10,144,0,1,354,113,2194,0,0,1244,,,,,,,2024-05-01,10241,2928,56.4,3438
MSitAE-MAY-2024,RBK,NHS ENGLAND MIDLANDS,WALSALL HEALTHCARE NHS TRUST,8928,0,4169,426,0,148,2791,0,209,60,0,0,795,50,3692,0,0,680,,,,,,,2024-05-01,13097,3000,68.7,4372
MSitAE-MAY-2024,RBT,NHS ENGLAND NORTH WEST,MID CHESHIRE HOSPITALS NHS FOUNDATION TRUST,7444,0,2986,160,0,56,4292,0,56,41,0,0,660,571,2433,0,0,1026,,,,,,,2024-05-01,10430,4348,42.3,3459
MSitAE-MAY-2024,RCB,NHS ENGLAND NORTH EAST AND YORKSHIRE,YORK AND SCARBOROUGH TEACHING HOSPITALS NHS FOUNDATION TRUST,11533,398,9042,0,0,0,6364,0,337,0,0,0,844,762,4613,6,0,1576,,,,,,,2024-05-01,20973,6701,44.8,6195
MSitAE-MAY-2024,RCF,NHS ENGLAND NORTH EAST AND YORKSHIRE,AIREDALE NHS FOUNDATION TRUST,6340,260,26,534,0,0,2487,0,0,0,0,0,431,151,1621,0,0,581,,,,,,,2024-05-01,6626,2487,60.8,2202
MSitAE-MAY-2024,RCU,NHS ENGLAND NORTH EAST AND YORKSHIRE,SHEFFIELD CHILDREN'S NHS FOUNDATION TRUST,4996,0,298,307,0,19,658,0,1,40,0,0,8,0,941,0,0,96,,,,,,,2024-05-01,5294,659,86.8,1037
MSitAE-MAY-2024,RD8,NHS ENGLAND EAST OF ENGLAND,MILTON KEYNES UNIVERSITY HOSPITAL NHS FOUNDATION TRUST,8486,0,5838,634,0,125,3526,0,268,238,0,0,495,0,2037,0,0,452,,,,,,,2024-05-01,14324,3794,58.4,2489
MSitAE-MAY-2024,REP,NHS ENGLAND NORTH WEST,LIVERPOOL WOMEN'S NHS FOUNDATION TRUST,0,1305,0,0,130,0,0,164,0,0,0,0,0,0,0,130,0,17,,,,,,,2024-05-01,1305,164,,147
MSitAE-MAY-2024,RH8,NHS ENGLAND SOUTH WEST,ROYAL DEVON UNIVERSITY HEALTHCARE NHS FOUNDATION TRUST,12900,0,4350,1320,0,57,4755,0,26,411,0,2,1233,46,4128,0,0,2264,,,,,,,2024-05-01,17250,4781,63.1,6392
MSitAE-MAY-2024,RHQ,NHS ENGLAND NORTH EAST AND YORKSHIRE,SHEFFIELD TEACHING HOSPITALS NHS FOUNDATION TRUST,9441,1200,7827,449,1,1247,4642,0,324,192,0,19,1289,8,3925,0,0,2916,,,,,,,2024-05-01,18468,4966,50.8,6841
MSitAE-MAY-2024,RJC,NHS ENGLAND MIDLANDS,SOUTH WARWICKSHIRE UNIVERSITY NHS FOUNDATION TRUST,8612,0,448,9,0,0,2500,0,0,0,0,0,297,8,2267,0,0,727,,,,,,,2024-05-01,9060,2500,71.0,2994
MSitAE-MAY-2024,RJE,NHS ENGLAND MIDLANDS,UNIVERSITY HOSPITALS OF NORTH MIDLANDS NHS TRUST,14147,469,9736,674,0,520,6854,0,173,255,0,10,1192,701,5701,0,0,3368,,,,,,,2024-05-01,24352,7027,51.6,9069
MSitAE-MAY-2024,RKB,NHS ENGLAND MIDLANDS,UNIVERSITY HOSPITALS COVENTRY AND WARWICKSHIRE NHS TRUST,12422,1831,7754,39,0,137,5842,81,324,25,0,0,246,59,3033,111,72,1751,,,,,,,2024-05-01,22007,6247,53.0,4967
MSitAE-MAY-2024,RRK,NHS ENGLAND MIDLANDS,UNIVERSITY HOSPITALS BIRMINGHAM NHS FOUNDATION TRUST,35332,384,1693,32,0,274,15433,0,16,12,0,3,2355,2190,10966,0,0,5888,,,,,,,2024-05-01,37409,15449,56.3,16854
MSitAE-MAY-2024,RTE,NHS ENGLAND SOUTH WEST,GLOUCESTERSHIRE HOSPITALS NHS FOUNDATION TRUST,13362,0,0,190,0,0,5555,0,0,67,0,0,353,698,2733,0,0,1789,,,,,,,2024-05-01,13362,5555,58.4,4522
MSitAE-MAY-2024,RTP,NHS ENGLAND SOUTH EAST,SURREY AND SUSSEX HEALTHCARE NHS TRUST,10800,0,0,0,0,0,3321,0,0,0,0,0,610,556,3119,0,0,556,,,,,,,2024-05-01,10800,3321,69.2,3675
MSitAE-MAY-2024,RWW,NHS ENGLAND NORTH WEST,WARRINGTON AND HALTON TEACHING HOSPITALS NHS FOUNDATION TRUST,7412,0,3505,276,0,99,3671,0,103,121,0,6,747,736,1896,0,0,219,,,,,,,2024-05-01,10917,3774,50.5,2115
MSitAE-MAY-2024,RXF,NHS ENGLAND NORTH EAST AND YORKSHIRE,MID YORKSHIRE TEACHING NHS TRUST,17925,122,6752,124,0,89,7104,0,521,16,0,4,2278,242,3679,0,153,932,,,,,,,2024-05-01,24799,7625,60.4,4764
MSitAE-MAY-2024,RYG,NHS ENGLAND MIDLANDS,COVENTRY AND WARWICKSHIRE PARTNERSHIP NHS TRUST,0,0,0,0,0,0,0,0,0,0,0,0,0,0,0,0,13,83,,,,,,,2024-05-01,0,0,,96
MSitAE-MAY-2024,ARN03,NHS ENGLAND NORTH EAST AND YORKSHIRE,LOCAL CARE DIRECT,0,0,2366,0,0,317,0,0,0,0,0,0,0,0,0,0,0,0,,,,,,,2024-05-01,2366,0,,0
MSitAE-MAY-2024,R1D,NHS ENGLAND MIDLANDS,SHROPSHIRE COMMUNITY HEALTH NHS TRUST,0,0,3581,0,0,3,0,0,4,0,0,0,0,0,0,0,0,0,,,,,,,2024-05-01,3581,4,,0
MSitAE-MAY-2024,R1H,NHS ENGLAND LONDON,BARTS HEALTH NHS TRUST,24992,928,18284,0,0,0,12419,19,2130,0,0,0,1200,1038,5141,0,0,1337,,,,,,,2024-05-01,44204,14568,50.3,6478
MSitAE-MAY-2024,RAJ,NHS ENGLAND EAST OF ENGLAND,MID AND SOUTH ESSEX NHS FOUNDATION TRUST,31119,0,6039,540,0,159,8919,0,159,94,0,1,2929,11,9443,0,249,1307,,,,,,,2024-05-01,37158,9078,71.3,10999
MSitAE-MAY-2024,RCD,NHS ENGLAND NORTH EAST AND YORKSHIRE,HARROGATE AND DISTRICT NHS FOUNDATION TRUST,5183,0,1006,315,0,32,1769,0,0,81,0,0,301,55,1156,0,0,285,,,,,,,2024-05-01,6189,1769,65.9,1441
MSitAE-MAY-2024,RDE,NHS ENGLAND EAST OF ENGLAND,EAST SUFFOLK AND NORTH ESSEX NHS FOUNDATION TRUST,15434,0,12919,866,0,280,6867,0,214,0,0,0,1251,483,6354,0,363,1025,,,,,,,2024-05-01,28353,7081,55.5,7742
MSitAE-MAY-2024,RF4,NHS ENGLAND LONDON,"BARKING, HAVERING AND REDBRIDGE UNIVERSITY HOSPITALS NHS TRUST",13446,2462,14302,0,0,0,5652,413,182,0,0,0,715,734,8145,0,0,427,,,,,,,2024-05-01,30210,6247,58.0,8572
MSitAE-MAY-2024,RFS,NHS ENGLAND MIDLANDS,CHESTERFIELD ROYAL HOSPITAL NHS FOUNDATION TRUST,7487,0,1592,239,0,111,2988,0,221,60,0,9,905,147,2750,0,216,593,,,,,,,2024-05-01,9079,3209,60.1,3559
MSitAE-MAY-2024,RGT,NHS ENGLAND EAST OF ENGLAND,CAMBRIDGE UNIVERSITY HOSPITALS NHS FOUNDATION TRUST,10313,0,6303,862,0,587,5245,0,135,373,0,26,545,641,2763,0,23,440,,,,,,,2024-05-01,16616,5380,49.1,3226
MSitAE-MAY-2024,RHM,NHS ENGLAND SOUTH EAST,UNIVERSITY HOSPITAL SOUTHAMPTON NHS FOUNDATION TRUST,12453,1251,0,158,0,0,3830,97,0,50,0,0,251,11,4059,13,0,1562,,,,,,,2024-05-01,13704,3927,69.2,5634
MSitAE-MAY-2024,RJ1,NHS ENGLAND LONDON,GUY'S AND ST THOMAS' NHS FOUNDATION TRUST,11226,765,6841,0,0,0,4645,6,367,0,0,0,156,39,2152,0,0,249,,,,,,,2024-05-01,18832,5018,58.6,2401
MSitAE-MAY-2024,RK5,NHS ENGLAND MIDLANDS,SHERWOOD FOREST HOSPITALS NHS FOUNDATION TRUST,11680,0,5736,15,0,129,4398,0,275,5,0,1,635,77,3841,0,0,401,,,,,,,2024-05-01,17416,4673,62.3,4242
MSitAE-MAY-2024,RL1,NHS ENGLAND MIDLANDS,THE ROBERT JONES AND AGNES HUNT ORTHOPAEDIC HOSPITAL NHS FOUNDATION TRUST,0,0,0,0,0,0,0,0,0,0,0,0,0,0,0,0,0,32,,,,,,,2024-05-01,0,0,,32
MSitAE-MAY-2024,RM1,NHS ENGLAND EAST OF ENGLAND,NORFOLK AND NORWICH UNIVERSITY HOSPITALS NHS FOUNDATION TRUST,12332,0,9275,427,0,0,4157,0,0,93,0,0,787,117,2726,0,0,1655,,,,,,,2024-05-01,21607,4157,66.3,4381
MSitAE-MAY-2024,RMP,NHS ENGLAND NORTH WEST,TAMESIDE AND GLOSSOP INTEGRATED CARE NHS FOUNDATION TRUST,8711,0,2777,451,0,245,4396,0,0,0,0,0,624,26,2595,0,0,651,,,,,,,2024-05-01,11488,4396,49.5,3246
MSitAE-MAY-2024,RN5,NHS ENGLAND SOUTH EAST,HAMPSHIRE HOSPITALS NHS FOUNDATION TRUST,13010,158,538,0,0,174,4999,0,0,0,0,0,660,34,4384,9,0,1002,,,,,,,2024-05-01,13706,4999,61.6,5395
MSitAE-MAY-2024,RPA,NHS ENGLAND SOUTH EAST,MEDWAY NHS FOUNDATION TRUST,9403,0,7329,370,0,1133,2810,0,1076,59,0,0,442,588,2404,0,0,1048,,,,,,,2024-05-01,16732,3886,70.1,3452
MSitAE-MAY-2024,RQM,NHS ENGLAND LONDON,CHELSEA AND WESTMINSTER HOSPITAL NHS FOUNDATION TRUST,20387,0,6574,874,0,0,5146,0,232,0,0,0,778,61,2744,0,0,327,,,,,,,2024-05-01,26961,5378,74.8,3071
MSitAE-MAY-2024,RR8,NHS ENGLAND NORTH EAST AND YORKSHIRE,LEEDS TEACHING HOSPITALS NHS TRUST,18663,733,12607,39,0,39,7850,0,83,12,0,0,1908,302,3900,0,0,1220,,,,,,,2024-05-01,32003,7933,57.9,5120
MSitAE-MAY-2024,RRF,NHS ENGLAND NORTH WEST,"WRIGHTINGTON, WIGAN AND LEIGH NHS FOUNDATION TRUST",7563,0,5820,0,0,0,3690,0,52,0,0,0,1154,442,2196,0,0,900,,,,,,,2024-05-01,13383,3742,51.2,3096
MSitAE-MAY-2024,RTF,NHS ENGLAND NORTH EAST AND YORKSHIRE,NORTHUMBRIA HEALTHCARE NHS FOUNDATION TRUST,10015,0,13369,0,0,0,3029,0,10,0,0,0,61,1,4785,0,63,1519,,,,,,,2024-05-01,23384,3039,69.8,6367
MSitAE-MAY-2024,RTX,NHS ENGLAND NORTH WEST,UNIVERSITY HOSPITALS OF MORECAMBE BAY NHS FOUNDATION TRUST,9793,0,3566,289,0,676,2973,0,101,33,0,60,658,410,3084,0,15,997,,,,,,,2024-05-01,13359,3074,69.6,4096
MSitAE-MAY-2024,RVJ,NHS ENGLAND SOUTH WEST,NORTH BRISTOL NHS TRUST,9493,0,0,13,0,0,3625,0,0,3,0,0,694,217,2862,0,0,2006,,,,,,,2024-05-01,9493,3625,61.8,4868
MSitAE-MAY-2024,RVV,NHS ENGLAND SOUTH EAST,EAST KENT HOSPITALS UNIVERSITY NHS FOUNDATION TRUST,13011,0,13265,0,0,0,6083,0,236,0,0,0,592,1227,3716,0,569,1008,,,,,,,2024-05-01,26276,6319,53.2,5293
MSitAE-MAY-2024,RWD,NHS ENGLAND MIDLANDS,UNITED LINCOLNSHIRE HOSPITALS NHS TRUST,10453,0,10933,5,0,0,7110,0,1282,4,0,0,1128,1103,4164,0,0,1260,,,,,,,2024-05-01,21386,8392,32.0,5424
MSitAE-MAY-2024,RXC,NHS ENGLAND SOUTH EAST,EAST SUSSEX HEALTHCARE NHS TRUST,10590,0,2450,873,0,1239,3211,0,31,0,0,0,277,4,3486,0,0,599,,,,,,,2024-05-01,13040,3242,69.7,4085
MSitAE-MAY-2024,RXN,NHS ENGLAND NORTH WEST,LANCASHIRE TEACHING HOSPITALS NHS FOUNDATION TRUST,12522,0,3654,291,0,111,4977,0,226,80,0,5,1071,411,3095,0,159,1228,,,,,,,2024-05-01,16176,5203,60.3,4482
MSitAE-MAY-2024,RXP,NHS ENGLAND NORTH EAST AND YORKSHIRE,COUNTY DURHAM AND DARLINGTON NHS FOUNDATION TRUST,13555,0,4752,0,0,7343,5985,0,0,0,0,0,2245,25,4445,0,0,788,,,,,,,2024-05-01,18307,5985,55.8,5233
MSitAE-MAY-2024,RY2,NHS ENGLAND NORTH WEST,BRIDGEWATER COMMUNITY HEALTHCARE NHS FOUNDATION TRUST,0,0,3732,0,0,194,0,0,89,0,0,7,0,0,0,0,0,0,,,,,,,2024-05-01,3732,89,,0
MSitAE-MAY-2024,RYX,NHS ENGLAND LONDON,CENTRAL LONDON COMMUNITY HEALTHCARE NHS TRUST,0,0,11774,0,0,450,0,0,354,0,0,9,0,0,0,0,0,0,,,,,,,2024-05-01,11774,354,,0
MSitAE-MAY-2024,RD1,NHS ENGLAND SOUTH WEST,ROYAL UNITED HOSPITALS BATH NHS FOUNDATION TRUST,9080,0,0,0,0,0,3633,0,0,0,0,0,703,4,2574,0,13,1692,,,,,,,2024-05-01,9080,3633,60.0,4279
MSitAE-MAY-2024,RFR,NHS ENGLAND NORTH EAST AND YORKSHIRE,THE ROTHERHAM NHS FOUNDATION TRUST,8970,0,0,0,0,0,3245,0,0,0,0,0,548,1,3195,0,0,469,,,,,,,2024-05-01,8970,3245,63.8,3664
MSitAE-MAY-2024,RH5,NHS ENGLAND SOUTH WEST,SOMERSET NHS FOUNDATION TRUST,13492,0,10411,0,0,1,5057,0,282,0,0,0,333,5,3273,0,0,2154,,,,,,,2024-05-01,23903,5339,62.5,5427
MSitAE-MAY-2024,RHU,NHS ENGLAND SOUTH EAST,PORTSMOUTH HOSPITALS UNIVERSITY NATIONAL HEALTH SERVICE TRUST,10464,808,3301,1342,0,760,5141,8,87,744,0,18,1669,10,3715,0,0,2597,,,,,,,2024-05-01,14573,5236,50.9,6312
MSitAE-MAY-2024,RJ7,NHS ENGLAND LONDON,ST GEORGE'S UNIVERSITY HOSPITALS NHS FOUNDATION TRUST,9193,0,3338,1029,0,0,2992,0,0,149,0,0,496,775,2570,0,0,880,,,,,,,2024-05-01,12531,2992,67.5,3450
MSitAE-MAY-2024,RJL,NHS ENGLAND NORTH EAST AND YORKSHIRE,NORTHERN LINCOLNSHIRE AND GOOLE NHS FOUNDATION TRUST,9065,0,6793,0,0,453,4729,0,100,0,0,4,611,899,5108,0,0,404,,,,,,,2024-05-01,15858,4829,47.8,5512
MSitAE-MAY-2024,RKE,NHS ENGLAND LONDON,WHITTINGTON HEALTH NHS TRUST,9522,0,0,0,0,0,2934,0,0,0,0,0,256,369,1117,0,0,38,,,,,,,2024-05-01,9522,2934,69.2,1155
MSitAE-MAY-2024,RTK,NHS ENGLAND SOUTH EAST,ASHFORD AND ST PETER'S HOSPITALS NHS FOUNDATION TRUST,10511,0,0,0,0,0,3663,0,0,0,0,0,736,203,3201,0,0,588,,,,,,,2024-05-01,10511,3663,65.2,3789
MSitAE-MAY-2024,RTR,NHS ENGLAND NORTH EAST AND YORKSHIRE,SOUTH TEES HOSPITALS NHS FOUNDATION TRUST,8252,0,9365,0,0,1636,4250,0,739,0,0,116,406,25,2757,0,114,2313,,,,,,,2024-05-01,17617,4989,48.5,5184
MSitAE-MAY-2024,RVR,NHS ENGLAND LONDON,EPSOM AND ST HELIER UNIVERSITY HOSPITALS NHS TRUST,11500,305,1698,393,0,29,2967,1,123,40,0,0,245,661,1845,4,0,126,,,,,,,2024-05-01,13503,3091,74.2,1975
MSitAE-MAY-2024,RWE,NHS ENGLAND MIDLANDS,UNIVERSITY HOSPITALS OF LEICESTER NHS TRUST,23188,2043,0,0,0,0,9700,67,0,0,0,0,1545,520,6356,4,0,3505,,,,,,,2024-05-01,25231,9767,58.2,9865
MSitAE-MAY-2024,RWH,NHS ENGLAND EAST OF ENGLAND,EAST AND NORTH HERTFORDSHIRE NHS TRUST,9531,0,7420,7,0,271,5255,0,183,7,0,5,255,69,3333,0,83,260,,,,,,,2024-05-01,16951,5438,44.9,3676
MSitAE-MAY-2024,RWJ,NHS ENGLAND NORTH WEST,STOCKPORT NHS FOUNDATION TRUST,8148,0,1029,553,0,190,3538,0,21,218,0,3,862,325,2504,0,113,832,,,,,,,2024-05-01,9177,3559,56.6,3449
MSitAE-MAY-2024,RWX,NHS ENGLAND SOUTH EAST,BERKSHIRE HEALTHCARE NHS FOUNDATION TRUST,0,0,1587,0,0,0,0,0,12,0,0,0,0,0,0,0,47,0,,,,,,,2024-05-01,1587,12,,47
MSitAE-MAY-2024,RYJ,NHS ENGLAND LONDON,IMPERIAL COLLEGE HEALTHCARE NHS TRUST,12378,3980,7689,0,0,384,5203,39,609,0,0,0,652,108,4236,0,0,1229,,,,,,,2024-05-01,24047,5851,58.0,5465
MSitAE-MAY-2024,RYR,NHS ENGLAND SOUTH EAST,UNIVERSITY HOSPITALS SUSSEX NHS FOUNDATION TRUST,22985,1519,5669,1438,0,1305,10431,78,769,494,0,47,1533,1316,8179,34,48,1554,,,,,,,2024-05-01,30173,11278,54.6,9815
MSitAE-MAY-2024,RAS,NHS ENGLAND LONDON,THE HILLINGDON HOSPITALS NHS FOUNDATION TRUST,6043,0,7063,0,0,0,3077,0,89,0,0,0,366,13,2836,0,0,194,,,,,,,2024-05-01,13106,3166,49.1,3030
MSitAE-MAY-2024,RGN,NHS ENGLAND EAST OF ENGLAND,NORTH WEST ANGLIA NHS FOUNDATION TRUST,13386,0,4879,859,0,773,5999,0,577,250,0,70,479,778,3568,0,123,1620,,,,,,,2024-05-01,18265,6576,55.2,5311
MSitAE-MAY-2024,RJ6,NHS ENGLAND LONDON,CROYDON HEALTH SERVICES NHS TRUST,13703,0,5400,7,0,0,5027,0,0,4,0,0,426,607,1430,0,0,105,,,,,,,2024-05-01,19103,5027,63.3,1535
MSitAE-MAY-2024,RAL,NHS ENGLAND LONDON,ROYAL FREE LONDON NHS FOUNDATION TRUST,18941,0,8925,0,0,0,8118,0,310,0,0,0,1125,929,4017,0,0,551,,,,,,,2024-05-01,27866,8428,57.1,4568
MSitAE-MAY-2024,RLT,NHS ENGLAND MIDLANDS,GEORGE ELIOT HOSPITAL NHS TRUST,6977,0,1936,0,0,0,2175,0,25,0,0,0,684,116,1082,0,0,40,,,,,,,2024-05-01,8913,2200,68.8,1122
MSitAE-MAY-2024,RAP,NHS ENGLAND LONDON,NORTH MIDDLESEX UNIVERSITY HOSPITAL NHS TRUST,8269,563,8180,86,1,111,4924,3,1239,42,0,10,235,884,1590,0,0,147,,,,,,,2024-05-01,17012,6166,40.5,1737
MSitAE-MAY-2024,RBN,NHS ENGLAND NORTH WEST,MERSEY AND WEST LANCASHIRE TEACHING HOSPITALS NHS TRUST,18018,0,7916,431,0,0,7995,0,316,66,0,0,581,382,7463,0,0,663,,,,,,,2024-05-01,25934,8311,55.6,8126
MSitAE-MAY-2024,RM3,NHS ENGLAND NORTH WEST,NORTHERN CARE ALLIANCE NHS FOUNDATION TRUST,26332,0,9477,0,0,0,11839,0,295,0,0,0,1185,901,7248,0,415,1724,,,,,,,2024-05-01,35809,12134,55.0,9387
MSitAE-MAY-2024,RN3,NHS ENGLAND SOUTH WEST,GREAT WESTERN HOSPITALS NHS FOUNDATION TRUST,5587,0,6010,0,0,243,2430,0,490,0,0,7,539,112,2486,0,0,1458,,,,,,,2024-05-01,11597,2920,56.5,3944
MSitAE-MAY-2024,RTH,NHS ENGLAND SOUTH EAST,OXFORD UNIVERSITY HOSPITALS NHS FOUNDATION TRUST,12430,1868,2321,1480,0,108,4159,0,2,412,0,0,687,1,4356,132,16,4727,,,,,,,2024-05-01,16619,4161,66.5,9231
MSitAE-MAY-2024,RBL,NHS ENGLAND NORTH WEST,WIRRAL UNIVERSITY TEACHING HOSPITAL NHS FOUNDATION TRUST,8354,0,2941,144,0,207,4717,0,43,54,0,4,754,556,2199,0,0,1749,,,,,,,2024-05-01,11295,4760,43.5,3948
MSitAE-MAY-2024,RJ2,NHS ENGLAND LONDON,LEWISHAM AND GREENWICH NHS TRUST,14039,0,12558,27,0,0,7326,0,2153,9,0,0,1149,602,3997,0,0,1474,,,,,,,2024-05-01,26597,9479,47.8,5471
MSitAE-MAY-2024,RDR,NHS ENGLAND SOUTH EAST,SUSSEX COMMUNITY NHS FOUNDATION TRUST,0,0,13042,0,0,0,0,0,241,0,0,0,0,0,0,0,0,0,,,,,,,2024-05-01,13042,241,,0
MSitAE-MAY-2024,RGR,NHS ENGLAND EAST OF ENGLAND,WEST SUFFOLK NHS FOUNDATION TRUST,7960,0,727,67,0,0,2827,0,0,0,0,0,554,387,2121,0,0,558,,,,,,,2024-05-01,8687,2827,64.5,2679
MSitAE-MAY-2024,RMC,NHS ENGLAND NORTH WEST,BOLTON NHS FOUNDATION TRUST,8039,0,3717,114,0,107,4234,0,349,56,0,7,628,590,2375,0,46,779,,,,,,,2024-05-01,11756,4583,47.3,3200
MSitAE-MAY-2024,RJZ,NHS ENGLAND LONDON,KING'S COLLEGE HOSPITAL NHS FOUNDATION TRUST,16286,0,9357,93,0,1319,6961,0,964,23,0,53,1714,840,2513,0,0,496,,,,,,,2024-05-01,25643,7925,57.3,3009
MSitAE-MAY-2024,RP5,NHS ENGLAND NORTH EAST AND YORKSHIRE,DONCASTER AND BASSETLAW TEACHING HOSPITALS NHS FOUNDATION TRUST,14013,0,4077,0,0,0,4958,0,2,0,0,0,989,201,3841,0,390,1237,,,,,,,2024-05-01,18090,4960,64.6,5468
MSitAE-MAY-2024,RXK,NHS ENGLAND MIDLANDS,SANDWELL AND WEST BIRMINGHAM HOSPITALS NHS TRUST,15997,984,9467,1219,0,0,7637,92,333,270,0,0,1659,343,2854,0,0,411,,,,,,,2024-05-01,26448,8062,52.3,3265
MSitAE-NOVEMBER-2024,NL7,NHS ENGLAND MIDLANDS,ASSURA VERTIS URGENT CARE CENTRES (BIRMINGHAM),0,0,4350,0,0,0,0,0,0,0,0,0,0,0,0,0,0,0,,,,,,,2024-11-01,4350,0,,0
MSitAE-NOVEMBER-2024,RWY,NHS ENGLAND NORTH EAST AND YORKSHIRE,CALDERDALE AND HUDDERSFIELD NHS FOUNDATION TRUST,15295,0,0,0,0,0,5422,0,0,0,0,0,1160,16,3104,0,0,316,,,,,,,2024-11-01,15295,5422,64.6,3420
MSitAE-NOVEMBER-2024,AAH,NHS ENGLAND SOUTH WEST,TETBURY HOSPITAL TRUST LTD,0,0,516,0,0,0,0,0,0,0,0,0,0,0,0,0,0,0,,,,,,,2024-11-01,516,0,,0
MSitAE-NOVEMBER-2024,AQN04,NHS ENGLAND SOUTH EAST,PHL LYMINGTON UTC,0,0,2593,0,0,12,0,0,1,0,0,0,0,0,0,0,0,0,,,,,,,2024-11-01,2593,1,,0
MSitAE-NOVEMBER-2024,C82038,NHS ENGLAND MIDLANDS,LATHAM HOUSE MEDICAL PRACTICE,0,0,303,0,0,0,0,0,0,0,0,0,0,0,0,0,0,0,,,,,,,2024-11-01,303,0,,0
MSitAE-NOVEMBER-2024,L83087,NHS ENGLAND SOUTH WEST,OKEHAMPTON MEDICAL CENTRE,0,0,73,0,0,0,0,0,0,0,0,0,0,0,0,0,0,0,,,,,,,2024-11-01,73,0,,0
MSitAE-NOVEMBER-2024,NQT5F,NHS ENGLAND NORTH WEST,SKELMERSDALE WALK IN CENTRE,0,0,1704,0,0,0,0,0,15,0,0,0,0,0,0,0,0,0,,,,,,,2024-11-01,1704,15,,0
MSitAE-NOVEMBER-2024,NQT5H,NHS ENGLAND SOUTH WEST,PAULTON MEMORIAL HOSPITAL,0,0,932,0,0,0,0,0,5,0,0,0,0,0,0,0,0,0,,,,,,,2024-11-01,932,5,,0
MSitAE-NOVEMBER-2024,NR3,NHS ENGLAND MIDLANDS,NOTTINGHAM CITYCARE PARTNERSHIP,0,0,5559,0,0,271,0,0,358,0,0,0,0,0,0,0,0,0,,,,,,,2024-11-01,5559,358,,0
MSitAE-NOVEMBER-2024,NTV0B,NHS ENGLAND SOUTH EAST,ASHFORD WALK-IN-CENTRE,0,0,2243,0,0,0,0,0,17,0,0,0,0,0,0,0,0,0,,,,,,,2024-11-01,2243,17,,0
MSitAE-NOVEMBER-2024,NTV0W,NHS ENGLAND SOUTH EAST,WOKING WALK IN CENTRE,0,0,2435,0,0,0,0,0,25,0,0,0,0,0,0,0,0,0,,,,,,,2024-11-01,2435,25,,0
MSitAE-NOVEMBER-2024,RAN,NHS ENGLAND LONDON,ROYAL NATIONAL ORTHOPAEDIC HOSPITAL NHS TRUST,0,0,0,0,0,0,0,0,0,0,0,0,0,0,0,0,0,42,,,,,,,2024-11-01,0,0,,42
MSitAE-NOVEMBER-2024,RK9,NHS ENGLAND SOUTH WEST,UNIVERSITY HOSPITALS PLYMOUTH NHS TRUST,9116,151,4749,0,0,0,4665,0,93,0,0,0,567,604,2876,0,0,1468,,,,,,,2024-11-01,14016,4758,48.8,4344
MSitAE-NOVEMBER-2024,RW1,NHS ENGLAND SOUTH EAST,HAMPSHIRE AND ISLE OF WIGHT HEALTHCARE NHS FOUNDATION TRUST,0,0,2822,0,0,0,0,0,40,0,0,0,0,0,0,0,0,133,,,,,,,2024-11-01,2822,40,,133
MSitAE-NOVEMBER-2024,RXG,NHS ENGLAND NORTH EAST AND YORKSHIRE,SOUTH WEST YORKSHIRE PARTNERSHIP NHS FOUNDATION TRUST,0,0,0,0,0,0,0,0,0,0,0,0,0,0,0,0,0,121,,,,,,,2024-11-01,0,0,,121
MSitAE-NOVEMBER-2024,RYF,NHS ENGLAND SOUTH WEST,SOUTH WESTERN AMBULANCE SERVICE NHS FOUNDATION TRUST,0,0,1581,0,0,17,0,0,95,0,0,1,0,0,0,0,0,0,,,,,,,2024-11-01,1581,95,,0
MSitAE-NOVEMBER-2024,Y02532,NHS ENGLAND NORTH WEST,MIRIAM MINOR EMERGENCY,0,0,1654,0,0,0,0,0,0,0,0,0,0,0,0,0,0,0,,,,,,,2024-11-01,1654,0,,0
MSitAE-NOVEMBER-2024,Y02615,NHS ENGLAND MIDLANDS,SOUTH BIRMINGHAM GP WALK IN CENTRE,0,0,7178,0,0,0,0,0,0,0,0,0,0,0,0,0,0,0,,,,,,,2024-11-01,7178,0,,0
MSitAE-NOVEMBER-2024,Y07709,NHS ENGLAND SOUTH EAST,READING URGENT CARE CENTRE,0,0,1973,0,0,0,0,0,0,0,0,0,0,0,0,0,0,0,,,,,,,2024-11-01,1973,0,,0
MSitAE-NOVEMBER-2024,NQTE4,NHS ENGLAND MIDLANDS,SUMMERFIELD URGENT CARE CENTRE,0,0,3160,0,0,0,0,0,0,0,0,0,0,0,0,0,0,0,,,,,,,2024-11-01,3160,0,,0
MSitAE-NOVEMBER-2024,RA9,NHS ENGLAND SOUTH WEST,TORBAY AND SOUTH DEVON NHS FOUNDATION TRUST,6145,0,3036,470,0,152,2998,0,16,208,0,2,355,102,2155,0,0,1229,,,,,,,2024-11-01,9181,3014,51.2,3384
MSitAE-NOVEMBER-2024,RBT,NHS ENGLAND NORTH WEST,MID CHESHIRE HOSPITALS NHS FOUNDATION TRUST,7229,0,2646,0,0,48,4248,0,49,0,0,5,693,490,2460,0,0,1080,,,,,,,2024-11-01,9875,4297,41.2,3540
MSitAE-NOVEMBER-2024,RDY,NHS ENGLAND SOUTH WEST,DORSET HEALTHCARE UNIVERSITY NHS FOUNDATION TRUST,0,0,0,0,0,0,0,0,0,0,0,0,0,0,0,0,0,1,,,,,,,2024-11-01,0,0,,1
MSitAE-NOVEMBER-2024,RJ8,NHS ENGLAND SOUTH WEST,CORNWALL PARTNERSHIP NHS FOUNDATION TRUST,0,0,0,0,0,0,0,0,0,0,0,0,0,0,0,0,6,66,,,,,,,2024-11-01,0,0,,72
MSitAE-NOVEMBER-2024,RXQ,NHS ENGLAND SOUTH EAST,BUCKINGHAMSHIRE HEALTHCARE NHS TRUST,10655,1136,3542,0,0,0,4531,0,357,0,0,0,271,264,3890,766,0,2024,,,,,,,2024-11-01,15333,4888,57.5,6680
MSitAE-NOVEMBER-2024,RY4,NHS ENGLAND EAST OF ENGLAND,HERTFORDSHIRE COMMUNITY NHS TRUST,0,0,1002,0,0,0,0,0,12,0,0,0,0,0,0,0,0,0,,,,,,,2024-11-01,1002,12,,0
MSitAE-NOVEMBER-2024,RY7,NHS ENGLAND NORTH WEST,WIRRAL COMMUNITY HEALTH AND CARE NHS FOUNDATION TRUST,0,0,4293,0,0,0,0,0,153,0,0,0,0,0,0,0,0,0,,,,,,,2024-11-01,4293,153,,0
MSitAE-NOVEMBER-2024,Y02428,NHS ENGLAND EAST OF ENGLAND,PUTNOE WALK IN CENTRE,0,0,3372,0,0,0,0,0,0,0,0,0,0,0,0,0,0,0,,,,,,,2024-11-01,3372,0,,0
MSitAE-NOVEMBER-2024,Y03218,NHS ENGLAND LONDON,THE PINN UNREGISTERED WIC,0,0,1106,0,0,0,0,0,0,0,0,0,0,0,0,0,0,0,,,,,,,2024-11-01,1106,0,,0
MSitAE-NOVEMBER-2024,ACH01,NHS ENGLAND SOUTH EAST,WHITSTABLE MEDICAL PRACTICE,0,0,5911,0,0,0,0,0,0,0,0,0,0,0,0,0,0,0,,,,,,,2024-11-01,5911,0,,0
MSitAE-NOVEMBER-2024,C82009,NHS ENGLAND MIDLANDS,MARKET HARBOROUGH MED.CTR,0,0,282,0,0,0,0,0,0,0,0,0,0,0,0,0,0,0,,,,,,,2024-11-01,282,0,,0
MSitAE-NOVEMBER-2024,NTP11,NHS ENGLAND SOUTH EAST,PRACTICE PLUS GROUP HOSPITAL - SOUTHAMPTON,0,0,5160,0,0,0,0,0,172,0,0,0,0,0,0,0,0,0,,,,,,,2024-11-01,5160,172,,0
MSitAE-NOVEMBER-2024,RA2,NHS ENGLAND SOUTH EAST,ROYAL SURREY COUNTY HOSPITAL NHS FOUNDATION TRUST,7022,0,1388,830,0,8,1933,0,0,198,0,0,182,3,2619,0,0,1098,,,,,,,2024-11-01,8410,1933,72.5,3717
MSitAE-NOVEMBER-2024,RFF,NHS ENGLAND NORTH EAST AND YORKSHIRE,BARNSLEY HOSPITAL NHS FOUNDATION TRUST,9113,0,0,31,0,0,3569,0,0,0,0,0,470,0,2998,0,0,547,,,,,,,2024-11-01,9113,3569,60.8,3545
MSitAE-NOVEMBER-2024,RJN,NHS ENGLAND NORTH WEST,EAST CHESHIRE NHS TRUST,4281,0,0,72,0,44,2006,0,0,0,0,0,171,168,881,0,0,236,,,,,,,2024-11-01,4281,2006,53.1,1117
MSitAE-NOVEMBER-2024,RNU,NHS ENGLAND SOUTH EAST,OXFORD HEALTH NHS FOUNDATION TRUST,0,0,3746,0,0,0,0,0,339,0,0,0,0,0,0,0,0,0,,,,,,,2024-11-01,3746,339,,0
MSitAE-NOVEMBER-2024,RTP,NHS ENGLAND SOUTH EAST,SURREY AND SUSSEX HEALTHCARE NHS TRUST,11192,0,0,0,0,0,4397,0,0,0,0,0,659,549,3138,0,0,914,,,,,,,2024-11-01,11192,4397,60.7,4052
MSitAE-NOVEMBER-2024,RV9,NHS ENGLAND NORTH EAST AND YORKSHIRE,HUMBER TEACHING NHS FOUNDATION TRUST,0,0,1013,0,0,30,0,0,1,0,0,0,0,0,0,0,0,0,,,,,,,2024-11-01,1013,1,,0
MSitAE-NOVEMBER-2024,RY5,NHS ENGLAND MIDLANDS,LINCOLNSHIRE COMMUNITY HEALTH SERVICES NHS TRUST,0,0,7988,0,0,0,0,0,180,0,0,0,0,0,0,0,0,0,,,,,,,2024-11-01,7988,180,,0
MSitAE-NOVEMBER-2024,RY8,NHS ENGLAND MIDLANDS,DERBYSHIRE COMMUNITY HEALTH SERVICES NHS FOUNDATION TRUST,0,0,6119,0,0,1810,0,0,36,0,0,3,0,0,0,0,0,0,,,,,,,2024-11-01,6119,36,,0
MSitAE-NOVEMBER-2024,DT301,NHS ENGLAND EAST OF ENGLAND,HERTS URGENT CARE (ASCOTS LANE),0,0,2106,0,0,0,0,0,43,0,0,0,0,0,0,0,0,0,,,,,,,2024-11-01,2106,43,,0
MSitAE-NOVEMBER-2024,NQT51,NHS ENGLAND SOUTH EAST,STATION PLAZA HEALTH CENTRE,0,0,1008,0,0,0,0,0,0,0,0,0,0,0,0,0,0,0,,,,,,,2024-11-01,1008,0,,0
MSitAE-NOVEMBER-2024,R0B,NHS ENGLAND NORTH EAST AND YORKSHIRE,SOUTH TYNESIDE AND SUNDERLAND NHS FOUNDATION TRUST,11925,1148,5849,586,0,1387,6023,20,324,274,0,46,770,11,4470,16,0,1443,,,,,,,2024-11-01,18922,6367,49.5,5929
MSitAE-NOVEMBER-2024,RQX,NHS ENGLAND LONDON,HOMERTON HEALTHCARE NHS FOUNDATION TRUST,10909,0,0,6,0,0,2475,0,0,0,0,0,260,36,1823,0,0,318,,,,,,,2024-11-01,10909,2475,77.3,2141
MSitAE-NOVEMBER-2024,RRV,NHS ENGLAND LONDON,UNIVERSITY COLLEGE LONDON HOSPITALS NHS FOUNDATION TRUST,13190,0,0,429,0,0,4164,0,0,0,0,0,436,208,1359,0,0,261,,,,,,,2024-11-01,13190,4164,68.4,1620
MSitAE-NOVEMBER-2024,RTD,NHS ENGLAND NORTH EAST AND YORKSHIRE,THE NEWCASTLE UPON TYNE HOSPITALS NHS FOUNDATION TRUST,12663,1573,5335,0,0,992,5288,81,0,0,0,0,685,32,3685,23,0,2771,,,,,,,2024-11-01,19571,5369,58.2,6479
MSitAE-NOVEMBER-2024,RXP,NHS ENGLAND NORTH EAST AND YORKSHIRE,COUNTY DURHAM AND DARLINGTON NHS FOUNDATION TRUST,13207,0,4126,0,0,7217,5892,0,0,0,0,0,2087,13,4389,0,0,727,,,,,,,2024-11-01,17333,5892,55.4,5116
MSitAE-NOVEMBER-2024,Y02676,NHS ENGLAND SOUTH EAST,BRIGHTON STATION HEALTH CENTRE,0,0,1925,0,0,0,0,0,16,0,0,0,0,0,0,0,0,0,,,,,,,2024-11-01,1925,16,,0
MSitAE-NOVEMBER-2024,RAX,NHS ENGLAND LONDON,KINGSTON AND RICHMOND NHS FOUNDATION TRUST,7341,0,8383,0,0,0,3754,0,362,0,0,0,254,451,2363,0,194,295,,,,,,,2024-11-01,15724,4116,48.9,2852
MSitAE-NOVEMBER-2024,RBD,NHS ENGLAND SOUTH WEST,DORSET COUNTY HOSPITAL NHS FOUNDATION TRUST,4036,0,0,316,0,3806,1602,0,0,94,0,7,196,44,1771,0,0,524,,,,,,,2024-11-01,4036,1602,60.3,2295
MSitAE-NOVEMBER-2024,RPC,NHS ENGLAND SOUTH EAST,QUEEN VICTORIA HOSPITAL NHS FOUNDATION TRUST,0,0,1350,0,0,0,0,0,12,0,0,0,0,0,0,0,2,468,,,,,,,2024-11-01,1350,12,,470
MSitAE-NOVEMBER-2024,RTQ,NHS ENGLAND SOUTH WEST,GLOUCESTERSHIRE HEALTH AND CARE NHS FOUNDATION TRUST,0,0,7118,0,0,0,0,0,62,0,0,0,0,0,0,0,0,14,,,,,,,2024-11-01,7118,62,,14
MSitAE-NOVEMBER-2024,RWJ,NHS ENGLAND NORTH WEST,STOCKPORT NHS FOUNDATION TRUST,7857,0,1079,277,0,69,3311,0,38,115,0,1,712,397,2798,0,78,863,,,,,,,2024-11-01,8936,3349,57.9,3739
MSitAE-NOVEMBER-2024,RWX,NHS ENGLAND SOUTH EAST,BERKSHIRE HEALTHCARE NHS FOUNDATION TRUST,0,0,1313,0,0,0,0,0,7,0,0,0,0,0,0,0,33,0,,,,,,,2024-11-01,1313,7,,33
MSitAE-NOVEMBER-2024,RYR,NHS ENGLAND SOUTH EAST,UNIVERSITY HOSPITALS SUSSEX NHS FOUNDATION TRUST,22593,1372,5366,1319,0,1143,10126,52,564,464,0,32,764,908,8644,30,49,1416,,,,,,,2024-11-01,29331,10742,55.2,10139
MSitAE-NOVEMBER-2024,RYY,NHS ENGLAND SOUTH EAST,KENT COMMUNITY HEALTH NHS FOUNDATION TRUST,0,0,9426,0,0,0,0,0,20,0,0,0,0,0,0,0,0,0,,,,,,,2024-11-01,9426,20,,0
MSitAE-NOVEMBER-2024,Y02147,NHS ENGLAND LONDON,URGENT CARE CENTRE (QMS),0,0,7837,0,0,607,0,0,252,0,0,7,0,0,0,0,0,0,,,,,,,2024-11-01,7837,252,,0
MSitAE-NOVEMBER-2024,G0Q0L,NHS ENGLAND LONDON,BARKING HOSPITAL UTC,0,0,2882,0,0,0,0,0,20,0,0,0,0,0,0,0,0,0,,,,,,,2024-11-01,2882,20,,0
MSitAE-NOVEMBER-2024,K6K0R,NHS ENGLAND LONDON,HAROLD WOOD POLYCLINIC UTC,0,0,2902,0,0,0,0,0,9,0,0,0,0,0,0,0,0,0,,,,,,,2024-11-01,2902,9,,0
MSitAE-NOVEMBER-2024,NLX,NHS ENGLAND SOUTH WEST,SIRONA CARE & HEALTH,0,0,7982,0,0,278,0,0,447,0,0,39,0,0,0,0,0,0,,,,,,,2024-11-01,7982,447,,0
MSitAE-NOVEMBER-2024,NTPAD,NHS ENGLAND SOUTH EAST,PRACTICE PLUS GROUP SURGICAL CENTRE - ST MARYS PORTSMOUTH,0,0,5647,0,0,203,0,0,222,0,0,2,0,0,0,0,0,0,,,,,,,2024-11-01,5647,222,,0
MSitAE-NOVEMBER-2024,NV693,NHS ENGLAND NORTH WEST,ROSSENDALE MIU & OOH,0,0,899,0,0,0,0,0,0,0,0,0,0,0,0,0,0,0,,,,,,,2024-11-01,899,0,,0
MSitAE-NOVEMBER-2024,R0D,NHS ENGLAND SOUTH WEST,UNIVERSITY HOSPITALS DORSET NHS FOUNDATION TRUST,13107,0,4597,0,0,0,5292,0,0,0,0,0,752,120,4285,4,0,2534,,,,,,,2024-11-01,17704,5292,59.6,6823
MSitAE-NOVEMBER-2024,R1F,NHS ENGLAND SOUTH EAST,ISLE OF WIGHT NHS TRUST,4191,261,1375,14,0,20,1575,0,0,5,0,0,144,45,1094,0,0,304,,,,,,,2024-11-01,5827,1575,62.4,1398
MSitAE-NOVEMBER-2024,RA7,NHS ENGLAND SOUTH WEST,UNIVERSITY HOSPITALS BRISTOL AND WESTON NHS FOUNDATION TRUST,16427,2334,0,0,0,0,6438,161,0,0,0,0,1332,530,5439,14,0,1506,,,,,,,2024-11-01,18761,6599,60.8,6959
MSitAE-NOVEMBER-2024,RBQ,NHS ENGLAND NORTH WEST,LIVERPOOL HEART AND CHEST HOSPITAL NHS FOUNDATION TRUST,0,0,0,0,0,0,0,0,0,0,0,0,0,0,0,0,0,181,,,,,,,2024-11-01,0,0,,181
MSitAE-NOVEMBER-2024,REF,NHS ENGLAND SOUTH WEST,ROYAL CORNWALL HOSPITALS NHS TRUST,5764,0,10707,0,0,0,3047,0,665,0,0,0,579,607,2314,0,92,1310,,,,,,,2024-11-01,16471,3712,47.1,3716
MSitAE-NOVEMBER-2024,RGR,NHS ENGLAND EAST OF ENGLAND,WEST SUFFOLK NHS FOUNDATION TRUST,7755,0,595,43,0,0,2998,0,0,0,0,0,464,524,1883,0,0,335,,,,,,,2024-11-01,8350,2998,61.3,2218
MSitAE-NOVEMBER-2024,RJC,NHS ENGLAND MIDLANDS,SOUTH WARWICKSHIRE UNIVERSITY NHS FOUNDATION TRUST,8706,0,340,0,0,0,3167,0,0,0,0,0,434,39,2476,0,0,886,,,,,,,2024-11-01,9046,3167,63.6,3362
MSitAE-NOVEMBER-2024,RL1,NHS ENGLAND MIDLANDS,THE ROBERT JONES AND AGNES HUNT ORTHOPAEDIC HOSPITAL NHS FOUNDATION TRUST,0,0,0,0,0,0,0,0,0,0,0,0,0,0,0,0,0,27,,,,,,,2024-11-01,0,0,,27
MSitAE-NOVEMBER-2024,RL4,NHS ENGLAND MIDLANDS,THE ROYAL WOLVERHAMPTON NHS TRUST,12780,0,8560,86,0,836,4285,0,389,20,0,5,861,644,5839,0,0,1042,,,,,,,2024-11-01,21340,4674,66.5,6881
MSitAE-NOVEMBER-2024,RLQ,NHS ENGLAND MIDLANDS,WYE VALLEY NHS TRUST,6074,1077,125,123,0,0,2581,0,0,26,0,0,408,257,1466,0,0,165,,,,,,,2024-11-01,7276,2581,57.5,1631
MSitAE-NOVEMBER-2024,RNQ,NHS ENGLAND MIDLANDS,KETTERING GENERAL HOSPITAL NHS FOUNDATION TRUST,10036,0,9057,329,0,0,4244,0,193,0,0,0,1557,0,2021,0,0,233,,,,,,,2024-11-01,19093,4437,57.7,2254
MSitAE-NOVEMBER-2024,RNZ,NHS ENGLAND SOUTH WEST,SALISBURY NHS FOUNDATION TRUST,4604,299,1724,145,0,0,1982,0,0,65,0,0,478,17,1306,0,0,1049,,,,,,,2024-11-01,6627,1982,57.0,2355
MSitAE-NOVEMBER-2024,RP6,NHS ENGLAND LONDON,MOORFIELDS EYE HOSPITAL NHS FOUNDATION TRUST,0,5659,0,0,0,0,0,92,0,0,0,0,0,0,0,2,0,218,,,,,,,2024-11-01,5659,92,,220
MSitAE-NOVEMBER-2024,RW4,NHS ENGLAND NORTH WEST,MERSEY CARE NHS FOUNDATION TRUST,0,0,13642,0,0,0,0,0,262,0,0,0,0,0,0,0,0,46,,,,,,,2024-11-01,13642,262,,46
MSitAE-NOVEMBER-2024,RXR,NHS ENGLAND NORTH WEST,EAST LANCASHIRE HOSPITALS NHS TRUST,13334,0,9844,0,0,0,4741,0,628,0,0,0,430,1164,4052,0,73,1791,,,,,,,2024-11-01,23178,5369,64.4,5916
MSitAE-NOVEMBER-2024,RXW,NHS ENGLAND MIDLANDS,THE SHREWSBURY AND TELFORD HOSPITAL NHS TRUST,10500,0,2421,0,0,0,6116,0,250,0,0,0,358,1562,3301,0,189,2053,,,,,,,2024-11-01,12921,6366,41.8,5543
MSitAE-NOVEMBER-2024,RYX,NHS ENGLAND LONDON,CENTRAL LONDON COMMUNITY HEALTHCARE NHS TRUST,0,0,12011,0,0,489,0,0,190,0,0,10,0,0,0,0,0,0,,,,,,,2024-11-01,12011,190,,0
MSitAE-NOVEMBER-2024,AXG,NHS ENGLAND SOUTH WEST,WILTSHIRE HEALTH & CARE,0,0,2194,0,0,0,0,0,25,0,0,0,0,0,0,0,0,0,,,,,,,2024-11-01,2194,25,,0
MSitAE-NOVEMBER-2024,NDJ,NHS ENGLAND SOUTH EAST,FIRST COMMUNITY HEALTH AND CARE CIC,0,0,2120,0,0,0,0,0,0,0,0,0,0,0,0,0,0,0,,,,,,,2024-11-01,2120,0,,0
MSitAE-NOVEMBER-2024,RAE,NHS ENGLAND NORTH EAST AND YORKSHIRE,BRADFORD TEACHING HOSPITALS NHS FOUNDATION TRUST,9509,891,3183,0,0,0,2531,0,0,0,0,0,731,116,2577,0,57,1442,,,,,,,2024-11-01,13583,2531,73.4,4076
MSitAE-NOVEMBER-2024,RAJ,NHS ENGLAND EAST OF ENGLAND,MID AND SOUTH ESSEX NHS FOUNDATION TRUST,30826,0,5416,4,0,2,10484,0,360,0,0,1,2760,66,8908,0,202,1270,,,,,,,2024-11-01,36242,10844,66.0,10380
MSitAE-NOVEMBER-2024,RCD,NHS ENGLAND NORTH EAST AND YORKSHIRE,HARROGATE AND DISTRICT NHS FOUNDATION TRUST,5062,0,889,351,0,19,1889,0,1,90,0,0,406,96,1131,0,0,328,,,,,,,2024-11-01,5951,1890,62.7,1459
MSitAE-NOVEMBER-2024,RF4,NHS ENGLAND LONDON,"BARKING, HAVERING AND REDBRIDGE UNIVERSITY HOSPITALS NHS TRUST",13817,2346,13830,0,0,0,6410,339,145,0,0,0,728,709,8036,0,0,377,,,,,,,2024-11-01,29993,6894,53.6,8413
MSitAE-NOVEMBER-2024,RJ6,NHS ENGLAND LONDON,CROYDON HEALTH SERVICES NHS TRUST,13200,0,5254,1,0,0,5194,0,0,0,0,0,464,503,1417,0,0,114,,,,,,,2024-11-01,18454,5194,60.7,1531
MSitAE-NOVEMBER-2024,RJE,NHS ENGLAND MIDLANDS,UNIVERSITY HOSPITALS OF NORTH MIDLANDS NHS TRUST,13436,450,7891,794,0,580,7449,0,256,429,0,25,881,1077,5264,0,0,3097,,,,,,,2024-11-01,21777,7705,44.6,8361
MSitAE-NOVEMBER-2024,RJR,NHS ENGLAND NORTH WEST,COUNTESS OF CHESTER HOSPITAL NHS FOUNDATION TRUST,5109,0,2292,0,0,0,2886,0,246,0,0,0,203,700,1686,0,0,1392,,,,,,,2024-11-01,7401,3132,43.5,3078
MSitAE-NOVEMBER-2024,RJZ,NHS ENGLAND LONDON,KING'S COLLEGE HOSPITAL NHS FOUNDATION TRUST,15478,0,8859,79,0,1114,6876,0,420,25,0,0,1662,776,3897,0,0,274,,,,,,,2024-11-01,24337,7296,55.6,4171
MSitAE-NOVEMBER-2024,RKB,NHS ENGLAND MIDLANDS,UNIVERSITY HOSPITALS COVENTRY AND WARWICKSHIRE NHS TRUST,12296,860,6320,0,0,0,6019,94,488,0,0,0,104,32,1716,41,139,589,,,,,,,2024-11-01,19476,6601,51.0,2485
MSitAE-NOVEMBER-2024,RN7,NHS ENGLAND SOUTH EAST,DARTFORD AND GRAVESHAM NHS TRUST,11574,0,3844,0,0,0,3989,0,15,0,0,0,638,276,3419,0,0,431,,,,,,,2024-11-01,15418,4004,65.5,3850
MSitAE-NOVEMBER-2024,RNN,NHS ENGLAND NORTH EAST AND YORKSHIRE,NORTH CUMBRIA INTEGRATED CARE NHS FOUNDATION TRUST,8745,0,1654,328,0,34,3829,0,45,94,0,2,740,451,2448,0,0,844,,,,,,,2024-11-01,10399,3874,56.2,3292
MSitAE-NOVEMBER-2024,RQW,NHS ENGLAND EAST OF ENGLAND,THE PRINCESS ALEXANDRA HOSPITAL NHS TRUST,7812,0,1855,0,0,623,4639,0,0,0,0,0,556,117,1756,0,0,218,,,,,,,2024-11-01,9667,4639,40.6,1974
MSitAE-NOVEMBER-2024,RTK,NHS ENGLAND SOUTH EAST,ASHFORD AND ST PETER'S HOSPITALS NHS FOUNDATION TRUST,10468,0,0,0,0,0,3559,0,0,0,0,0,539,329,2769,0,0,509,,,,,,,2024-11-01,10468,3559,66.0,3278
MSitAE-NOVEMBER-2024,RTR,NHS ENGLAND NORTH EAST AND YORKSHIRE,SOUTH TEES HOSPITALS NHS FOUNDATION TRUST,7812,0,8991,0,0,1655,3855,0,731,0,0,69,345,17,2683,0,125,2335,,,,,,,2024-11-01,16803,4586,50.7,5143
MSitAE-NOVEMBER-2024,RTX,NHS ENGLAND NORTH WEST,UNIVERSITY HOSPITALS OF MORECAMBE BAY NHS FOUNDATION TRUST,9073,0,2921,139,0,842,3095,0,74,11,0,55,592,377,3241,0,28,1039,,,,,,,2024-11-01,11994,3169,65.9,4308
MSitAE-NOVEMBER-2024,RWG,NHS ENGLAND EAST OF ENGLAND,WEST HERTFORDSHIRE TEACHING HOSPITALS NHS TRUST,8588,0,7456,0,0,771,3719,0,330,0,0,0,847,21,4208,0,0,565,,,,,,,2024-11-01,16044,4049,56.7,4773
MSitAE-NOVEMBER-2024,RWP,NHS ENGLAND MIDLANDS,WORCESTERSHIRE ACUTE HOSPITALS NHS TRUST,13411,0,5203,33,0,0,8428,0,72,10,0,0,681,261,2878,0,0,760,,,,,,,2024-11-01,18614,8500,37.2,3638
MSitAE-NOVEMBER-2024,ARN03,NHS ENGLAND NORTH EAST AND YORKSHIRE,LOCAL CARE DIRECT,0,0,2104,0,0,280,0,0,0,0,0,0,0,0,0,0,0,0,,,,,,,2024-11-01,2104,0,,0
MSitAE-NOVEMBER-2024,NNJ07,NHS ENGLAND MIDLANDS,LOUGHBOROUGH URGENT CARE CENTRE,0,0,6472,0,0,612,0,0,38,0,0,0,0,0,0,0,0,0,,,,,,,2024-11-01,6472,38,,0
MSitAE-NOVEMBER-2024,NNJ0H,NHS ENGLAND MIDLANDS,LLR EA - THE MERLYN VAZ HEALTH & SOCIAL CARE CENTRE,0,0,198,0,0,2094,0,0,1,0,0,0,0,0,0,0,0,0,,,,,,,2024-11-01,198,1,,0
MSitAE-NOVEMBER-2024,NNJ12,NHS ENGLAND MIDLANDS,MARKET HARBOROUGH,0,0,100,0,0,401,0,0,0,0,0,0,0,0,0,0,0,0,,,,,,,2024-11-01,100,0,,0
MSitAE-NOVEMBER-2024,NNJ13,NHS ENGLAND MIDLANDS,MELTON MOWBRAY,0,0,68,0,0,360,0,0,0,0,0,0,0,0,0,0,0,0,,,,,,,2024-11-01,68,0,,0
MSitAE-NOVEMBER-2024,NNJ14,NHS ENGLAND MIDLANDS,OADBY,0,0,479,0,0,2174,0,0,0,0,0,0,0,0,0,0,0,0,,,,,,,2024-11-01,479,0,,0
MSitAE-NOVEMBER-2024,NNJ15,NHS ENGLAND MIDLANDS,OAKHAM,0,0,63,0,0,381,0,0,0,0,0,0,0,0,0,0,0,0,,,,,,,2024-11-01,63,0,,0
MSitAE-NOVEMBER-2024,NNJ,NHS ENGLAND MIDLANDS,DHU HEALTH CARE C.I.C,0,0,2044,0,0,0,0,0,19,0,0,0,0,0,0,0,0,0,,,,,,,2024-11-01,2044,19,,0
MSitAE-NOVEMBER-2024,RAS,NHS ENGLAND LONDON,THE HILLINGDON HOSPITALS NHS FOUNDATION TRUST,6270,0,7004,0,0,0,3743,0,222,0,0,0,464,14,1902,0,0,134,,,,,,,2024-11-01,13274,3965,40.3,2036
MSitAE-NOVEMBER-2024,RC9,NHS ENGLAND EAST OF ENGLAND,BEDFORDSHIRE HOSPITALS NHS FOUNDATION TRUST,16716,0,8434,0,0,1038,6826,0,0,0,0,0,80,36,5026,0,0,2040,,,,,,,2024-11-01,25150,6826,59.2,7066
MSitAE-NOVEMBER-2024,RCF,NHS ENGLAND NORTH EAST AND YORKSHIRE,AIREDALE NHS FOUNDATION TRUST,5652,212,0,513,0,0,2577,0,0,0,0,0,528,135,1587,0,0,556,,,,,,,2024-11-01,5864,2577,54.4,2143
MSitAE-NOVEMBER-2024,RCU,NHS ENGLAND NORTH EAST AND YORKSHIRE,SHEFFIELD CHILDREN'S NHS FOUNDATION TRUST,5219,0,518,325,0,35,654,0,0,46,0,0,15,0,1245,0,0,102,,,,,,,2024-11-01,5737,654,87.5,1347
MSitAE-NOVEMBER-2024,RCX,NHS ENGLAND EAST OF ENGLAND,"THE QUEEN ELIZABETH HOSPITAL, KING'S LYNN, NHS FOUNDATION TRUST",6813,0,1200,0,0,0,2912,0,0,0,0,0,294,97,2051,0,0,300,,,,,,,2024-11-01,8013,2912,57.3,2351
MSitAE-NOVEMBER-2024,RDR,NHS ENGLAND SOUTH EAST,SUSSEX COMMUNITY NHS FOUNDATION TRUST,0,0,11428,0,0,0,0,0,77,0,0,0,0,0,0,0,0,1,,,,,,,2024-11-01,11428,77,,1
MSitAE-NOVEMBER-2024,REP,NHS ENGLAND NORTH WEST,LIVERPOOL WOMEN'S NHS FOUNDATION TRUST,0,1231,0,0,125,0,0,113,0,0,0,0,0,0,0,96,0,19,,,,,,,2024-11-01,1231,113,,115
MSitAE-NOVEMBER-2024,RGP,NHS ENGLAND EAST OF ENGLAND,JAMES PAGET UNIVERSITY HOSPITALS NHS FOUNDATION TRUST,7287,0,1326,0,0,0,3175,0,0,0,0,0,525,339,1604,0,0,450,,,,,,,2024-11-01,8613,3175,56.4,2054
MSitAE-NOVEMBER-2024,RGT,NHS ENGLAND EAST OF ENGLAND,CAMBRIDGE UNIVERSITY HOSPITALS NHS FOUNDATION TRUST,10816,0,5404,245,0,322,5423,0,121,72,0,9,553,527,2741,0,32,477,,,,,,,2024-11-01,16220,5544,49.9,3250
MSitAE-NOVEMBER-2024,RH5,NHS ENGLAND SOUTH WEST,SOMERSET NHS FOUNDATION TRUST,12368,0,8991,0,0,0,5926,0,148,0,0,0,620,114,3201,0,0,1790,,,,,,,2024-11-01,21359,6074,52.1,4991
MSitAE-NOVEMBER-2024,RHM,NHS ENGLAND SOUTH EAST,UNIVERSITY HOSPITAL SOUTHAMPTON NHS FOUNDATION TRUST,12029,1176,0,292,0,0,5287,72,0,122,0,0,433,5,3804,9,0,1532,,,,,,,2024-11-01,13205,5359,56.0,5345
MSitAE-NOVEMBER-2024,RLT,NHS ENGLAND MIDLANDS,GEORGE ELIOT HOSPITAL NHS TRUST,7489,0,1710,0,0,0,2619,0,60,0,0,0,678,141,1129,0,0,0,,,,,,,2024-11-01,9199,2679,65.0,1129
MSitAE-NOVEMBER-2024,RMP,NHS ENGLAND NORTH WEST,TAMESIDE AND GLOSSOP INTEGRATED CARE NHS FOUNDATION TRUST,8628,0,3185,406,0,371,4077,0,8,0,0,0,419,541,1826,0,0,297,,,,,,,2024-11-01,11813,4085,52.7,2123
MSitAE-NOVEMBER-2024,RN5,NHS ENGLAND SOUTH EAST,HAMPSHIRE HOSPITALS NHS FOUNDATION TRUST,11951,80,1329,0,0,114,5735,0,60,0,0,0,432,128,4314,10,35,1213,,,,,,,2024-11-01,13360,5795,52.0,5572
MSitAE-NOVEMBER-2024,RNS,NHS ENGLAND MIDLANDS,NORTHAMPTON GENERAL HOSPITAL NHS TRUST,9745,559,2487,1405,0,179,4460,11,303,567,0,17,482,825,2161,0,0,940,,,,,,,2024-11-01,12791,4774,54.2,3101
MSitAE-NOVEMBER-2024,RQM,NHS ENGLAND LONDON,CHELSEA AND WESTMINSTER HOSPITAL NHS FOUNDATION TRUST,19742,0,6519,561,0,0,6684,0,218,0,0,0,1324,52,2894,0,0,354,,,,,,,2024-11-01,26261,6902,66.1,3248
MSitAE-NOVEMBER-2024,RR8,NHS ENGLAND NORTH EAST AND YORKSHIRE,LEEDS TEACHING HOSPITALS NHS TRUST,18099,664,12091,42,0,80,7911,0,267,11,0,0,1826,403,3769,0,0,1179,,,,,,,2024-11-01,30854,8178,56.3,4948
MSitAE-NOVEMBER-2024,RRF,NHS ENGLAND NORTH WEST,"WRIGHTINGTON, WIGAN AND LEIGH NHS FOUNDATION TRUST",7061,0,5353,0,0,0,3765,0,135,0,0,0,1245,474,2301,0,0,702,,,,,,,2024-11-01,12414,3900,46.7,3003
MSitAE-NOVEMBER-2024,RRK,NHS ENGLAND MIDLANDS,UNIVERSITY HOSPITALS BIRMINGHAM NHS FOUNDATION TRUST,35046,307,1602,11,0,219,15409,0,56,3,0,10,2475,1853,10365,0,0,7065,,,,,,,2024-11-01,36955,15465,56.0,17430
MSitAE-NOVEMBER-2024,RVV,NHS ENGLAND SOUTH EAST,EAST KENT HOSPITALS UNIVERSITY NHS FOUNDATION TRUST,13201,0,12737,0,0,0,6113,0,594,0,0,0,618,1121,3170,0,595,502,,,,,,,2024-11-01,25938,6707,53.7,4267
MSitAE-NOVEMBER-2024,RVW,NHS ENGLAND NORTH EAST AND YORKSHIRE,NORTH TEES AND HARTLEPOOL NHS FOUNDATION TRUST,5092,0,11553,0,0,0,2971,0,45,0,0,0,273,25,1715,0,491,2536,,,,,,,2024-11-01,16645,3016,41.7,4742
MSitAE-NOVEMBER-2024,RWE,NHS ENGLAND MIDLANDS,UNIVERSITY HOSPITALS OF LEICESTER NHS TRUST,23225,1952,0,0,0,0,10469,119,0,0,0,0,1556,1108,6523,7,0,3534,,,,,,,2024-11-01,25177,10588,54.9,10064
MSitAE-NOVEMBER-2024,RWF,NHS ENGLAND SOUTH EAST,MAIDSTONE AND TUNBRIDGE WELLS NHS TRUST,18553,0,2124,849,0,168,3865,0,8,125,0,0,964,80,5106,0,0,938,,,,,,,2024-11-01,20677,3873,79.2,6044
MSitAE-NOVEMBER-2024,RWH,NHS ENGLAND EAST OF ENGLAND,EAST AND NORTH HERTFORDSHIRE NHS TRUST,9357,0,7669,1,0,0,5297,0,286,0,0,0,179,86,3296,0,101,243,,,,,,,2024-11-01,17026,5583,43.4,3640
MSitAE-NOVEMBER-2024,RXC,NHS ENGLAND SOUTH EAST,EAST SUSSEX HEALTHCARE NHS TRUST,8336,0,2261,2071,0,1488,3998,0,79,0,0,0,250,42,3210,0,0,397,,,,,,,2024-11-01,10597,4077,52.0,3607
MSitAE-NOVEMBER-2024,RXL,NHS ENGLAND NORTH WEST,BLACKPOOL TEACHING HOSPITALS NHS FOUNDATION TRUST,8663,0,9773,340,0,250,4055,0,71,102,0,0,393,652,2527,0,0,1629,,,,,,,2024-11-01,18436,4126,53.2,4156
MSitAE-NOVEMBER-2024,RYG,NHS ENGLAND MIDLANDS,COVENTRY AND WARWICKSHIRE PARTNERSHIP NHS TRUST,0,0,0,0,0,0,0,0,0,0,0,0,0,0,0,0,2,60,,,,,,,2024-11-01,0,0,,62
MSitAE-NOVEMBER-2024,C83023,NHS ENGLAND MIDLANDS,SLEAFORD MEDICAL GROUP,0,0,496,0,0,0,0,0,0,0,0,0,0,0,0,0,0,1,,,,,,,2024-11-01,496,0,,1
MSitAE-NOVEMBER-2024,NNF09,NHS ENGLAND NORTH EAST AND YORKSHIRE,BRANSHOLME HEALTH CENTRE,0,0,3623,0,0,0,0,0,250,0,0,0,0,0,0,0,0,0,,,,,,,2024-11-01,3623,250,,0
MSitAE-NOVEMBER-2024,NNF16,NHS ENGLAND NORTH EAST AND YORKSHIRE,BRIDLINGTON HOSPITAL,0,0,1362,0,0,0,0,0,0,0,0,0,0,0,0,0,0,0,,,,,,,2024-11-01,1362,0,,0
MSitAE-NOVEMBER-2024,NNF94,NHS ENGLAND NORTH EAST AND YORKSHIRE,EAST RIDING COMMUNITY HOSPITAL,0,0,2655,0,0,0,0,0,220,0,0,0,0,0,0,0,0,0,,,,,,,2024-11-01,2655,220,,0
MSitAE-NOVEMBER-2024,NNFA7,NHS ENGLAND NORTH EAST AND YORKSHIRE,GOOLE & DISTRICT HOSPITAL,0,0,1560,0,0,0,0,0,7,0,0,0,0,0,0,0,0,0,,,,,,,2024-11-01,1560,7,,0
MSitAE-NOVEMBER-2024,R1D,NHS ENGLAND MIDLANDS,SHROPSHIRE COMMUNITY HEALTH NHS TRUST,0,0,2850,0,0,0,0,0,5,0,0,0,0,0,0,0,0,0,,,,,,,2024-11-01,2850,5,,0
MSitAE-NOVEMBER-2024,RAL,NHS ENGLAND LONDON,ROYAL FREE LONDON NHS FOUNDATION TRUST,17661,0,8788,0,0,0,6401,0,211,0,0,0,1076,718,3813,0,0,527,,,,,,,2024-11-01,26449,6612,63.8,4340
MSitAE-NOVEMBER-2024,RAP,NHS ENGLAND LONDON,NORTH MIDDLESEX UNIVERSITY HOSPITAL NHS TRUST,8411,433,6738,68,0,65,4967,0,713,31,0,7,231,874,1450,0,170,64,,,,,,,2024-11-01,15582,5680,40.9,1684
MSitAE-NOVEMBER-2024,RBK,NHS ENGLAND MIDLANDS,WALSALL HEALTHCARE NHS TRUST,9841,0,4584,14,0,144,3490,0,291,4,0,0,1182,133,4115,0,0,863,,,,,,,2024-11-01,14425,3781,64.5,4978
MSitAE-NOVEMBER-2024,RBN,NHS ENGLAND NORTH WEST,MERSEY AND WEST LANCASHIRE TEACHING HOSPITALS NHS TRUST,17192,0,7066,439,0,0,6415,0,103,80,0,0,617,381,7587,0,0,620,,,,,,,2024-11-01,24258,6518,62.7,8207
MSitAE-NOVEMBER-2024,RDE,NHS ENGLAND EAST OF ENGLAND,EAST SUFFOLK AND NORTH ESSEX NHS FOUNDATION TRUST,12745,0,14789,707,0,539,7100,0,451,0,0,0,1105,440,6576,0,350,1006,,,,,,,2024-11-01,27534,7551,44.3,7932
MSitAE-NOVEMBER-2024,RDU,NHS ENGLAND SOUTH EAST,FRIMLEY HEALTH NHS FOUNDATION TRUST,22368,885,10583,0,0,0,10181,4,164,0,0,0,1825,360,6253,0,0,94,,,,,,,2024-11-01,33836,10349,54.5,6347
MSitAE-NOVEMBER-2024,REM,NHS ENGLAND NORTH WEST,LIVERPOOL UNIVERSITY HOSPITALS NHS FOUNDATION TRUST,15519,1791,8023,463,0,0,8126,97,177,94,0,0,2060,1092,4588,0,0,2398,,,,,,,2024-11-01,25333,8400,47.6,6986
MSitAE-NOVEMBER-2024,RFS,NHS ENGLAND MIDLANDS,CHESTERFIELD ROYAL HOSPITAL NHS FOUNDATION TRUST,6922,0,5861,307,0,146,3553,0,323,138,0,18,961,192,2871,0,268,581,,,,,,,2024-11-01,12783,3876,48.7,3720
MSitAE-NOVEMBER-2024,RGN,NHS ENGLAND EAST OF ENGLAND,NORTH WEST ANGLIA NHS FOUNDATION TRUST,14924,0,4326,409,0,446,6609,0,264,105,0,23,526,809,3732,0,59,1733,,,,,,,2024-11-01,19250,6873,55.7,5524
MSitAE-NOVEMBER-2024,RH8,NHS ENGLAND SOUTH WEST,ROYAL DEVON UNIVERSITY HEALTHCARE NHS FOUNDATION TRUST,12241,0,4182,1280,0,65,5101,0,25,453,0,0,1445,87,4244,0,0,2233,,,,,,,2024-11-01,16423,5126,58.3,6477
MSitAE-NOVEMBER-2024,RHQ,NHS ENGLAND NORTH EAST AND YORKSHIRE,SHEFFIELD TEACHING HOSPITALS NHS FOUNDATION TRUST,9085,1138,7648,333,2,948,5323,0,238,175,0,21,1482,16,3762,0,0,3039,,,,,,,2024-11-01,17871,5561,41.4,6801
MSitAE-NOVEMBER-2024,RK5,NHS ENGLAND MIDLANDS,SHERWOOD FOREST HOSPITALS NHS FOUNDATION TRUST,10534,0,5660,354,0,155,4958,0,435,203,0,4,814,162,3804,0,1,267,,,,,,,2024-11-01,16194,5393,52.9,4072
MSitAE-NOVEMBER-2024,RKE,NHS ENGLAND LONDON,WHITTINGTON HEALTH NHS TRUST,9302,0,0,0,0,0,2715,0,0,0,0,0,251,233,1437,0,0,46,,,,,,,2024-11-01,9302,2715,70.8,1483
MSitAE-NOVEMBER-2024,RM1,NHS ENGLAND EAST OF ENGLAND,NORFOLK AND NORWICH UNIVERSITY HOSPITALS NHS FOUNDATION TRUST,12235,0,8247,0,0,0,3991,0,1,0,0,0,981,213,2625,0,0,1658,,,,,,,2024-11-01,20482,3992,67.4,4283
MSitAE-NOVEMBER-2024,RM3,NHS ENGLAND NORTH WEST,NORTHERN CARE ALLIANCE NHS FOUNDATION TRUST,26130,0,9115,0,0,0,12047,0,559,0,0,0,1252,1166,7384,0,407,2012,,,,,,,2024-11-01,35245,12606,53.9,9803
MSitAE-NOVEMBER-2024,RN3,NHS ENGLAND SOUTH WEST,GREAT WESTERN HOSPITALS NHS FOUNDATION TRUST,5572,0,5356,0,0,0,2443,0,397,0,0,0,568,241,2425,0,0,1340,,,,,,,2024-11-01,10928,2840,56.2,3765
MSitAE-NOVEMBER-2024,RNA,NHS ENGLAND MIDLANDS,THE DUDLEY GROUP NHS FOUNDATION TRUST,9439,0,5014,0,0,719,2494,0,255,0,0,0,2171,93,3750,0,0,2291,,,,,,,2024-11-01,14453,2749,73.6,6041
MSitAE-NOVEMBER-2024,RP5,NHS ENGLAND NORTH EAST AND YORKSHIRE,DONCASTER AND BASSETLAW TEACHING HOSPITALS NHS FOUNDATION TRUST,13455,0,4061,0,0,0,4740,0,0,0,0,0,946,153,4164,0,484,1189,,,,,,,2024-11-01,17516,4740,64.8,5837
MSitAE-NOVEMBER-2024,RPA,NHS ENGLAND SOUTH EAST,MEDWAY NHS FOUNDATION TRUST,9121,0,6396,360,0,1254,3152,0,646,92,0,0,327,771,1690,0,0,602,,,,,,,2024-11-01,15517,3798,65.4,2292
MSitAE-NOVEMBER-2024,RTE,NHS ENGLAND SOUTH WEST,GLOUCESTERSHIRE HOSPITALS NHS FOUNDATION TRUST,13057,0,0,240,0,0,4981,0,0,75,0,0,411,403,2716,0,0,2226,,,,,,,2024-11-01,13057,4981,61.9,4942
MSitAE-NOVEMBER-2024,RTF,NHS ENGLAND NORTH EAST AND YORKSHIRE,NORTHUMBRIA HEALTHCARE NHS FOUNDATION TRUST,9857,0,11634,0,0,0,2621,0,10,0,0,0,56,0,4042,0,40,450,,,,,,,2024-11-01,21491,2631,73.4,4532
MSitAE-NOVEMBER-2024,RTG,NHS ENGLAND MIDLANDS,UNIVERSITY HOSPITALS OF DERBY AND BURTON NHS FOUNDATION TRUST,20055,0,9846,1968,0,22,9733,0,5,446,0,0,1167,1228,3984,0,0,1937,,,,,,,2024-11-01,29901,9738,51.5,5921
MSitAE-NOVEMBER-2024,RVJ,NHS ENGLAND SOUTH WEST,NORTH BRISTOL NHS TRUST,9087,0,0,12,0,0,4072,0,0,4,0,0,518,526,3000,0,0,2023,,,,,,,2024-11-01,9087,4072,55.2,5023
MSitAE-NOVEMBER-2024,RWA,NHS ENGLAND NORTH EAST AND YORKSHIRE,HULL UNIVERSITY TEACHING HOSPITALS NHS TRUST,9659,0,4715,0,0,0,5741,0,271,0,0,0,976,481,3693,0,0,2205,,,,,,,2024-11-01,14374,6012,40.6,5898
MSitAE-NOVEMBER-2024,RWD,NHS ENGLAND MIDLANDS,UNITED LINCOLNSHIRE TEACHING HOSPITALS NHS TRUST,10824,0,9784,0,0,0,6337,0,1381,0,0,0,1214,874,4644,0,0,1160,,,,,,,2024-11-01,20608,7718,41.5,5804
MSitAE-NOVEMBER-2024,RWW,NHS ENGLAND NORTH WEST,WARRINGTON AND HALTON TEACHING HOSPITALS NHS FOUNDATION TRUST,6927,0,2912,273,0,77,3572,0,107,88,0,1,745,498,1855,0,0,146,,,,,,,2024-11-01,9839,3679,48.4,2001
MSitAE-NOVEMBER-2024,RXN,NHS ENGLAND NORTH WEST,LANCASHIRE TEACHING HOSPITALS NHS FOUNDATION TRUST,12214,0,3531,242,0,58,4689,0,96,38,0,1,1071,358,3302,0,101,1367,,,,,,,2024-11-01,15745,4785,61.6,4770
MSitAE-NOVEMBER-2024,RYJ,NHS ENGLAND LONDON,IMPERIAL COLLEGE HEALTHCARE NHS TRUST,11799,3680,7326,0,0,487,4774,50,456,0,0,0,628,312,3907,0,0,1097,,,,,,,2024-11-01,22805,5280,59.5,5004
MSitAE-NOVEMBER-2024,AJN,NHS ENGLAND NORTH EAST AND YORKSHIRE,WORKINGTON HEALTH LIMITED,0,0,321,0,0,0,0,0,0,0,0,0,0,0,0,0,0,0,,,,,,,2024-11-01,321,0,,0
MSitAE-NOVEMBER-2024,R1H,NHS ENGLAND LONDON,BARTS HEALTH NHS TRUST,25692,985,17220,0,0,0,11813,58,1289,0,0,0,1139,1064,4448,2,59,1124,,,,,,,2024-11-01,43897,13160,54.0,5633
MSitAE-NOVEMBER-2024,RBS,NHS ENGLAND NORTH WEST,ALDER HEY CHILDREN'S NHS FOUNDATION TRUST,6277,0,0,0,0,0,1663,0,0,0,0,0,1,0,957,0,0,340,,,,,,,2024-11-01,6277,1663,73.5,1297
MSitAE-NOVEMBER-2024,RD1,NHS ENGLAND SOUTH WEST,ROYAL UNITED HOSPITALS BATH NHS FOUNDATION TRUST,8488,0,0,0,0,0,3715,0,0,0,0,0,785,131,2484,0,7,1733,,,,,,,2024-11-01,8488,3715,56.2,4224
MSitAE-NOVEMBER-2024,RFR,NHS ENGLAND NORTH EAST AND YORKSHIRE,THE ROTHERHAM NHS FOUNDATION TRUST,8946,0,0,0,0,0,3391,0,0,0,0,0,612,16,1941,0,0,368,,,,,,,2024-11-01,8946,3391,62.1,2309
MSitAE-NOVEMBER-2024,RJ2,NHS ENGLAND LONDON,LEWISHAM AND GREENWICH NHS TRUST,14664,0,10734,0,0,0,7608,0,1390,0,0,0,1166,795,4682,0,0,1369,,,,,,,2024-11-01,25398,8998,48.1,6051
MSitAE-NOVEMBER-2024,RJL,NHS ENGLAND NORTH EAST AND YORKSHIRE,NORTHERN LINCOLNSHIRE AND GOOLE NHS FOUNDATION TRUST,8858,0,6963,0,0,396,4148,0,55,0,0,6,607,699,5656,0,0,492,,,,,,,2024-11-01,15821,4203,53.2,6148
MSitAE-NOVEMBER-2024,RR7,NHS ENGLAND NORTH EAST AND YORKSHIRE,GATESHEAD HEALTH NHS FOUNDATION TRUST,6257,0,3351,20,0,3,2570,0,19,9,0,0,1028,1,1592,0,0,54,,,,,,,2024-11-01,9608,2589,58.9,1646
MSitAE-NOVEMBER-2024,RVR,NHS ENGLAND LONDON,EPSOM AND ST HELIER UNIVERSITY HOSPITALS NHS TRUST,11520,314,1354,461,0,36,3620,0,99,73,0,0,381,652,2072,2,0,131,,,,,,,2024-11-01,13188,3719,68.6,2205
MSitAE-NOVEMBER-2024,RX1,NHS ENGLAND MIDLANDS,NOTTINGHAM UNIVERSITY HOSPITALS NHS TRUST,16379,1715,266,0,0,0,8610,278,19,0,0,0,381,387,4581,0,0,4498,,,,,,,2024-11-01,18360,8907,47.4,9079
MSitAE-NOVEMBER-2024,RBV,NHS ENGLAND NORTH WEST,THE CHRISTIE NHS FOUNDATION TRUST,0,0,0,0,0,0,0,0,0,0,0,0,0,0,0,0,0,681,,,,,,,2024-11-01,0,0,,681
MSitAE-NOVEMBER-2024,RD8,NHS ENGLAND EAST OF ENGLAND,MILTON KEYNES UNIVERSITY HOSPITAL NHS FOUNDATION TRUST,8345,0,5293,589,0,159,3457,0,214,239,0,0,717,0,2069,0,0,553,,,,,,,2024-11-01,13638,3671,58.6,2622
MSitAE-NOVEMBER-2024,RHU,NHS ENGLAND SOUTH EAST,PORTSMOUTH HOSPITALS UNIVERSITY NATIONAL HEALTH SERVICE TRUST,9838,758,2829,1451,0,792,4855,4,55,780,0,6,1441,58,3387,0,0,2649,,,,,,,2024-11-01,13425,4914,50.7,6036
MSitAE-NOVEMBER-2024,RY2,NHS ENGLAND NORTH WEST,BRIDGEWATER COMMUNITY HEALTHCARE NHS FOUNDATION TRUST,0,0,2989,0,0,174,0,0,72,0,0,3,0,0,0,0,0,0,,,,,,,2024-11-01,2989,72,,0
MSitAE-NOVEMBER-2024,Y00751,NHS ENGLAND SOUTH EAST,EAST BERKS PRIMARY CARE OOH(WAM),0,0,0,0,0,0,0,0,0,0,0,0,0,0,0,0,0,0,,,,,,,2024-11-01,0,0,,0
MSitAE-NOVEMBER-2024,RCB,NHS ENGLAND NORTH EAST AND YORKSHIRE,YORK AND SCARBOROUGH TEACHING HOSPITALS NHS FOUNDATION TRUST,10945,361,6330,0,0,0,6389,0,245,0,0,0,850,883,4655,0,0,1651,,,,,,,2024-11-01,17636,6634,41.6,6306
MSitAE-NOVEMBER-2024,RMC,NHS ENGLAND NORTH WEST,BOLTON NHS FOUNDATION TRUST,8295,0,3598,55,0,50,4308,0,170,19,0,1,512,585,2480,0,84,796,,,,,,,2024-11-01,11893,4478,48.1,3360
MSitAE-NOVEMBER-2024,RBL,NHS ENGLAND NORTH WEST,WIRRAL UNIVERSITY TEACHING HOSPITAL NHS FOUNDATION TRUST,5970,0,3067,0,0,195,3101,0,29,0,0,1,303,693,1549,0,0,1491,,,,,,,2024-11-01,9037,3130,48.1,3040
MSitAE-NOVEMBER-2024,RET,NHS ENGLAND NORTH WEST,THE WALTON CENTRE NHS FOUNDATION TRUST,0,0,0,0,0,0,0,0,0,0,0,0,0,0,0,0,0,191,,,,,,,2024-11-01,0,0,,191
MSitAE-NOVEMBER-2024,RHW,NHS ENGLAND SOUTH EAST,ROYAL BERKSHIRE NHS FOUNDATION TRUST,11076,2259,1332,904,24,0,4378,15,0,306,0,0,545,1,2477,0,0,368,,,,,,,2024-11-01,14667,4393,60.5,2845
MSitAE-NOVEMBER-2024,RJ7,NHS ENGLAND LONDON,ST GEORGE'S UNIVERSITY HOSPITALS NHS FOUNDATION TRUST,9271,0,3242,560,0,0,3019,0,0,105,0,0,574,689,2709,0,0,801,,,,,,,2024-11-01,12513,3019,67.4,3510
MSitAE-NOVEMBER-2024,RQ3,NHS ENGLAND MIDLANDS,BIRMINGHAM WOMEN'S AND CHILDREN'S NHS FOUNDATION TRUST,6522,0,0,0,0,0,2458,0,0,0,0,0,2,52,1196,0,0,151,,,,,,,2024-11-01,6522,2458,62.3,1347
MSitAE-NOVEMBER-2024,RJ1,NHS ENGLAND LONDON,GUY'S AND ST THOMAS' NHS FOUNDATION TRUST,10740,777,7075,0,0,0,4483,29,253,0,0,0,144,75,2255,0,0,264,,,,,,,2024-11-01,18592,4765,58.3,2519
MSitAE-NOVEMBER-2024,RTH,NHS ENGLAND SOUTH EAST,OXFORD UNIVERSITY HOSPITALS NHS FOUNDATION TRUST,12714,1760,2407,1737,0,147,5265,0,5,579,0,1,1032,0,4782,114,14,4342,,,,,,,2024-11-01,16881,5270,58.6,9252
MSitAE-NOVEMBER-2024,RXK,NHS ENGLAND MIDLANDS,SANDWELL AND WEST BIRMINGHAM HOSPITALS NHS TRUST,12424,1139,9388,566,0,0,5856,231,492,0,0,0,962,113,2638,0,0,543,,,,,,,2024-11-01,22951,6579,52.9,3181
MSitAE-NOVEMBER-2024,R0A,NHS ENGLAND NORTH WEST,MANCHESTER UNIVERSITY NHS FOUNDATION TRUST,26244,2817,11453,3394,456,1013,13551,87,850,1707,9,115,4172,263,5795,131,167,445,,,,,,,2024-11-01,40514,14488,48.4,6538
MSitAE-NOVEMBER-2024,RXF,NHS ENGLAND NORTH EAST AND YORKSHIRE,MID YORKSHIRE TEACHING NHS TRUST,16762,106,5926,120,0,84,7212,0,396,2,0,0,2286,736,3492,0,153,897,,,,,,,2024-11-01,22794,7608,57.0,4542
MSitAE-NOVEMBER-2024,8J094,NHS ENGLAND MIDLANDS,BADGER LTD,0,0,0,0,0,2011,0,0,0,0,0,0,0,0,0,0,0,0,,,,,,,2024-11-01,0,0,,0
MSitAE-NOVEMBER-2024,Y03007,NHS ENGLAND MIDLANDS,ERDINGTON GP HEALTH & WELLBEING WIC,0,0,0,0,0,2520,0,0,0,0,0,0,0,0,0,0,0,0,,,,,,,2024-11-01,0,0,,0
MSitAE-NOVEMBER-2024,AD913,NHS ENGLAND LONDON,BECKENHAM BEACON UCC,0,0,3498,0,0,271,0,0,57,0,0,0,0,0,0,0,0,0,,,,,,,2024-11-01,3498,57,,0
MSitAE-NOVEMBER-2024,R1K,NHS ENGLAND LONDON,LONDON NORTH WEST UNIVERSITY HEALTHCARE NHS TRUST,13834,0,15339,0,0,0,7833,0,369,0,0,0,753,557,6245,0,0,316,,,,,,,2024-11-01,29173,8202,43.4,6561
MSitAE-OCTOBER-2024,Y00751,NHS ENGLAND SOUTH EAST,EAST BERKS PRIMARY CARE OOH(WAM),0,0,0,0,0,0,0,0,0,0,0,0,0,0,0,0,0,0,,,,,,,2024-10-01,0,0,,0
MSitAE-OCTOBER-2024,Y02428,NHS ENGLAND EAST OF ENGLAND,PUTNOE WALK IN CENTRE,0,0,2787,0,0,0,0,0,0,0,0,0,0,0,0,0,0,0,,,,,,,2024-10-01,2787,0,,0
MSitAE-OCTOBER-2024,Y02615,NHS ENGLAND MIDLANDS,SOUTH BIRMINGHAM GP WALK IN CENTRE,0,0,6852,0,0,0,0,0,0,0,0,0,0,0,0,0,0,0,,,,,,,2024-10-01,6852,0,,0
MSitAE-OCTOBER-2024,AQN04,NHS ENGLAND SOUTH EAST,PHL LYMINGTON UTC,0,0,2755,0,0,9,0,0,13,0,0,0,0,0,0,0,0,0,,,,,,,2024-10-01,2755,13,,0
MSitAE-OCTOBER-2024,C82009,NHS ENGLAND MIDLANDS,MARKET HARBOROUGH MED.CTR,0,0,266,0,0,0,0,0,0,0,0,0,0,0,0,0,0,0,,,,,,,2024-10-01,266,0,,0
MSitAE-OCTOBER-2024,L83087,NHS ENGLAND SOUTH WEST,OKEHAMPTON MEDICAL CENTRE,0,0,82,0,0,0,0,0,0,0,0,0,0,0,0,0,0,0,,,,,,,2024-10-01,82,0,,0
MSitAE-OCTOBER-2024,NDJ,NHS ENGLAND SOUTH EAST,FIRST COMMUNITY HEALTH AND CARE CIC,0,0,2300,0,0,0,0,0,0,0,0,0,0,0,0,0,0,0,,,,,,,2024-10-01,2300,0,,0
MSitAE-OCTOBER-2024,NQT5F,NHS ENGLAND NORTH WEST,SKELMERSDALE WALK IN CENTRE,0,0,1873,0,0,0,0,0,12,0,0,0,0,0,0,0,0,0,,,,,,,2024-10-01,1873,12,,0
MSitAE-OCTOBER-2024,NQT5H,NHS ENGLAND SOUTH WEST,PAULTON MEMORIAL HOSPITAL,0,0,1044,0,0,0,0,0,6,0,0,0,0,0,0,0,0,0,,,,,,,2024-10-01,1044,6,,0
MSitAE-OCTOBER-2024,NQTE4,NHS ENGLAND MIDLANDS,SUMMERFIELD URGENT CARE CENTRE,0,0,3204,0,0,0,0,0,0,0,0,0,0,0,0,0,0,0,,,,,,,2024-10-01,3204,0,,0
MSitAE-OCTOBER-2024,NTV0B,NHS ENGLAND SOUTH EAST,ASHFORD WALK-IN-CENTRE,0,0,2395,0,0,0,0,0,47,0,0,0,0,0,0,0,0,0,,,,,,,2024-10-01,2395,47,,0
MSitAE-OCTOBER-2024,NTV0W,NHS ENGLAND SOUTH EAST,WOKING WALK IN CENTRE,0,0,2422,0,0,0,0,0,47,0,0,0,0,0,0,0,0,0,,,,,,,2024-10-01,2422,47,,0
MSitAE-OCTOBER-2024,RAN,NHS ENGLAND LONDON,ROYAL NATIONAL ORTHOPAEDIC HOSPITAL NHS TRUST,0,0,0,0,0,0,0,0,0,0,0,0,0,0,0,0,0,41,,,,,,,2024-10-01,0,0,,41
MSitAE-OCTOBER-2024,RBT,NHS ENGLAND NORTH WEST,MID CHESHIRE HOSPITALS NHS FOUNDATION TRUST,7453,0,2880,0,0,72,4423,0,43,0,0,9,605,636,2615,0,0,1171,,,,,,,2024-10-01,10333,4466,40.7,3786
MSitAE-OCTOBER-2024,RDY,NHS ENGLAND SOUTH WEST,DORSET HEALTHCARE UNIVERSITY NHS FOUNDATION TRUST,0,0,0,0,0,0,0,0,0,0,0,0,0,0,0,0,2,2,,,,,,,2024-10-01,0,0,,4
MSitAE-OCTOBER-2024,RTP,NHS ENGLAND SOUTH EAST,SURREY AND SUSSEX HEALTHCARE NHS TRUST,10996,0,0,0,0,0,4244,0,0,0,0,0,579,582,3052,0,0,912,,,,,,,2024-10-01,10996,4244,61.4,3964
MSitAE-OCTOBER-2024,RW1,NHS ENGLAND SOUTH EAST,HAMPSHIRE AND ISLE OF WIGHT HEALTHCARE NHS FOUNDATION TRUST,0,0,2922,0,0,0,0,0,18,0,0,0,0,0,0,0,2,126,,,,,,,2024-10-01,2922,18,,128
MSitAE-OCTOBER-2024,RWY,NHS ENGLAND NORTH EAST AND YORKSHIRE,CALDERDALE AND HUDDERSFIELD NHS FOUNDATION TRUST,15686,0,0,0,0,0,5137,0,0,0,0,0,1329,3,3198,0,0,316,,,,,,,2024-10-01,15686,5137,67.3,3514
MSitAE-OCTOBER-2024,RY7,NHS ENGLAND NORTH WEST,WIRRAL COMMUNITY HEALTH AND CARE NHS FOUNDATION TRUST,0,0,4591,0,0,0,0,0,155,0,0,0,0,0,0,0,0,0,,,,,,,2024-10-01,4591,155,,0
MSitAE-OCTOBER-2024,RYF,NHS ENGLAND SOUTH WEST,SOUTH WESTERN AMBULANCE SERVICE NHS FOUNDATION TRUST,0,0,1598,0,0,7,0,0,69,0,0,0,0,0,0,0,0,0,,,,,,,2024-10-01,1598,69,,0
MSitAE-OCTOBER-2024,Y02532,NHS ENGLAND NORTH WEST,MIRIAM MINOR EMERGENCY,0,0,1595,0,0,0,0,0,0,0,0,0,0,0,0,0,0,0,,,,,,,2024-10-01,1595,0,,0
MSitAE-OCTOBER-2024,Y03218,NHS ENGLAND LONDON,THE PINN UNREGISTERED WIC,0,0,1107,0,0,0,0,0,0,0,0,0,0,0,0,0,0,0,,,,,,,2024-10-01,1107,0,,0
MSitAE-OCTOBER-2024,Y07709,NHS ENGLAND SOUTH EAST,READING URGENT CARE CENTRE,0,0,2043,0,0,0,0,0,0,0,0,0,0,0,0,0,0,0,,,,,,,2024-10-01,2043,0,,0
MSitAE-OCTOBER-2024,AAH,NHS ENGLAND SOUTH WEST,TETBURY HOSPITAL TRUST LTD,0,0,499,0,0,0,0,0,0,0,0,0,0,0,0,0,0,0,,,,,,,2024-10-01,499,0,,0
MSitAE-OCTOBER-2024,C82038,NHS ENGLAND MIDLANDS,LATHAM HOUSE MEDICAL PRACTICE,0,0,324,0,0,0,0,0,0,0,0,0,0,0,0,0,0,0,,,,,,,2024-10-01,324,0,,0
MSitAE-OCTOBER-2024,DT301,NHS ENGLAND EAST OF ENGLAND,HERTS URGENT CARE (ASCOTS LANE),0,0,2202,0,0,0,0,0,60,0,0,0,0,0,0,0,0,0,,,,,,,2024-10-01,2202,60,,0
MSitAE-OCTOBER-2024,G0Q0L,NHS ENGLAND LONDON,BARKING HOSPITAL UTC,0,0,3009,0,0,0,0,0,8,0,0,0,0,0,0,0,0,0,,,,,,,2024-10-01,3009,8,,0
MSitAE-OCTOBER-2024,K6K0R,NHS ENGLAND LONDON,HAROLD WOOD POLYCLINIC UTC,0,0,2924,0,0,0,0,0,10,0,0,0,0,0,0,0,0,0,,,,,,,2024-10-01,2924,10,,0
MSitAE-OCTOBER-2024,RJN,NHS ENGLAND NORTH WEST,EAST CHESHIRE NHS TRUST,4608,0,0,75,0,45,2299,0,0,0,0,0,220,252,918,0,0,251,,,,,,,2024-10-01,4608,2299,50.1,1169
MSitAE-OCTOBER-2024,RJR,NHS ENGLAND NORTH WEST,COUNTESS OF CHESTER HOSPITAL NHS FOUNDATION TRUST,5106,0,2425,0,0,0,2859,0,208,0,0,0,253,717,1730,0,0,1558,,,,,,,2024-10-01,7531,3067,44.0,3288
MSitAE-OCTOBER-2024,ACH01,NHS ENGLAND SOUTH EAST,WHITSTABLE MEDICAL PRACTICE,0,0,6208,0,0,0,0,0,0,0,0,0,0,0,0,0,0,0,,,,,,,2024-10-01,6208,0,,0
MSitAE-OCTOBER-2024,RBQ,NHS ENGLAND NORTH WEST,LIVERPOOL HEART AND CHEST HOSPITAL NHS FOUNDATION TRUST,0,0,0,0,0,0,0,0,0,0,0,0,0,0,0,0,0,173,,,,,,,2024-10-01,0,0,,173
MSitAE-OCTOBER-2024,RW4,NHS ENGLAND NORTH WEST,MERSEY CARE NHS FOUNDATION TRUST,0,0,14327,0,0,0,0,0,411,0,0,0,0,0,0,0,0,55,,,,,,,2024-10-01,14327,411,,55
MSitAE-OCTOBER-2024,C83023,NHS ENGLAND MIDLANDS,SLEAFORD MEDICAL GROUP,0,0,434,0,0,0,0,0,0,0,0,0,0,0,0,0,0,1,,,,,,,2024-10-01,434,0,,1
MSitAE-OCTOBER-2024,REM,NHS ENGLAND NORTH WEST,LIVERPOOL UNIVERSITY HOSPITALS NHS FOUNDATION TRUST,16042,1858,8708,551,0,0,8082,81,339,114,0,0,2014,1021,5136,0,0,3252,,,,,,,2024-10-01,26608,8502,49.6,8388
MSitAE-OCTOBER-2024,RJL,NHS ENGLAND NORTH EAST AND YORKSHIRE,NORTHERN LINCOLNSHIRE AND GOOLE NHS FOUNDATION TRUST,8854,0,6531,0,0,435,4323,0,40,0,0,1,653,859,5610,0,0,497,,,,,,,2024-10-01,15385,4363,51.2,6107
MSitAE-OCTOBER-2024,RQX,NHS ENGLAND LONDON,HOMERTON HEALTHCARE NHS FOUNDATION TRUST,11338,0,0,0,0,0,2134,0,0,0,0,0,229,26,1843,0,0,370,,,,,,,2024-10-01,11338,2134,81.2,2213
MSitAE-OCTOBER-2024,RDU,NHS ENGLAND SOUTH EAST,FRIMLEY HEALTH NHS FOUNDATION TRUST,23210,1062,11372,0,0,0,11292,1,135,0,0,0,2018,259,6400,0,0,108,,,,,,,2024-10-01,35644,11428,51.3,6508
MSitAE-OCTOBER-2024,RXQ,NHS ENGLAND SOUTH EAST,BUCKINGHAMSHIRE HEALTHCARE NHS TRUST,11010,1194,3747,0,0,0,4402,0,287,0,0,0,323,347,4054,805,0,2106,,,,,,,2024-10-01,15951,4689,60.0,6965
MSitAE-OCTOBER-2024,RFF,NHS ENGLAND NORTH EAST AND YORKSHIRE,BARNSLEY HOSPITAL NHS FOUNDATION TRUST,9029,0,0,42,0,0,3373,0,0,0,0,0,511,0,3045,0,0,559,,,,,,,2024-10-01,9029,3373,62.6,3604
MSitAE-OCTOBER-2024,NL7,NHS ENGLAND MIDLANDS,ASSURA VERTIS URGENT CARE CENTRES (BIRMINGHAM),0,0,3896,0,0,0,0,0,0,0,0,0,0,0,0,0,0,0,,,,,,,2024-10-01,3896,0,,0
MSitAE-OCTOBER-2024,RFR,NHS ENGLAND NORTH EAST AND YORKSHIRE,THE ROTHERHAM NHS FOUNDATION TRUST,9227,0,0,0,0,0,3451,0,0,0,0,0,788,24,2005,0,0,390,,,,,,,2024-10-01,9227,3451,62.6,2395
MSitAE-OCTOBER-2024,RGP,NHS ENGLAND EAST OF ENGLAND,JAMES PAGET UNIVERSITY HOSPITALS NHS FOUNDATION TRUST,7574,0,1382,0,0,0,3200,0,0,0,0,0,637,444,1714,0,0,509,,,,,,,2024-10-01,8956,3200,57.8,2223
MSitAE-OCTOBER-2024,RGR,NHS ENGLAND EAST OF ENGLAND,WEST SUFFOLK NHS FOUNDATION TRUST,7823,0,650,31,0,0,2997,0,0,0,0,0,511,512,1885,0,0,375,,,,,,,2024-10-01,8473,2997,61.7,2260
MSitAE-OCTOBER-2024,RLQ,NHS ENGLAND MIDLANDS,WYE VALLEY NHS TRUST,6115,1155,123,175,0,0,2555,0,0,31,0,0,459,270,1429,0,0,152,,,,,,,2024-10-01,7393,2555,58.2,1581
MSitAE-OCTOBER-2024,RPC,NHS ENGLAND SOUTH EAST,QUEEN VICTORIA HOSPITAL NHS FOUNDATION TRUST,0,0,1499,0,0,0,0,0,19,0,0,0,0,0,0,0,6,551,,,,,,,2024-10-01,1499,19,,557
MSitAE-OCTOBER-2024,RXG,NHS ENGLAND NORTH EAST AND YORKSHIRE,SOUTH WEST YORKSHIRE PARTNERSHIP NHS FOUNDATION TRUST,0,0,0,0,0,0,0,0,0,0,0,0,0,0,0,0,0,111,,,,,,,2024-10-01,0,0,,111
MSitAE-OCTOBER-2024,RY5,NHS ENGLAND MIDLANDS,LINCOLNSHIRE COMMUNITY HEALTH SERVICES NHS TRUST,0,0,8429,0,0,0,0,0,300,0,0,0,0,0,0,0,0,0,,,,,,,2024-10-01,8429,300,,0
MSitAE-OCTOBER-2024,RY8,NHS ENGLAND MIDLANDS,DERBYSHIRE COMMUNITY HEALTH SERVICES NHS FOUNDATION TRUST,0,0,6205,0,0,1787,0,0,48,0,0,6,0,0,0,0,0,0,,,,,,,2024-10-01,6205,48,,0
MSitAE-OCTOBER-2024,8J094,NHS ENGLAND MIDLANDS,BADGER LTD,0,0,0,0,0,2242,0,0,0,0,0,0,0,0,0,0,0,0,,,,,,,2024-10-01,0,0,,0
MSitAE-OCTOBER-2024,AXG,NHS ENGLAND SOUTH WEST,WILTSHIRE HEALTH & CARE,0,0,2461,0,0,0,0,0,58,0,0,0,0,0,0,0,0,0,,,,,,,2024-10-01,2461,58,,0
MSitAE-OCTOBER-2024,NLX,NHS ENGLAND SOUTH WEST,SIRONA CARE & HEALTH,0,0,8546,0,0,327,0,0,516,0,0,41,0,0,0,0,0,0,,,,,,,2024-10-01,8546,516,,0
MSitAE-OCTOBER-2024,NNJ0H,NHS ENGLAND MIDLANDS,LLR EA - THE MERLYN VAZ HEALTH & SOCIAL CARE CENTRE,0,0,210,0,0,2194,0,0,1,0,0,0,0,0,0,0,0,0,,,,,,,2024-10-01,210,1,,0
MSitAE-OCTOBER-2024,NNJ12,NHS ENGLAND MIDLANDS,MARKET HARBOROUGH,0,0,85,0,0,340,0,0,0,0,0,0,0,0,0,0,0,0,,,,,,,2024-10-01,85,0,,0
MSitAE-OCTOBER-2024,NNJ13,NHS ENGLAND MIDLANDS,MELTON MOWBRAY,0,0,69,0,0,370,0,0,0,0,0,0,0,0,0,0,0,0,,,,,,,2024-10-01,69,0,,0
MSitAE-OCTOBER-2024,NNJ14,NHS ENGLAND MIDLANDS,OADBY,0,0,526,0,0,2484,0,0,0,0,0,0,0,0,0,0,0,0,,,,,,,2024-10-01,526,0,,0
MSitAE-OCTOBER-2024,NNJ15,NHS ENGLAND MIDLANDS,OAKHAM,0,0,57,0,0,362,0,0,0,0,0,0,0,0,0,0,0,0,,,,,,,2024-10-01,57,0,,0
MSitAE-OCTOBER-2024,NNJ,NHS ENGLAND MIDLANDS,DHU HEALTH CARE C.I.C,0,0,1960,0,0,0,0,0,0,0,0,0,0,0,0,0,0,0,,,,,,,2024-10-01,1960,0,,0
MSitAE-OCTOBER-2024,NR3,NHS ENGLAND MIDLANDS,NOTTINGHAM CITYCARE PARTNERSHIP,0,0,5696,0,0,257,0,0,381,0,0,1,0,0,0,0,0,0,,,,,,,2024-10-01,5696,381,,0
MSitAE-OCTOBER-2024,NTPAD,NHS ENGLAND SOUTH EAST,PRACTICE PLUS GROUP SURGICAL CENTRE - ST MARYS PORTSMOUTH,0,0,5788,0,0,197,0,0,88,0,0,0,0,0,0,0,0,0,,,,,,,2024-10-01,5788,88,,0
MSitAE-OCTOBER-2024,NV693,NHS ENGLAND NORTH WEST,ROSSENDALE MIU & OOH,0,0,1037,0,0,0,0,0,0,0,0,0,0,0,0,0,0,0,,,,,,,2024-10-01,1037,0,,0
MSitAE-OCTOBER-2024,R0A,NHS ENGLAND NORTH WEST,MANCHESTER UNIVERSITY NHS FOUNDATION TRUST,25876,2943,11962,3669,534,887,12120,75,632,1631,20,90,4129,278,5939,136,173,457,,,,,,,2024-10-01,40781,12827,53.2,6705
MSitAE-OCTOBER-2024,RA7,NHS ENGLAND SOUTH WEST,UNIVERSITY HOSPITALS BRISTOL AND WESTON NHS FOUNDATION TRUST,16097,2388,0,0,0,0,5977,232,0,0,0,0,1286,440,5485,12,0,1522,,,,,,,2024-10-01,18485,6209,62.9,7019
MSitAE-OCTOBER-2024,RA9,NHS ENGLAND SOUTH WEST,TORBAY AND SOUTH DEVON NHS FOUNDATION TRUST,6217,0,3264,388,0,139,2976,0,12,143,0,0,397,149,2091,0,0,1249,,,,,,,2024-10-01,9481,2988,52.1,3340
MSitAE-OCTOBER-2024,RAX,NHS ENGLAND LONDON,KINGSTON HOSPITAL NHS FOUNDATION TRUST,7198,0,8157,0,0,0,3440,0,271,0,0,0,264,421,2347,0,199,288,,,,,,,2024-10-01,15355,3711,52.2,2834
MSitAE-OCTOBER-2024,RCD,NHS ENGLAND NORTH EAST AND YORKSHIRE,HARROGATE AND DISTRICT NHS FOUNDATION TRUST,5070,0,900,330,0,15,1663,0,0,76,0,0,430,52,1145,0,0,331,,,,,,,2024-10-01,5970,1663,67.2,1476
MSitAE-OCTOBER-2024,RCX,NHS ENGLAND EAST OF ENGLAND,"THE QUEEN ELIZABETH HOSPITAL, KING'S LYNN, NHS FOUNDATION TRUST",6749,0,1170,0,0,0,2652,0,0,0,0,0,328,95,2041,0,0,317,,,,,,,2024-10-01,7919,2652,60.7,2358
MSitAE-OCTOBER-2024,RHM,NHS ENGLAND SOUTH EAST,UNIVERSITY HOSPITAL SOUTHAMPTON NHS FOUNDATION TRUST,12497,1243,0,266,0,0,4456,124,0,94,0,0,382,16,4045,3,0,1653,,,,,,,2024-10-01,13740,4580,64.3,5701
MSitAE-OCTOBER-2024,RJ6,NHS ENGLAND LONDON,CROYDON HEALTH SERVICES NHS TRUST,12732,0,5002,0,0,0,5066,0,0,0,0,0,313,692,1333,0,0,95,,,,,,,2024-10-01,17734,5066,60.2,1428
MSitAE-OCTOBER-2024,RJ8,NHS ENGLAND SOUTH WEST,CORNWALL PARTNERSHIP NHS FOUNDATION TRUST,0,0,0,0,0,0,0,0,0,0,0,0,0,0,0,0,7,61,,,,,,,2024-10-01,0,0,,68
MSitAE-OCTOBER-2024,RL1,NHS ENGLAND MIDLANDS,THE ROBERT JONES AND AGNES HUNT ORTHOPAEDIC HOSPITAL NHS FOUNDATION TRUST,0,0,0,0,0,0,0,0,0,0,0,0,0,0,0,0,0,36,,,,,,,2024-10-01,0,0,,36
MSitAE-OCTOBER-2024,RNQ,NHS ENGLAND MIDLANDS,KETTERING GENERAL HOSPITAL NHS FOUNDATION TRUST,9809,0,8514,343,0,0,3879,0,120,0,0,0,1465,0,1913,0,0,229,,,,,,,2024-10-01,18323,3999,60.5,2142
MSitAE-OCTOBER-2024,RP6,NHS ENGLAND LONDON,MOORFIELDS EYE HOSPITAL NHS FOUNDATION TRUST,0,5551,0,0,0,0,0,39,0,0,0,0,0,0,0,4,0,225,,,,,,,2024-10-01,5551,39,,229
MSitAE-OCTOBER-2024,RQ3,NHS ENGLAND MIDLANDS,BIRMINGHAM WOMEN'S AND CHILDREN'S NHS FOUNDATION TRUST,5637,0,0,0,0,0,1136,0,0,0,0,0,0,0,1122,0,0,157,,,,,,,2024-10-01,5637,1136,79.8,1279
MSitAE-OCTOBER-2024,RQW,NHS ENGLAND EAST OF ENGLAND,THE PRINCESS ALEXANDRA HOSPITAL NHS TRUST,8389,0,2053,0,0,520,4590,0,0,0,0,0,502,171,2311,0,0,398,,,,,,,2024-10-01,10442,4590,45.3,2709
MSitAE-OCTOBER-2024,RR7,NHS ENGLAND NORTH EAST AND YORKSHIRE,GATESHEAD HEALTH NHS FOUNDATION TRUST,6465,0,3343,18,0,2,3128,0,26,8,0,0,1151,3,1648,0,0,59,,,,,,,2024-10-01,9808,3154,51.6,1707
MSitAE-OCTOBER-2024,RRV,NHS ENGLAND LONDON,UNIVERSITY COLLEGE LONDON HOSPITALS NHS FOUNDATION TRUST,13764,0,0,389,0,0,3880,0,0,0,0,0,469,188,1490,0,0,291,,,,,,,2024-10-01,13764,3880,71.8,1781
MSitAE-OCTOBER-2024,RTQ,NHS ENGLAND SOUTH WEST,GLOUCESTERSHIRE HEALTH AND CARE NHS FOUNDATION TRUST,0,0,7641,0,0,0,0,0,41,0,0,0,0,0,0,0,0,28,,,,,,,2024-10-01,7641,41,,28
MSitAE-OCTOBER-2024,RTX,NHS ENGLAND NORTH WEST,UNIVERSITY HOSPITALS OF MORECAMBE BAY NHS FOUNDATION TRUST,9335,0,3143,180,0,755,2974,0,77,14,0,72,527,387,3280,0,30,1010,,,,,,,2024-10-01,12478,3051,68.1,4320
MSitAE-OCTOBER-2024,RV9,NHS ENGLAND NORTH EAST AND YORKSHIRE,HUMBER TEACHING NHS FOUNDATION TRUST,0,0,1004,0,0,38,0,0,14,0,0,1,0,0,0,0,0,0,,,,,,,2024-10-01,1004,14,,0
MSitAE-OCTOBER-2024,RWF,NHS ENGLAND SOUTH EAST,MAIDSTONE AND TUNBRIDGE WELLS NHS TRUST,18434,0,2087,735,0,164,3668,0,2,79,0,0,887,168,5145,0,0,953,,,,,,,2024-10-01,20521,3670,80.1,6098
MSitAE-OCTOBER-2024,RWG,NHS ENGLAND EAST OF ENGLAND,WEST HERTFORDSHIRE TEACHING HOSPITALS NHS TRUST,8674,0,7607,0,0,826,3662,0,145,0,0,0,966,27,4424,0,0,604,,,,,,,2024-10-01,16281,3807,57.8,5028
MSitAE-OCTOBER-2024,RWP,NHS ENGLAND MIDLANDS,WORCESTERSHIRE ACUTE HOSPITALS NHS TRUST,13269,0,5778,228,0,10,6573,0,72,89,0,0,786,487,3335,0,0,943,,,,,,,2024-10-01,19047,6645,50.5,4278
MSitAE-OCTOBER-2024,RXW,NHS ENGLAND MIDLANDS,THE SHREWSBURY AND TELFORD HOSPITAL NHS TRUST,10608,0,2459,0,0,0,6001,0,244,0,0,0,461,1060,3261,0,208,2262,,,,,,,2024-10-01,13067,6245,43.4,5731
MSitAE-OCTOBER-2024,Y03007,NHS ENGLAND MIDLANDS,ERDINGTON GP HEALTH & WELLBEING WIC,0,0,0,0,0,2637,0,0,0,0,0,0,0,0,0,0,0,0,,,,,,,2024-10-01,0,0,,0
MSitAE-OCTOBER-2024,ARN03,NHS ENGLAND NORTH EAST AND YORKSHIRE,LOCAL CARE DIRECT,0,0,2162,0,0,297,0,0,0,0,0,0,0,0,0,0,0,0,,,,,,,2024-10-01,2162,0,,0
MSitAE-OCTOBER-2024,NNF09,NHS ENGLAND NORTH EAST AND YORKSHIRE,BRANSHOLME HEALTH CENTRE,0,0,3742,0,0,0,0,0,219,0,0,0,0,0,0,0,0,0,,,,,,,2024-10-01,3742,219,,0
MSitAE-OCTOBER-2024,NNF16,NHS ENGLAND NORTH EAST AND YORKSHIRE,BRIDLINGTON HOSPITAL,0,0,1507,0,0,0,0,0,8,0,0,0,0,0,0,0,0,0,,,,,,,2024-10-01,1507,8,,0
MSitAE-OCTOBER-2024,NNF94,NHS ENGLAND NORTH EAST AND YORKSHIRE,EAST RIDING COMMUNITY HOSPITAL,0,0,2749,0,0,0,0,0,129,0,0,0,0,0,0,0,0,0,,,,,,,2024-10-01,2749,129,,0
MSitAE-OCTOBER-2024,NNFA7,NHS ENGLAND NORTH EAST AND YORKSHIRE,GOOLE & DISTRICT HOSPITAL,0,0,1612,0,0,0,0,0,13,0,0,0,0,0,0,0,0,0,,,,,,,2024-10-01,1612,13,,0
MSitAE-OCTOBER-2024,NTP11,NHS ENGLAND SOUTH EAST,PRACTICE PLUS GROUP HOSPITAL - SOUTHAMPTON,0,0,5533,0,0,0,0,0,126,0,0,0,0,0,0,0,0,0,,,,,,,2024-10-01,5533,126,,0
MSitAE-OCTOBER-2024,R0B,NHS ENGLAND NORTH EAST AND YORKSHIRE,SOUTH TYNESIDE AND SUNDERLAND NHS FOUNDATION TRUST,12481,1230,6020,553,0,1411,5966,44,284,274,0,59,925,2,4875,11,0,1509,,,,,,,2024-10-01,19731,6294,52.2,6395
MSitAE-OCTOBER-2024,R0D,NHS ENGLAND SOUTH WEST,UNIVERSITY HOSPITALS DORSET NHS FOUNDATION TRUST,13526,0,4825,0,0,0,5454,0,0,0,0,0,898,214,4188,4,0,2535,,,,,,,2024-10-01,18351,5454,59.7,6727
MSitAE-OCTOBER-2024,R1K,NHS ENGLAND LONDON,LONDON NORTH WEST UNIVERSITY HEALTHCARE NHS TRUST,13495,0,14954,0,0,0,7150,0,100,0,0,0,691,674,6502,0,0,293,,,,,,,2024-10-01,28449,7250,47.0,6795
MSitAE-OCTOBER-2024,RAE,NHS ENGLAND NORTH EAST AND YORKSHIRE,BRADFORD TEACHING HOSPITALS NHS FOUNDATION TRUST,9611,1056,3218,0,0,0,2598,0,0,0,0,0,754,62,2692,0,39,1456,,,,,,,2024-10-01,13885,2598,73.0,4187
MSitAE-OCTOBER-2024,RAJ,NHS ENGLAND EAST OF ENGLAND,MID AND SOUTH ESSEX NHS FOUNDATION TRUST,31183,0,5670,4,0,1,10649,0,274,3,0,0,3190,40,9034,0,228,1274,,,,,,,2024-10-01,36853,10923,65.8,10536
MSitAE-OCTOBER-2024,RAS,NHS ENGLAND LONDON,THE HILLINGDON HOSPITALS NHS FOUNDATION TRUST,6235,0,6588,0,0,0,3739,0,63,0,0,0,468,13,2080,0,0,100,,,,,,,2024-10-01,12823,3802,40.0,2180
MSitAE-OCTOBER-2024,RBK,NHS ENGLAND MIDLANDS,WALSALL HEALTHCARE NHS TRUST,10098,0,4486,23,0,151,3507,0,285,7,0,0,1168,100,4238,0,0,737,,,,,,,2024-10-01,14584,3792,65.3,4975
MSitAE-OCTOBER-2024,RBN,NHS ENGLAND NORTH WEST,MERSEY AND WEST LANCASHIRE TEACHING HOSPITALS NHS TRUST,17574,0,7443,449,0,0,6758,0,147,78,0,0,610,393,7520,0,7,720,,,,,,,2024-10-01,25017,6905,61.5,8247
MSitAE-OCTOBER-2024,RBS,NHS ENGLAND NORTH WEST,ALDER HEY CHILDREN'S NHS FOUNDATION TRUST,5891,0,0,0,0,0,1058,0,0,0,0,0,0,0,951,0,0,336,,,,,,,2024-10-01,5891,1058,82.0,1287
MSitAE-OCTOBER-2024,RCB,NHS ENGLAND NORTH EAST AND YORKSHIRE,YORK AND SCARBOROUGH TEACHING HOSPITALS NHS FOUNDATION TRUST,11390,397,6558,0,0,0,6641,0,240,0,0,0,969,785,4848,0,0,1624,,,,,,,2024-10-01,18345,6881,41.7,6472
MSitAE-OCTOBER-2024,RCF,NHS ENGLAND NORTH EAST AND YORKSHIRE,AIREDALE NHS FOUNDATION TRUST,6010,243,0,439,0,0,2557,0,0,0,0,0,509,212,1591,0,0,543,,,,,,,2024-10-01,6253,2557,57.5,2134
MSitAE-OCTOBER-2024,RCU,NHS ENGLAND NORTH EAST AND YORKSHIRE,SHEFFIELD CHILDREN'S NHS FOUNDATION TRUST,4852,0,334,353,0,34,420,0,0,31,0,0,7,0,1148,0,0,143,,,,,,,2024-10-01,5186,420,91.3,1291
MSitAE-OCTOBER-2024,RD8,NHS ENGLAND EAST OF ENGLAND,MILTON KEYNES UNIVERSITY HOSPITAL NHS FOUNDATION TRUST,8699,0,5036,532,0,179,3453,0,127,202,0,0,758,0,2139,0,0,469,,,,,,,2024-10-01,13735,3580,60.3,2608
MSitAE-OCTOBER-2024,REF,NHS ENGLAND SOUTH WEST,ROYAL CORNWALL HOSPITALS NHS TRUST,6319,0,11920,0,0,0,3890,0,855,0,0,0,565,689,2354,0,46,1313,,,,,,,2024-10-01,18239,4745,38.4,3713
MSitAE-OCTOBER-2024,REP,NHS ENGLAND NORTH WEST,LIVERPOOL WOMEN'S NHS FOUNDATION TRUST,0,1427,0,0,139,0,0,146,0,0,0,0,0,0,0,113,0,8,,,,,,,2024-10-01,1427,146,,121
MSitAE-OCTOBER-2024,RGT,NHS ENGLAND EAST OF ENGLAND,CAMBRIDGE UNIVERSITY HOSPITALS NHS FOUNDATION TRUST,11235,0,5746,229,0,280,5553,0,123,95,0,12,676,573,2846,0,20,406,,,,,,,2024-10-01,16981,5676,50.6,3272
MSitAE-OCTOBER-2024,RH8,NHS ENGLAND SOUTH WEST,ROYAL DEVON UNIVERSITY HEALTHCARE NHS FOUNDATION TRUST,12376,0,4635,1180,0,75,5046,0,5,409,0,0,1712,109,4090,0,0,2289,,,,,,,2024-10-01,17011,5051,59.2,6379
MSitAE-OCTOBER-2024,RJE,NHS ENGLAND MIDLANDS,UNIVERSITY HOSPITALS OF NORTH MIDLANDS NHS TRUST,13787,540,8450,755,0,547,7662,0,83,381,0,22,998,1126,5134,0,0,3897,,,,,,,2024-10-01,22777,7745,44.4,9031
MSitAE-OCTOBER-2024,RK9,NHS ENGLAND SOUTH WEST,UNIVERSITY HOSPITALS PLYMOUTH NHS TRUST,9604,154,5208,0,0,0,4906,0,106,0,0,0,577,718,2947,0,0,1484,,,,,,,2024-10-01,14966,5012,48.9,4431
MSitAE-OCTOBER-2024,RKB,NHS ENGLAND MIDLANDS,UNIVERSITY HOSPITALS COVENTRY AND WARWICKSHIRE NHS TRUST,12224,837,6415,0,0,0,5748,157,229,0,0,0,102,39,1854,33,120,586,,,,,,,2024-10-01,19476,6134,53.0,2593
MSitAE-OCTOBER-2024,RL4,NHS ENGLAND MIDLANDS,THE ROYAL WOLVERHAMPTON NHS TRUST,13180,0,8034,105,0,774,4103,0,84,18,0,0,984,553,5950,0,0,957,,,,,,,2024-10-01,21214,4187,68.9,6907
MSitAE-OCTOBER-2024,RMP,NHS ENGLAND NORTH WEST,TAMESIDE AND GLOSSOP INTEGRATED CARE NHS FOUNDATION TRUST,9228,0,2817,422,0,346,4461,0,0,0,0,0,582,475,1905,0,0,339,,,,,,,2024-10-01,12045,4461,51.7,2244
MSitAE-OCTOBER-2024,RN7,NHS ENGLAND SOUTH EAST,DARTFORD AND GRAVESHAM NHS TRUST,11331,0,3867,0,0,0,3976,0,18,0,0,0,678,168,3152,0,0,433,,,,,,,2024-10-01,15198,3994,64.9,3585
MSitAE-OCTOBER-2024,RNN,NHS ENGLAND NORTH EAST AND YORKSHIRE,NORTH CUMBRIA INTEGRATED CARE NHS FOUNDATION TRUST,9056,0,1685,317,0,26,4164,0,46,77,0,0,776,725,2430,0,0,776,,,,,,,2024-10-01,10741,4210,54.0,3206
MSitAE-OCTOBER-2024,RNU,NHS ENGLAND SOUTH EAST,OXFORD HEALTH NHS FOUNDATION TRUST,0,0,4116,0,0,0,0,0,449,0,0,0,0,0,0,0,0,0,,,,,,,2024-10-01,4116,449,,0
MSitAE-OCTOBER-2024,RNZ,NHS ENGLAND SOUTH WEST,SALISBURY NHS FOUNDATION TRUST,4690,376,1679,134,0,0,2061,0,0,61,0,0,483,3,1412,0,0,1040,,,,,,,2024-10-01,6745,2061,56.1,2452
MSitAE-OCTOBER-2024,RRK,NHS ENGLAND MIDLANDS,UNIVERSITY HOSPITALS BIRMINGHAM NHS FOUNDATION TRUST,35181,336,1655,14,0,218,13653,0,18,5,0,5,2234,2232,11498,0,0,7137,,,,,,,2024-10-01,37172,13671,61.2,18635
MSitAE-OCTOBER-2024,RTG,NHS ENGLAND MIDLANDS,UNIVERSITY HOSPITALS OF DERBY AND BURTON NHS FOUNDATION TRUST,20565,0,9671,1830,0,32,9532,0,1,437,0,0,970,1095,4166,0,1,2043,,,,,,,2024-10-01,30236,9533,53.6,6210
MSitAE-OCTOBER-2024,RTK,NHS ENGLAND SOUTH EAST,ASHFORD AND ST PETER'S HOSPITALS NHS FOUNDATION TRUST,10318,0,0,0,0,0,3390,0,0,0,0,0,465,385,2878,0,0,584,,,,,,,2024-10-01,10318,3390,67.1,3462
MSitAE-OCTOBER-2024,RVW,NHS ENGLAND NORTH EAST AND YORKSHIRE,NORTH TEES AND HARTLEPOOL NHS FOUNDATION TRUST,4918,0,11890,0,0,0,2682,0,39,0,0,0,228,3,1760,0,543,2470,,,,,,,2024-10-01,16808,2721,45.5,4773
MSitAE-OCTOBER-2024,RWA,NHS ENGLAND NORTH EAST AND YORKSHIRE,HULL UNIVERSITY TEACHING HOSPITALS NHS TRUST,9919,0,4728,0,0,0,5907,0,107,0,0,0,963,575,3652,0,0,2344,,,,,,,2024-10-01,14647,6014,40.4,5996
MSitAE-OCTOBER-2024,RWE,NHS ENGLAND MIDLANDS,UNIVERSITY HOSPITALS OF LEICESTER NHS TRUST,22203,1913,0,0,0,0,9625,174,0,0,0,0,1490,1105,6432,2,0,3643,,,,,,,2024-10-01,24116,9799,56.7,10077
MSitAE-OCTOBER-2024,RXC,NHS ENGLAND SOUTH EAST,EAST SUSSEX HEALTHCARE NHS TRUST,8782,0,2483,1446,0,1457,4124,0,61,0,0,0,236,71,3450,0,0,475,,,,,,,2024-10-01,11265,4185,53.0,3925
MSitAE-OCTOBER-2024,RXK,NHS ENGLAND MIDLANDS,SANDWELL AND WEST BIRMINGHAM HOSPITALS NHS TRUST,13983,1112,8755,862,0,0,6437,159,257,0,0,0,887,185,2773,33,0,566,,,,,,,2024-10-01,23850,6853,54.0,3372
MSitAE-OCTOBER-2024,RXR,NHS ENGLAND NORTH WEST,EAST LANCASHIRE HOSPITALS NHS TRUST,13289,0,10241,0,0,0,4885,0,577,0,0,0,476,1119,4103,0,69,1632,,,,,,,2024-10-01,23530,5462,63.2,5804
MSitAE-OCTOBER-2024,RY2,NHS ENGLAND NORTH WEST,BRIDGEWATER COMMUNITY HEALTHCARE NHS FOUNDATION TRUST,0,0,3175,0,0,172,0,0,48,0,0,0,0,0,0,0,0,0,,,,,,,2024-10-01,3175,48,,0
MSitAE-OCTOBER-2024,RY4,NHS ENGLAND EAST OF ENGLAND,HERTFORDSHIRE COMMUNITY NHS TRUST,0,0,1192,0,0,0,0,0,45,0,0,0,0,0,0,0,0,0,,,,,,,2024-10-01,1192,45,,0
MSitAE-OCTOBER-2024,RYG,NHS ENGLAND MIDLANDS,COVENTRY AND WARWICKSHIRE PARTNERSHIP NHS TRUST,0,0,0,0,0,0,0,0,0,0,0,0,0,0,0,0,8,85,,,,,,,2024-10-01,0,0,,93
MSitAE-OCTOBER-2024,RYR,NHS ENGLAND SOUTH EAST,UNIVERSITY HOSPITALS SUSSEX NHS FOUNDATION TRUST,22675,1532,5384,1305,0,1062,9442,34,445,420,0,28,1479,1413,8823,31,48,1478,,,,,,,2024-10-01,29591,9921,58.4,10380
MSitAE-OCTOBER-2024,Y02147,NHS ENGLAND LONDON,URGENT CARE CENTRE (QMS),0,0,7773,0,0,481,0,0,199,0,0,7,0,0,0,0,0,0,,,,,,,2024-10-01,7773,199,,0
MSitAE-OCTOBER-2024,AJN,NHS ENGLAND NORTH EAST AND YORKSHIRE,WORKINGTON HEALTH LIMITED,0,0,352,0,0,0,0,0,0,0,0,0,0,0,0,0,0,0,,,,,,,2024-10-01,352,0,,0
MSitAE-OCTOBER-2024,R1F,NHS ENGLAND SOUTH EAST,ISLE OF WIGHT NHS TRUST,4072,291,1357,20,0,14,1920,0,0,6,0,0,263,121,985,0,0,318,,,,,,,2024-10-01,5720,1920,52.8,1303
MSitAE-OCTOBER-2024,RA2,NHS ENGLAND SOUTH EAST,ROYAL SURREY COUNTY HOSPITAL NHS FOUNDATION TRUST,6970,0,1411,771,0,7,2175,0,0,189,0,0,378,30,2445,0,0,1104,,,,,,,2024-10-01,8381,2175,68.8,3549
MSitAE-OCTOBER-2024,RC9,NHS ENGLAND EAST OF ENGLAND,BEDFORDSHIRE HOSPITALS NHS FOUNDATION TRUST,16766,0,8207,0,0,865,6847,0,0,0,0,0,81,49,4735,0,0,2331,,,,,,,2024-10-01,24973,6847,59.2,7066
MSitAE-OCTOBER-2024,RD1,NHS ENGLAND SOUTH WEST,ROYAL UNITED HOSPITALS BATH NHS FOUNDATION TRUST,8824,0,0,0,0,0,3593,0,0,0,0,0,742,123,2539,0,12,1668,,,,,,,2024-10-01,8824,3593,59.3,4219
MSitAE-OCTOBER-2024,RDE,NHS ENGLAND EAST OF ENGLAND,EAST SUFFOLK AND NORTH ESSEX NHS FOUNDATION TRUST,14759,0,12190,830,0,276,7564,0,282,0,0,0,1263,541,6386,0,386,1167,,,,,,,2024-10-01,26949,7846,48.7,7939
MSitAE-OCTOBER-2024,RDR,NHS ENGLAND SOUTH EAST,SUSSEX COMMUNITY NHS FOUNDATION TRUST,0,0,11958,0,0,0,0,0,86,0,0,0,0,0,0,0,0,0,,,,,,,2024-10-01,11958,86,,0
MSitAE-OCTOBER-2024,RFS,NHS ENGLAND MIDLANDS,CHESTERFIELD ROYAL HOSPITAL NHS FOUNDATION TRUST,7336,0,6024,248,0,127,4047,0,307,117,0,11,1195,213,2948,0,266,681,,,,,,,2024-10-01,13360,4354,44.8,3895
MSitAE-OCTOBER-2024,RHQ,NHS ENGLAND NORTH EAST AND YORKSHIRE,SHEFFIELD TEACHING HOSPITALS NHS FOUNDATION TRUST,9401,1200,7950,373,2,992,5243,0,193,186,0,28,1514,18,3820,0,0,3123,,,,,,,2024-10-01,18551,5436,44.2,6943
MSitAE-OCTOBER-2024,RJ1,NHS ENGLAND LONDON,GUY'S AND ST THOMAS' NHS FOUNDATION TRUST,10724,763,7247,0,0,0,4889,67,353,0,0,0,189,76,2185,0,0,288,,,,,,,2024-10-01,18734,5309,54.4,2473
MSitAE-OCTOBER-2024,RJZ,NHS ENGLAND LONDON,KING'S COLLEGE HOSPITAL NHS FOUNDATION TRUST,15923,0,8840,60,0,1252,7443,0,542,19,0,1,1818,828,4072,0,0,311,,,,,,,2024-10-01,24763,7985,53.3,4383
MSitAE-OCTOBER-2024,RKE,NHS ENGLAND LONDON,WHITTINGTON HEALTH NHS TRUST,9209,0,0,0,0,0,2424,0,0,0,0,0,237,331,1357,0,0,50,,,,,,,2024-10-01,9209,2424,73.7,1407
MSitAE-OCTOBER-2024,RLT,NHS ENGLAND MIDLANDS,GEORGE ELIOT HOSPITAL NHS TRUST,6953,0,1734,0,0,0,2358,0,29,0,0,0,523,380,1151,0,0,39,,,,,,,2024-10-01,8687,2387,66.1,1190
MSitAE-OCTOBER-2024,RN5,NHS ENGLAND SOUTH EAST,HAMPSHIRE HOSPITALS NHS FOUNDATION TRUST,13049,65,604,0,0,153,5325,0,0,0,0,0,241,23,4536,6,0,1205,,,,,,,2024-10-01,13718,5325,59.2,5747
MSitAE-OCTOBER-2024,RNA,NHS ENGLAND MIDLANDS,THE DUDLEY GROUP NHS FOUNDATION TRUST,10125,0,4534,0,0,741,2666,0,116,0,0,0,2207,70,3683,0,0,2575,,,,,,,2024-10-01,14659,2782,73.7,6258
MSitAE-OCTOBER-2024,RP5,NHS ENGLAND NORTH EAST AND YORKSHIRE,DONCASTER AND BASSETLAW TEACHING HOSPITALS NHS FOUNDATION TRUST,13574,0,4089,0,0,0,5246,0,2,0,0,0,1059,271,4266,0,519,1213,,,,,,,2024-10-01,17663,5248,61.4,5998
MSitAE-OCTOBER-2024,RPA,NHS ENGLAND SOUTH EAST,MEDWAY NHS FOUNDATION TRUST,9262,0,6334,351,0,910,3029,0,469,68,0,0,338,693,1830,0,0,622,,,,,,,2024-10-01,15596,3498,67.3,2452
MSitAE-OCTOBER-2024,RQM,NHS ENGLAND LONDON,CHELSEA AND WESTMINSTER HOSPITAL NHS FOUNDATION TRUST,19934,0,6442,580,0,0,6299,0,76,0,0,0,1181,72,2850,0,0,397,,,,,,,2024-10-01,26376,6375,68.4,3247
MSitAE-OCTOBER-2024,RRF,NHS ENGLAND NORTH WEST,"WRIGHTINGTON, WIGAN AND LEIGH NHS FOUNDATION TRUST",7459,0,5095,0,0,0,3748,0,39,0,0,0,1249,429,2418,0,0,808,,,,,,,2024-10-01,12554,3787,49.8,3226
MSitAE-OCTOBER-2024,RTD,NHS ENGLAND NORTH EAST AND YORKSHIRE,THE NEWCASTLE UPON TYNE HOSPITALS NHS FOUNDATION TRUST,13523,1725,5578,0,0,1010,5402,157,0,0,0,0,709,31,3487,12,0,2912,,,,,,,2024-10-01,20826,5559,60.1,6411
MSitAE-OCTOBER-2024,RTE,NHS ENGLAND SOUTH WEST,GLOUCESTERSHIRE HOSPITALS NHS FOUNDATION TRUST,13122,0,0,207,0,0,5153,0,0,54,0,0,385,597,2666,0,0,2307,,,,,,,2024-10-01,13122,5153,60.7,4973
MSitAE-OCTOBER-2024,RTR,NHS ENGLAND NORTH EAST AND YORKSHIRE,SOUTH TEES HOSPITALS NHS FOUNDATION TRUST,7962,0,9112,0,0,1695,4212,0,667,0,0,97,458,33,2977,0,131,2520,,,,,,,2024-10-01,17074,4879,47.1,5628
MSitAE-OCTOBER-2024,RVJ,NHS ENGLAND SOUTH WEST,NORTH BRISTOL NHS TRUST,9291,0,0,26,0,0,3842,0,0,6,0,0,626,419,3223,0,0,2096,,,,,,,2024-10-01,9291,3842,58.6,5319
MSitAE-OCTOBER-2024,RVR,NHS ENGLAND LONDON,EPSOM AND ST HELIER UNIVERSITY HOSPITALS NHS TRUST,11283,347,1356,318,1,15,3233,0,105,29,0,0,299,659,1935,3,0,140,,,,,,,2024-10-01,12986,3338,71.3,2078
MSitAE-OCTOBER-2024,RVV,NHS ENGLAND SOUTH EAST,EAST KENT HOSPITALS UNIVERSITY NHS FOUNDATION TRUST,13636,0,12703,0,0,0,6263,0,468,0,0,0,531,1171,3156,0,545,540,,,,,,,2024-10-01,26339,6731,54.1,4241
MSitAE-OCTOBER-2024,RWD,NHS ENGLAND MIDLANDS,UNITED LINCOLNSHIRE HOSPITALS NHS TRUST,10357,0,9820,0,0,0,6293,0,1247,0,0,0,1023,1171,4476,0,0,1081,,,,,,,2024-10-01,20177,7540,39.2,5557
MSitAE-OCTOBER-2024,RWH,NHS ENGLAND EAST OF ENGLAND,EAST AND NORTH HERTFORDSHIRE NHS TRUST,9362,0,7726,0,0,0,5240,0,148,0,0,0,234,107,3491,0,76,291,,,,,,,2024-10-01,17088,5388,44.0,3858
MSitAE-OCTOBER-2024,RWJ,NHS ENGLAND NORTH WEST,STOCKPORT NHS FOUNDATION TRUST,7968,0,1044,230,0,43,3404,0,35,88,0,4,820,299,2854,0,61,879,,,,,,,2024-10-01,9012,3439,57.3,3794
MSitAE-OCTOBER-2024,RX1,NHS ENGLAND MIDLANDS,NOTTINGHAM UNIVERSITY HOSPITALS NHS TRUST,16524,1792,320,117,0,0,9039,238,18,54,0,0,606,481,4594,0,0,4607,,,,,,,2024-10-01,18636,9295,45.3,9201
MSitAE-OCTOBER-2024,RXN,NHS ENGLAND NORTH WEST,LANCASHIRE TEACHING HOSPITALS NHS FOUNDATION TRUST,12022,0,3620,254,0,90,4652,0,101,42,0,0,1108,409,3238,0,90,1329,,,,,,,2024-10-01,15642,4753,61.3,4657
MSitAE-OCTOBER-2024,RXP,NHS ENGLAND NORTH EAST AND YORKSHIRE,COUNTY DURHAM AND DARLINGTON NHS FOUNDATION TRUST,13500,0,4332,0,0,7236,5377,0,0,0,0,0,2186,23,4380,0,0,776,,,,,,,2024-10-01,17832,5377,60.2,5156
MSitAE-OCTOBER-2024,RYY,NHS ENGLAND SOUTH EAST,KENT COMMUNITY HEALTH NHS FOUNDATION TRUST,0,0,15413,0,0,0,0,0,61,0,0,0,0,0,0,0,0,0,,,,,,,2024-10-01,15413,61,,0
MSitAE-OCTOBER-2024,Y02676,NHS ENGLAND SOUTH EAST,BRIGHTON STATION HEALTH CENTRE,0,0,1902,0,0,0,0,0,0,0,0,0,0,0,0,0,0,0,,,,,,,2024-10-01,1902,0,,0
MSitAE-OCTOBER-2024,R1D,NHS ENGLAND MIDLANDS,SHROPSHIRE COMMUNITY HEALTH NHS TRUST,0,0,3110,0,0,0,0,0,12,0,0,0,0,0,0,0,0,0,,,,,,,2024-10-01,3110,12,,0
MSitAE-OCTOBER-2024,R1H,NHS ENGLAND LONDON,BARTS HEALTH NHS TRUST,25988,975,17703,0,0,0,11891,45,1311,0,0,0,1195,1199,4595,1,48,1169,,,,,,,2024-10-01,44666,13247,54.2,5813
MSitAE-OCTOBER-2024,RAP,NHS ENGLAND LONDON,NORTH MIDDLESEX UNIVERSITY HOSPITAL NHS TRUST,8680,489,6834,73,0,110,4763,11,622,33,0,10,285,848,1507,0,157,77,,,,,,,2024-10-01,16003,5396,45.1,1741
MSitAE-OCTOBER-2024,RBV,NHS ENGLAND NORTH WEST,THE CHRISTIE NHS FOUNDATION TRUST,0,0,0,0,0,0,0,0,0,0,0,0,0,0,0,0,0,745,,,,,,,2024-10-01,0,0,,745
MSitAE-OCTOBER-2024,RET,NHS ENGLAND NORTH WEST,THE WALTON CENTRE NHS FOUNDATION TRUST,0,0,0,0,0,0,0,0,0,0,0,0,0,0,0,0,0,185,,,,,,,2024-10-01,0,0,,185
MSitAE-OCTOBER-2024,RF4,NHS ENGLAND LONDON,"BARKING, HAVERING AND REDBRIDGE UNIVERSITY HOSPITALS NHS TRUST",13771,2423,13337,0,0,0,6197,322,153,0,0,0,759,753,8228,0,0,380,,,,,,,2024-10-01,29531,6672,55.0,8608
MSitAE-OCTOBER-2024,RHU,NHS ENGLAND SOUTH EAST,PORTSMOUTH HOSPITALS UNIVERSITY NATIONAL HEALTH SERVICE TRUST,10460,830,3080,1196,0,709,6042,9,95,0,0,0,1594,131,3495,0,0,2617,,,,,,,2024-10-01,14370,6146,42.2,6112
MSitAE-OCTOBER-2024,RJ2,NHS ENGLAND LONDON,LEWISHAM AND GREENWICH NHS TRUST,14416,0,10995,0,0,0,7615,0,1508,0,0,0,1215,802,4024,0,0,1474,,,,,,,2024-10-01,25411,9123,47.2,5498
MSitAE-OCTOBER-2024,RM1,NHS ENGLAND EAST OF ENGLAND,NORFOLK AND NORWICH UNIVERSITY HOSPITALS NHS FOUNDATION TRUST,12575,0,8499,0,0,0,4452,0,2,0,0,0,1093,306,2703,0,0,1764,,,,,,,2024-10-01,21074,4454,64.6,4467
MSitAE-OCTOBER-2024,RR8,NHS ENGLAND NORTH EAST AND YORKSHIRE,LEEDS TEACHING HOSPITALS NHS TRUST,18217,710,12262,34,0,57,8009,0,113,8,0,0,1783,461,3899,0,0,1319,,,,,,,2024-10-01,31189,8122,56.0,5218
MSitAE-OCTOBER-2024,RTF,NHS ENGLAND NORTH EAST AND YORKSHIRE,NORTHUMBRIA HEALTHCARE NHS FOUNDATION TRUST,10277,0,12309,0,0,0,3054,0,4,0,0,0,113,1,4054,0,50,457,,,,,,,2024-10-01,22586,3058,70.3,4561
MSitAE-OCTOBER-2024,RWX,NHS ENGLAND SOUTH EAST,BERKSHIRE HEALTHCARE NHS FOUNDATION TRUST,0,0,1470,0,0,0,0,0,14,0,0,0,0,0,0,0,28,0,,,,,,,2024-10-01,1470,14,,28
MSitAE-OCTOBER-2024,RXF,NHS ENGLAND NORTH EAST AND YORKSHIRE,MID YORKSHIRE TEACHING NHS TRUST,16821,162,6154,124,0,91,7417,0,466,2,0,2,2491,205,3833,0,166,891,,,,,,,2024-10-01,23137,7883,55.9,4890
MSitAE-OCTOBER-2024,RYJ,NHS ENGLAND LONDON,IMPERIAL COLLEGE HEALTHCARE NHS TRUST,12400,3848,7519,0,0,484,5086,21,545,0,0,0,655,461,4108,1,0,1235,,,,,,,2024-10-01,23767,5652,59.0,5344
MSitAE-OCTOBER-2024,RGN,NHS ENGLAND EAST OF ENGLAND,NORTH WEST ANGLIA NHS FOUNDATION TRUST,14981,0,4400,316,0,448,6417,0,208,71,0,6,516,847,3826,0,36,1517,,,,,,,2024-10-01,19381,6625,57.2,5379
MSitAE-OCTOBER-2024,RK5,NHS ENGLAND MIDLANDS,SHERWOOD FOREST HOSPITALS NHS FOUNDATION TRUST,10856,0,5622,339,0,151,4824,0,256,152,0,1,812,150,3933,0,0,251,,,,,,,2024-10-01,16478,5080,55.6,4184
MSitAE-OCTOBER-2024,RYX,NHS ENGLAND LONDON,CENTRAL LONDON COMMUNITY HEALTHCARE NHS TRUST,0,0,11907,0,0,464,0,0,323,0,0,13,0,0,0,0,0,0,,,,,,,2024-10-01,11907,323,,0
MSitAE-OCTOBER-2024,RH5,NHS ENGLAND SOUTH WEST,SOMERSET NHS FOUNDATION TRUST,13140,0,9517,0,0,0,5631,0,236,0,0,0,491,78,3303,0,0,2173,,,,,,,2024-10-01,22657,5867,57.1,5476
MSitAE-OCTOBER-2024,RHW,NHS ENGLAND SOUTH EAST,ROYAL BERKSHIRE NHS FOUNDATION TRUST,11638,2479,1390,975,24,0,4294,21,0,271,0,0,539,0,2340,0,0,404,,,,,,,2024-10-01,15507,4315,63.1,2744
MSitAE-OCTOBER-2024,RN3,NHS ENGLAND SOUTH WEST,GREAT WESTERN HOSPITALS NHS FOUNDATION TRUST,5742,0,5558,0,0,0,2707,0,393,0,0,0,683,268,2574,0,0,1407,,,,,,,2024-10-01,11300,3100,52.9,3981
MSitAE-OCTOBER-2024,RNS,NHS ENGLAND MIDLANDS,NORTHAMPTON GENERAL HOSPITAL NHS TRUST,10232,541,2347,1714,0,81,3859,6,115,527,0,5,462,804,2053,0,0,1304,,,,,,,2024-10-01,13120,3980,62.3,3357
MSitAE-OCTOBER-2024,RAL,NHS ENGLAND LONDON,ROYAL FREE LONDON NHS FOUNDATION TRUST,17893,0,8899,0,0,0,6677,0,119,0,0,0,1116,835,4011,0,0,597,,,,,,,2024-10-01,26792,6796,62.7,4608
MSitAE-OCTOBER-2024,RBL,NHS ENGLAND NORTH WEST,WIRRAL UNIVERSITY TEACHING HOSPITAL NHS FOUNDATION TRUST,8011,0,3133,0,0,224,4446,0,13,0,0,2,471,878,2161,0,0,1920,,,,,,,2024-10-01,11144,4459,44.5,4081
MSitAE-OCTOBER-2024,RJC,NHS ENGLAND MIDLANDS,SOUTH WARWICKSHIRE UNIVERSITY NHS FOUNDATION TRUST,8720,0,442,0,0,0,3373,0,0,0,0,0,441,1,2487,0,0,926,,,,,,,2024-10-01,9162,3373,61.3,3413
MSitAE-OCTOBER-2024,RM3,NHS ENGLAND NORTH WEST,NORTHERN CARE ALLIANCE NHS FOUNDATION TRUST,26692,0,9335,0,0,0,11798,0,437,0,0,0,1260,1316,7515,0,379,2027,,,,,,,2024-10-01,36027,12235,55.8,9921
MSitAE-OCTOBER-2024,RTH,NHS ENGLAND SOUTH EAST,OXFORD UNIVERSITY HOSPITALS NHS FOUNDATION TRUST,12988,1830,2419,1789,0,132,5258,0,3,671,0,2,947,0,4821,117,9,4774,,,,,,,2024-10-01,17237,5261,59.5,9721
MSitAE-OCTOBER-2024,RWW,NHS ENGLAND NORTH WEST,WARRINGTON AND HALTON TEACHING HOSPITALS NHS FOUNDATION TRUST,7216,0,3065,252,0,116,3728,0,93,86,0,4,676,843,1808,0,0,175,,,,,,,2024-10-01,10281,3821,48.3,1983
MSitAE-OCTOBER-2024,NQT51,NHS ENGLAND SOUTH EAST,STATION PLAZA HEALTH CENTRE,0,0,1138,0,0,0,0,0,0,0,0,0,0,0,0,0,0,0,,,,,,,2024-10-01,1138,0,,0
MSitAE-OCTOBER-2024,RJ7,NHS ENGLAND LONDON,ST GEORGE'S UNIVERSITY HOSPITALS NHS FOUNDATION TRUST,9297,0,3353,554,0,0,2771,0,4,86,0,0,635,798,2685,0,0,777,,,,,,,2024-10-01,12650,2775,70.2,3462
MSitAE-OCTOBER-2024,RBD,NHS ENGLAND SOUTH WEST,DORSET COUNTY HOSPITAL NHS FOUNDATION TRUST,4194,0,0,384,0,4079,1726,0,0,88,0,2,213,41,1880,0,0,506,,,,,,,2024-10-01,4194,1726,58.8,2386
MSitAE-OCTOBER-2024,RMC,NHS ENGLAND NORTH WEST,BOLTON NHS FOUNDATION TRUST,8453,0,3584,86,0,61,4365,0,180,41,0,4,505,675,2380,0,113,886,,,,,,,2024-10-01,12037,4545,48.4,3379
MSitAE-OCTOBER-2024,NNJ07,NHS ENGLAND MIDLANDS,LOUGHBOROUGH URGENT CARE CENTRE,0,0,6146,0,0,610,0,0,30,0,0,0,0,0,0,0,0,0,,,,,,,2024-10-01,6146,30,,0
MSitAE-OCTOBER-2024,RXL,NHS ENGLAND NORTH WEST,BLACKPOOL TEACHING HOSPITALS NHS FOUNDATION TRUST,8970,0,10528,332,0,305,4194,0,90,113,0,0,379,805,2583,0,0,1587,,,,,,,2024-10-01,19498,4284,53.2,4170
MSitAE-OCTOBER-2024,AD913,NHS ENGLAND LONDON,BECKENHAM BEACON UCC,0,0,3624,0,0,307,0,0,26,0,0,0,0,0,0,0,0,0,,,,,,,2024-10-01,3624,26,,0
MSitAE-SEPTEMBER-2024,C83023,NHS ENGLAND MIDLANDS,SLEAFORD MEDICAL GROUP,0,0,402,0,0,0,0,0,0,0,0,0,0,0,0,0,0,0,,,,,,,2024-09-01,402,0,,0
MSitAE-SEPTEMBER-2024,RW1,NHS ENGLAND SOUTH EAST,SOUTHERN HEALTH NHS FOUNDATION TRUST,0,0,2834,0,0,0,0,0,50,0,0,0,0,0,0,0,0,114,,,,,,,2024-09-01,2834,50,,114
MSitAE-SEPTEMBER-2024,Y00751,NHS ENGLAND SOUTH EAST,EAST BERKS PRIMARY CARE OOH(WAM),0,0,0,0,0,0,0,0,0,0,0,0,0,0,0,0,0,0,,,,,,,2024-09-01,0,0,,0
MSitAE-SEPTEMBER-2024,Y02615,NHS ENGLAND MIDLANDS,SOUTH BIRMINGHAM GP WALK IN CENTRE,0,0,6285,0,0,0,0,0,0,0,0,0,0,0,0,0,0,0,,,,,,,2024-09-01,6285,0,,0
MSitAE-SEPTEMBER-2024,AAH,NHS ENGLAND SOUTH WEST,TETBURY HOSPITAL TRUST LTD,0,0,515,0,0,0,0,0,0,0,0,0,0,0,0,0,0,0,,,,,,,2024-09-01,515,0,,0
MSitAE-SEPTEMBER-2024,ACH01,NHS ENGLAND SOUTH EAST,WHITSTABLE MEDICAL PRACTICE,0,0,5599,0,0,0,0,0,0,0,0,0,0,0,0,0,0,0,,,,,,,2024-09-01,5599,0,,0
MSitAE-SEPTEMBER-2024,C82009,NHS ENGLAND MIDLANDS,MARKET HARBOROUGH MED.CTR,0,0,319,0,0,0,0,0,0,0,0,0,0,0,0,0,0,0,,,,,,,2024-09-01,319,0,,0
MSitAE-SEPTEMBER-2024,C82038,NHS ENGLAND MIDLANDS,LATHAM HOUSE MEDICAL PRACTICE,0,0,322,0,0,0,0,0,0,0,0,0,0,0,0,0,0,0,,,,,,,2024-09-01,322,0,,0
MSitAE-SEPTEMBER-2024,G0Q0L,NHS ENGLAND LONDON,BARKING HOSPITAL UTC,0,0,2605,0,0,0,0,0,14,0,0,0,0,0,0,0,0,0,,,,,,,2024-09-01,2605,14,,0
MSitAE-SEPTEMBER-2024,K6K0R,NHS ENGLAND LONDON,HAROLD WOOD POLYCLINIC UTC,0,0,2638,0,0,0,0,0,6,0,0,0,0,0,0,0,0,0,,,,,,,2024-09-01,2638,6,,0
MSitAE-SEPTEMBER-2024,NQT51,NHS ENGLAND SOUTH EAST,STATION PLAZA HEALTH CENTRE,0,0,1005,0,0,0,0,0,0,0,0,0,0,0,0,0,0,0,,,,,,,2024-09-01,1005,0,,0
MSitAE-SEPTEMBER-2024,NQT5F,NHS ENGLAND NORTH WEST,SKELMERSDALE WALK IN CENTRE,0,0,1749,0,0,0,0,0,27,0,0,0,0,0,0,0,0,0,,,,,,,2024-09-01,1749,27,,0
MSitAE-SEPTEMBER-2024,NQT5H,NHS ENGLAND SOUTH WEST,PAULTON MEMORIAL HOSPITAL,0,0,1011,0,0,0,0,0,4,0,0,0,0,0,0,0,0,0,,,,,,,2024-09-01,1011,4,,0
MSitAE-SEPTEMBER-2024,NTP11,NHS ENGLAND SOUTH EAST,PRACTICE PLUS GROUP HOSPITAL - SOUTHAMPTON,0,0,5011,0,0,0,0,0,89,0,0,0,0,0,0,0,0,0,,,,,,,2024-09-01,5011,89,,0
MSitAE-SEPTEMBER-2024,NTV0B,NHS ENGLAND SOUTH EAST,ASHFORD WALK-IN-CENTRE,0,0,2297,0,0,0,0,0,38,0,0,0,0,0,0,0,0,0,,,,,,,2024-09-01,2297,38,,0
MSitAE-SEPTEMBER-2024,NTV0W,NHS ENGLAND SOUTH EAST,WOKING WALK IN CENTRE,0,0,2304,0,0,0,0,0,38,0,0,0,0,0,0,0,0,0,,,,,,,2024-09-01,2304,38,,0
MSitAE-SEPTEMBER-2024,RGP,NHS ENGLAND EAST OF ENGLAND,JAMES PAGET UNIVERSITY HOSPITALS NHS FOUNDATION TRUST,7222,0,1456,0,0,0,3015,0,0,0,0,0,543,293,1554,0,0,427,,,,,,,2024-09-01,8678,3015,58.3,1981
MSitAE-SEPTEMBER-2024,RJ8,NHS ENGLAND SOUTH WEST,CORNWALL PARTNERSHIP NHS FOUNDATION TRUST,0,0,0,0,0,0,0,0,0,0,0,0,0,0,0,0,9,57,,,,,,,2024-09-01,0,0,,66
MSitAE-SEPTEMBER-2024,RWY,NHS ENGLAND NORTH EAST AND YORKSHIRE,CALDERDALE AND HUDDERSFIELD NHS FOUNDATION TRUST,14877,0,0,0,0,0,4629,0,0,0,0,0,1150,4,3005,0,0,343,,,,,,,2024-09-01,14877,4629,68.9,3348
MSitAE-SEPTEMBER-2024,RXL,NHS ENGLAND NORTH WEST,BLACKPOOL TEACHING HOSPITALS NHS FOUNDATION TRUST,8420,0,9821,286,0,238,3917,0,59,100,0,0,362,721,2461,0,0,1367,,,,,,,2024-09-01,18241,3976,53.5,3828
MSitAE-SEPTEMBER-2024,RY7,NHS ENGLAND NORTH WEST,WIRRAL COMMUNITY HEALTH AND CARE NHS FOUNDATION TRUST,0,0,4248,0,0,0,0,0,100,0,0,0,0,0,0,0,0,0,,,,,,,2024-09-01,4248,100,,0
MSitAE-SEPTEMBER-2024,Y02532,NHS ENGLAND NORTH WEST,MIRIAM MINOR EMERGENCY,0,0,1522,0,0,0,0,0,0,0,0,0,0,0,0,0,0,0,,,,,,,2024-09-01,1522,0,,0
MSitAE-SEPTEMBER-2024,Y02676,NHS ENGLAND SOUTH EAST,BRIGHTON STATION HEALTH CENTRE,0,0,1700,0,0,0,0,0,0,0,0,0,0,0,0,0,0,0,,,,,,,2024-09-01,1700,0,,0
MSitAE-SEPTEMBER-2024,NL7,NHS ENGLAND MIDLANDS,ASSURA VERTIS URGENT CARE CENTRES (BIRMINGHAM),0,0,3499,0,0,0,0,0,0,0,0,0,0,0,0,0,0,0,,,,,,,2024-09-01,3499,0,,0
MSitAE-SEPTEMBER-2024,NQTE4,NHS ENGLAND MIDLANDS,SUMMERFIELD URGENT CARE CENTRE,0,0,3003,0,0,0,0,0,0,0,0,0,0,0,0,0,0,0,,,,,,,2024-09-01,3003,0,,0
MSitAE-SEPTEMBER-2024,RA9,NHS ENGLAND SOUTH WEST,TORBAY AND SOUTH DEVON NHS FOUNDATION TRUST,6235,0,3242,375,0,127,3248,0,22,180,0,0,363,82,2083,0,0,1131,,,,,,,2024-09-01,9477,3270,47.9,3214
MSitAE-SEPTEMBER-2024,RBQ,NHS ENGLAND NORTH WEST,LIVERPOOL HEART AND CHEST HOSPITAL NHS FOUNDATION TRUST,0,0,0,0,0,0,0,0,0,0,0,0,0,0,0,0,0,179,,,,,,,2024-09-01,0,0,,179
MSitAE-SEPTEMBER-2024,RDY,NHS ENGLAND SOUTH WEST,DORSET HEALTHCARE UNIVERSITY NHS FOUNDATION TRUST,0,0,0,0,0,0,0,0,0,0,0,0,0,0,0,0,2,2,,,,,,,2024-09-01,0,0,,4
MSitAE-SEPTEMBER-2024,RTP,NHS ENGLAND SOUTH EAST,SURREY AND SUSSEX HEALTHCARE NHS TRUST,10289,0,0,0,0,0,3736,0,0,0,0,0,495,674,3107,0,0,839,,,,,,,2024-09-01,10289,3736,63.7,3946
MSitAE-SEPTEMBER-2024,RY4,NHS ENGLAND EAST OF ENGLAND,HERTFORDSHIRE COMMUNITY NHS TRUST,0,0,1181,0,0,0,0,0,27,0,0,0,0,0,0,0,0,0,,,,,,,2024-09-01,1181,27,,0
MSitAE-SEPTEMBER-2024,RYY,NHS ENGLAND SOUTH EAST,KENT COMMUNITY HEALTH NHS FOUNDATION TRUST,0,0,15014,0,0,0,0,0,48,0,0,0,0,0,0,0,0,0,,,,,,,2024-09-01,15014,48,,0
MSitAE-SEPTEMBER-2024,Y02147,NHS ENGLAND LONDON,URGENT CARE CENTRE (QMS),0,0,7268,0,0,427,0,0,175,0,0,6,0,0,0,0,0,0,,,,,,,2024-09-01,7268,175,,0
MSitAE-SEPTEMBER-2024,NDJ,NHS ENGLAND SOUTH EAST,FIRST COMMUNITY HEALTH AND CARE CIC,0,0,2312,0,0,0,0,0,0,0,0,0,0,0,0,0,0,0,,,,,,,2024-09-01,2312,0,,0
MSitAE-SEPTEMBER-2024,RAX,NHS ENGLAND LONDON,KINGSTON HOSPITAL NHS FOUNDATION TRUST,6915,0,7765,0,0,0,3327,0,217,0,0,0,270,185,2009,0,147,290,,,,,,,2024-09-01,14680,3544,51.9,2446
MSitAE-SEPTEMBER-2024,RCD,NHS ENGLAND NORTH EAST AND YORKSHIRE,HARROGATE AND DISTRICT NHS FOUNDATION TRUST,5056,0,1016,358,0,28,1506,0,0,76,0,0,135,3,1095,0,0,278,,,,,,,2024-09-01,6072,1506,70.2,1373
MSitAE-SEPTEMBER-2024,RK9,NHS ENGLAND SOUTH WEST,UNIVERSITY HOSPITALS PLYMOUTH NHS TRUST,8884,166,5169,0,0,0,4692,0,98,0,0,0,641,430,2791,0,0,1289,,,,,,,2024-09-01,14219,4790,47.2,4080
MSitAE-SEPTEMBER-2024,RQX,NHS ENGLAND LONDON,HOMERTON HEALTHCARE NHS FOUNDATION TRUST,10778,0,0,1,0,0,1837,0,0,0,0,0,208,17,1806,0,0,315,,,,,,,2024-09-01,10778,1837,83.0,2121
MSitAE-SEPTEMBER-2024,RTK,NHS ENGLAND SOUTH EAST,ASHFORD AND ST PETER'S HOSPITALS NHS FOUNDATION TRUST,9511,0,0,0,0,0,3084,0,0,0,0,0,474,251,2648,0,0,620,,,,,,,2024-09-01,9511,3084,67.6,3268
MSitAE-SEPTEMBER-2024,REM,NHS ENGLAND NORTH WEST,LIVERPOOL UNIVERSITY HOSPITALS NHS FOUNDATION TRUST,15299,1752,7678,433,0,0,7794,101,165,77,0,0,1820,810,4734,0,0,2822,,,,,,,2024-09-01,24729,8060,49.1,7556
MSitAE-SEPTEMBER-2024,RFF,NHS ENGLAND NORTH EAST AND YORKSHIRE,BARNSLEY HOSPITAL NHS FOUNDATION TRUST,8612,0,0,31,0,0,3099,0,0,0,0,0,457,0,2862,0,0,478,,,,,,,2024-09-01,8612,3099,64.0,3340
MSitAE-SEPTEMBER-2024,RNN,NHS ENGLAND NORTH EAST AND YORKSHIRE,NORTH CUMBRIA INTEGRATED CARE NHS FOUNDATION TRUST,8784,0,1934,358,0,26,4221,0,78,92,0,0,747,747,2313,0,0,711,,,,,,,2024-09-01,10718,4299,51.9,3024
MSitAE-SEPTEMBER-2024,RR7,NHS ENGLAND NORTH EAST AND YORKSHIRE,GATESHEAD HEALTH NHS FOUNDATION TRUST,5764,0,3239,28,0,1,2545,0,32,7,0,0,938,0,1566,0,0,61,,,,,,,2024-09-01,9003,2577,55.8,1627
MSitAE-SEPTEMBER-2024,RXQ,NHS ENGLAND SOUTH EAST,BUCKINGHAMSHIRE HEALTHCARE NHS TRUST,9751,1145,3457,0,0,0,3943,0,267,0,0,0,315,298,4085,769,0,1755,,,,,,,2024-09-01,14353,4210,59.6,6609
MSitAE-SEPTEMBER-2024,AJN,NHS ENGLAND NORTH EAST AND YORKSHIRE,WORKINGTON HEALTH LIMITED,0,0,307,0,0,0,0,0,0,0,0,0,0,0,0,0,0,0,,,,,,,2024-09-01,307,0,,0
MSitAE-SEPTEMBER-2024,DT301,NHS ENGLAND EAST OF ENGLAND,HERTS URGENT CARE (ASCOTS LANE),0,0,2247,0,0,0,0,0,107,0,0,0,0,0,0,0,0,0,,,,,,,2024-09-01,2247,107,,0
MSitAE-SEPTEMBER-2024,R1D,NHS ENGLAND MIDLANDS,SHROPSHIRE COMMUNITY HEALTH NHS TRUST,0,0,3248,0,0,0,0,0,1,0,0,0,0,0,0,0,0,0,,,,,,,2024-09-01,3248,1,,0
MSitAE-SEPTEMBER-2024,RLQ,NHS ENGLAND MIDLANDS,WYE VALLEY NHS TRUST,5902,1183,156,125,0,0,2484,0,0,38,0,0,454,284,1438,0,0,152,,,,,,,2024-09-01,7241,2484,57.9,1590
MSitAE-SEPTEMBER-2024,RQ3,NHS ENGLAND MIDLANDS,BIRMINGHAM WOMEN'S AND CHILDREN'S NHS FOUNDATION TRUST,4571,0,0,0,0,0,722,0,0,0,0,0,0,0,978,0,0,168,,,,,,,2024-09-01,4571,722,84.2,1146
MSitAE-SEPTEMBER-2024,Y07709,NHS ENGLAND SOUTH EAST,READING URGENT CARE CENTRE,0,0,2050,0,0,0,0,0,0,0,0,0,0,0,0,0,0,0,,,,,,,2024-09-01,2050,0,,0
MSitAE-SEPTEMBER-2024,L83087,NHS ENGLAND SOUTH WEST,OKEHAMPTON MEDICAL CENTRE,0,0,75,0,0,0,0,0,0,0,0,0,0,0,0,0,0,0,,,,,,,2024-09-01,75,0,,0
MSitAE-SEPTEMBER-2024,NLX,NHS ENGLAND SOUTH WEST,SIRONA CARE & HEALTH,0,0,8415,0,0,352,0,0,503,0,0,47,0,0,0,0,0,0,,,,,,,2024-09-01,8415,503,,0
MSitAE-SEPTEMBER-2024,NNJ,NHS ENGLAND MIDLANDS,DHU HEALTH CARE C.I.C,0,0,1811,0,0,0,0,0,4,0,0,0,0,0,0,0,0,0,,,,,,,2024-09-01,1811,4,,0
MSitAE-SEPTEMBER-2024,NTPAD,NHS ENGLAND SOUTH EAST,PRACTICE PLUS GROUP SURGICAL CENTRE - ST MARYS PORTSMOUTH,0,0,5201,0,0,233,0,0,144,0,0,0,0,0,0,0,0,0,,,,,,,2024-09-01,5201,144,,0
MSitAE-SEPTEMBER-2024,NV693,NHS ENGLAND NORTH WEST,ROSSENDALE MIU & OOH,0,0,1050,0,0,0,0,0,0,0,0,0,0,0,0,0,0,0,,,,,,,2024-09-01,1050,0,,0
MSitAE-SEPTEMBER-2024,R0A,NHS ENGLAND NORTH WEST,MANCHESTER UNIVERSITY NHS FOUNDATION TRUST,23533,3004,11304,3290,428,976,10679,117,570,1411,13,87,3878,179,5452,137,168,455,,,,,,,2024-09-01,37841,11366,54.6,6212
MSitAE-SEPTEMBER-2024,RBS,NHS ENGLAND NORTH WEST,ALDER HEY CHILDREN'S NHS FOUNDATION TRUST,5058,0,0,0,0,0,776,0,0,0,0,0,0,0,862,0,0,308,,,,,,,2024-09-01,5058,776,84.7,1170
MSitAE-SEPTEMBER-2024,RWG,NHS ENGLAND EAST OF ENGLAND,WEST HERTFORDSHIRE TEACHING HOSPITALS NHS TRUST,7912,0,7595,0,0,834,2844,0,145,0,0,0,742,20,4144,0,0,541,,,,,,,2024-09-01,15507,2989,64.1,4685
MSitAE-SEPTEMBER-2024,RWP,NHS ENGLAND MIDLANDS,WORCESTERSHIRE ACUTE HOSPITALS NHS TRUST,12531,0,5773,127,0,13,5764,0,13,43,0,0,797,369,3329,0,0,887,,,,,,,2024-09-01,18304,5777,54.0,4216
MSitAE-SEPTEMBER-2024,RXG,NHS ENGLAND NORTH EAST AND YORKSHIRE,SOUTH WEST YORKSHIRE PARTNERSHIP NHS FOUNDATION TRUST,0,0,0,0,0,0,0,0,0,0,0,0,0,0,0,0,0,106,,,,,,,2024-09-01,0,0,,106
MSitAE-SEPTEMBER-2024,RXR,NHS ENGLAND NORTH WEST,EAST LANCASHIRE HOSPITALS NHS TRUST,13080,0,10362,0,0,0,4577,0,581,0,0,0,431,1146,4211,0,65,1770,,,,,,,2024-09-01,23442,5158,65.0,6046
MSitAE-SEPTEMBER-2024,8J094,NHS ENGLAND MIDLANDS,BADGER LTD,0,0,0,0,0,2197,0,0,0,0,0,0,0,0,0,0,0,0,,,,,,,2024-09-01,0,0,,0
MSitAE-SEPTEMBER-2024,AXG,NHS ENGLAND SOUTH WEST,WILTSHIRE HEALTH & CARE,0,0,2529,0,0,0,0,0,31,0,0,0,0,0,0,0,0,0,,,,,,,2024-09-01,2529,31,,0
MSitAE-SEPTEMBER-2024,NR3,NHS ENGLAND MIDLANDS,NOTTINGHAM CITYCARE PARTNERSHIP,0,0,4900,0,0,253,0,0,71,0,0,0,0,0,0,0,0,0,,,,,,,2024-09-01,4900,71,,0
MSitAE-SEPTEMBER-2024,RA2,NHS ENGLAND SOUTH EAST,ROYAL SURREY COUNTY HOSPITAL NHS FOUNDATION TRUST,6573,0,1514,596,0,7,1668,0,0,129,0,0,219,2,2356,0,0,994,,,,,,,2024-09-01,8087,1668,74.6,3350
MSitAE-SEPTEMBER-2024,RAJ,NHS ENGLAND EAST OF ENGLAND,MID AND SOUTH ESSEX NHS FOUNDATION TRUST,29860,0,5542,5,0,1,9787,0,208,2,0,0,3285,87,8684,0,224,1203,,,,,,,2024-09-01,35402,9995,67.2,10111
MSitAE-SEPTEMBER-2024,RAN,NHS ENGLAND LONDON,ROYAL NATIONAL ORTHOPAEDIC HOSPITAL NHS TRUST,0,0,0,0,0,0,0,0,0,0,0,0,0,0,0,0,0,23,,,,,,,2024-09-01,0,0,,23
MSitAE-SEPTEMBER-2024,RBD,NHS ENGLAND SOUTH WEST,DORSET COUNTY HOSPITAL NHS FOUNDATION TRUST,4224,0,0,327,0,3705,1431,0,0,76,0,7,200,45,1826,0,0,460,,,,,,,2024-09-01,4224,1431,66.1,2286
MSitAE-SEPTEMBER-2024,RC9,NHS ENGLAND EAST OF ENGLAND,BEDFORDSHIRE HOSPITALS NHS FOUNDATION TRUST,15695,0,7173,0,0,792,5895,0,0,0,0,0,80,6,4430,0,0,2162,,,,,,,2024-09-01,22868,5895,62.4,6592
MSitAE-SEPTEMBER-2024,RCB,NHS ENGLAND NORTH EAST AND YORKSHIRE,YORK AND SCARBOROUGH TEACHING HOSPITALS NHS FOUNDATION TRUST,10220,348,6615,0,0,0,5877,0,234,0,0,0,876,645,4299,0,0,1617,,,,,,,2024-09-01,17183,6111,42.5,5916
MSitAE-SEPTEMBER-2024,RCF,NHS ENGLAND NORTH EAST AND YORKSHIRE,AIREDALE NHS FOUNDATION TRUST,5682,255,0,462,0,0,2290,0,0,0,0,0,420,93,1421,0,0,532,,,,,,,2024-09-01,5937,2290,59.7,1953
MSitAE-SEPTEMBER-2024,RCX,NHS ENGLAND EAST OF ENGLAND,"THE QUEEN ELIZABETH HOSPITAL, KING'S LYNN, NHS FOUNDATION TRUST",6549,0,1163,0,0,0,2687,0,0,0,0,0,264,87,2094,0,0,225,,,,,,,2024-09-01,7712,2687,59.0,2319
MSitAE-SEPTEMBER-2024,REF,NHS ENGLAND SOUTH WEST,ROYAL CORNWALL HOSPITALS NHS TRUST,6479,0,12187,0,0,0,4002,0,871,0,0,0,578,605,2341,0,56,1333,,,,,,,2024-09-01,18666,4873,38.2,3730
MSitAE-SEPTEMBER-2024,REP,NHS ENGLAND NORTH WEST,LIVERPOOL WOMEN'S NHS FOUNDATION TRUST,0,1377,0,0,127,0,0,258,0,0,0,0,0,0,0,132,0,14,,,,,,,2024-09-01,1377,258,,146
MSitAE-SEPTEMBER-2024,RGN,NHS ENGLAND EAST OF ENGLAND,NORTH WEST ANGLIA NHS FOUNDATION TRUST,13806,0,4577,255,0,473,5236,0,222,84,0,13,509,732,3535,0,34,1405,,,,,,,2024-09-01,18383,5458,62.1,4974
MSitAE-SEPTEMBER-2024,RGR,NHS ENGLAND EAST OF ENGLAND,WEST SUFFOLK NHS FOUNDATION TRUST,7550,0,635,69,0,0,2669,0,0,0,0,0,460,430,1848,0,0,382,,,,,,,2024-09-01,8185,2669,64.6,2230
MSitAE-SEPTEMBER-2024,RJL,NHS ENGLAND NORTH EAST AND YORKSHIRE,NORTHERN LINCOLNSHIRE AND GOOLE NHS FOUNDATION TRUST,8543,0,6157,0,0,360,4298,0,58,0,0,4,697,672,4995,0,0,412,,,,,,,2024-09-01,14700,4356,49.7,5407
MSitAE-SEPTEMBER-2024,RJR,NHS ENGLAND NORTH WEST,COUNTESS OF CHESTER HOSPITAL NHS FOUNDATION TRUST,4835,0,2211,0,0,0,2496,0,155,0,0,0,239,648,1584,0,0,1266,,,,,,,2024-09-01,7046,2651,48.4,2850
MSitAE-SEPTEMBER-2024,RL4,NHS ENGLAND MIDLANDS,THE ROYAL WOLVERHAMPTON NHS TRUST,12573,0,6635,81,0,719,3944,0,53,19,0,0,1168,253,5775,0,0,863,,,,,,,2024-09-01,19208,3997,68.6,6638
MSitAE-SEPTEMBER-2024,RNA,NHS ENGLAND MIDLANDS,THE DUDLEY GROUP NHS FOUNDATION TRUST,9183,0,4014,0,0,666,2540,0,69,0,0,0,1939,71,3484,0,0,2250,,,,,,,2024-09-01,13197,2609,72.3,5734
MSitAE-SEPTEMBER-2024,RNQ,NHS ENGLAND MIDLANDS,KETTERING GENERAL HOSPITAL NHS FOUNDATION TRUST,9328,0,8057,330,0,0,3527,0,105,0,0,0,1356,0,1952,0,0,206,,,,,,,2024-09-01,17385,3632,62.2,2158
MSitAE-SEPTEMBER-2024,RRF,NHS ENGLAND NORTH WEST,"WRIGHTINGTON, WIGAN AND LEIGH NHS FOUNDATION TRUST",7174,0,5104,0,0,0,3456,0,36,0,0,0,1175,457,3058,0,0,793,,,,,,,2024-09-01,12278,3492,51.8,3851
MSitAE-SEPTEMBER-2024,RRV,NHS ENGLAND LONDON,UNIVERSITY COLLEGE LONDON HOSPITALS NHS FOUNDATION TRUST,12555,0,0,349,0,0,3472,0,0,0,0,0,378,85,1366,0,0,286,,,,,,,2024-09-01,12555,3472,72.3,1652
MSitAE-SEPTEMBER-2024,RTQ,NHS ENGLAND SOUTH WEST,GLOUCESTERSHIRE HEALTH AND CARE NHS FOUNDATION TRUST,0,0,7270,0,0,0,0,0,25,0,0,0,0,0,0,0,1,16,,,,,,,2024-09-01,7270,25,,17
MSitAE-SEPTEMBER-2024,RVW,NHS ENGLAND NORTH EAST AND YORKSHIRE,NORTH TEES AND HARTLEPOOL NHS FOUNDATION TRUST,4549,0,10963,0,0,0,2201,0,38,0,0,0,154,5,1614,0,525,2149,,,,,,,2024-09-01,15512,2239,51.6,4288
MSitAE-SEPTEMBER-2024,RWF,NHS ENGLAND SOUTH EAST,MAIDSTONE AND TUNBRIDGE WELLS NHS TRUST,17850,0,2125,915,0,154,3382,0,4,98,0,0,890,64,4902,0,0,893,,,,,,,2024-09-01,19975,3386,81.1,5795
MSitAE-SEPTEMBER-2024,RXW,NHS ENGLAND MIDLANDS,THE SHREWSBURY AND TELFORD HOSPITAL NHS TRUST,10075,0,2289,0,0,0,5745,0,170,0,0,0,484,587,3078,0,164,2030,,,,,,,2024-09-01,12364,5915,43.0,5272
MSitAE-SEPTEMBER-2024,RY2,NHS ENGLAND NORTH WEST,BRIDGEWATER COMMUNITY HEALTHCARE NHS FOUNDATION TRUST,0,0,2779,0,0,136,0,0,24,0,0,2,0,0,0,0,0,0,,,,,,,2024-09-01,2779,24,,0
MSitAE-SEPTEMBER-2024,RY8,NHS ENGLAND MIDLANDS,DERBYSHIRE COMMUNITY HEALTH SERVICES NHS FOUNDATION TRUST,0,0,5893,0,0,1365,0,0,33,0,0,1,0,0,0,0,0,0,,,,,,,2024-09-01,5893,33,,0
MSitAE-SEPTEMBER-2024,RYG,NHS ENGLAND MIDLANDS,COVENTRY AND WARWICKSHIRE PARTNERSHIP NHS TRUST,0,0,0,0,0,0,0,0,0,0,0,0,0,0,0,0,6,62,,,,,,,2024-09-01,0,0,,68
MSitAE-SEPTEMBER-2024,Y02428,NHS ENGLAND EAST OF ENGLAND,PUTNOE WALK IN CENTRE,0,0,2396,0,0,0,0,0,0,0,0,0,0,0,0,0,0,0,,,,,,,2024-09-01,2396,0,,0
MSitAE-SEPTEMBER-2024,Y03007,NHS ENGLAND MIDLANDS,ERDINGTON GP HEALTH & WELLBEING WIC,0,0,0,0,0,2093,0,0,0,0,0,0,0,0,0,0,0,0,,,,,,,2024-09-01,0,0,,0
MSitAE-SEPTEMBER-2024,AQN04,NHS ENGLAND SOUTH EAST,PHL LYMINGTON UTC,0,0,2805,0,0,4,0,0,6,0,0,0,0,0,0,0,0,0,,,,,,,2024-09-01,2805,6,,0
MSitAE-SEPTEMBER-2024,ARN03,NHS ENGLAND NORTH EAST AND YORKSHIRE,LOCAL CARE DIRECT,0,0,1937,0,0,250,0,0,0,0,0,0,0,0,0,0,0,0,,,,,,,2024-09-01,1937,0,,0
MSitAE-SEPTEMBER-2024,NNF09,NHS ENGLAND NORTH EAST AND YORKSHIRE,BRANSHOLME HEALTH CENTRE,0,0,3454,0,0,0,0,0,187,0,0,0,0,0,0,0,0,0,,,,,,,2024-09-01,3454,187,,0
MSitAE-SEPTEMBER-2024,NNF16,NHS ENGLAND NORTH EAST AND YORKSHIRE,BRIDLINGTON HOSPITAL,0,0,1526,0,0,0,0,0,27,0,0,0,0,0,0,0,0,0,,,,,,,2024-09-01,1526,27,,0
MSitAE-SEPTEMBER-2024,NNF94,NHS ENGLAND NORTH EAST AND YORKSHIRE,EAST RIDING COMMUNITY HOSPITAL,0,0,2637,0,0,0,0,0,136,0,0,0,0,0,0,0,0,0,,,,,,,2024-09-01,2637,136,,0
MSitAE-SEPTEMBER-2024,NNFA7,NHS ENGLAND NORTH EAST AND YORKSHIRE,GOOLE & DISTRICT HOSPITAL,0,0,1522,0,0,0,0,0,40,0,0,0,0,0,0,0,0,0,,,,,,,2024-09-01,1522,40,,0
MSitAE-SEPTEMBER-2024,NNJ07,NHS ENGLAND MIDLANDS,LOUGHBOROUGH URGENT CARE CENTRE,0,0,5362,0,0,551,0,0,18,0,0,0,0,0,0,0,0,0,,,,,,,2024-09-01,5362,18,,0
MSitAE-SEPTEMBER-2024,NNJ0H,NHS ENGLAND MIDLANDS,LLR EA - THE MERLYN VAZ HEALTH & SOCIAL CARE CENTRE,0,0,199,0,0,1927,0,0,1,0,0,0,0,0,0,0,0,0,,,,,,,2024-09-01,199,1,,0
MSitAE-SEPTEMBER-2024,NNJ12,NHS ENGLAND MIDLANDS,MARKET HARBOROUGH,0,0,76,0,0,359,0,0,0,0,0,0,0,0,0,0,0,0,,,,,,,2024-09-01,76,0,,0
MSitAE-SEPTEMBER-2024,NNJ13,NHS ENGLAND MIDLANDS,MELTON MOWBRAY,0,0,58,0,0,341,0,0,0,0,0,0,0,0,0,0,0,0,,,,,,,2024-09-01,58,0,,0
MSitAE-SEPTEMBER-2024,NNJ14,NHS ENGLAND MIDLANDS,OADBY,0,0,482,0,0,2161,0,0,0,0,0,0,0,0,0,0,0,0,,,,,,,2024-09-01,482,0,,0
MSitAE-SEPTEMBER-2024,NNJ15,NHS ENGLAND MIDLANDS,OAKHAM,0,0,72,0,0,353,0,0,0,0,0,0,0,0,0,0,0,0,,,,,,,2024-09-01,72,0,,0
MSitAE-SEPTEMBER-2024,R0B,NHS ENGLAND NORTH EAST AND YORKSHIRE,SOUTH TYNESIDE AND SUNDERLAND NHS FOUNDATION TRUST,11215,1228,5828,458,0,1285,4778,38,161,202,0,44,403,2,4324,24,0,1216,,,,,,,2024-09-01,18271,4977,57.4,5564
MSitAE-SEPTEMBER-2024,R0D,NHS ENGLAND SOUTH WEST,UNIVERSITY HOSPITALS DORSET NHS FOUNDATION TRUST,12978,0,4777,0,0,0,4879,0,0,0,0,0,752,128,3915,0,0,2245,,,,,,,2024-09-01,17755,4879,62.4,6160
MSitAE-SEPTEMBER-2024,R1K,NHS ENGLAND LONDON,LONDON NORTH WEST UNIVERSITY HEALTHCARE NHS TRUST,12797,0,14079,0,0,0,6832,0,81,0,0,0,756,576,6418,0,0,285,,,,,,,2024-09-01,26876,6913,46.6,6703
MSitAE-SEPTEMBER-2024,RAE,NHS ENGLAND NORTH EAST AND YORKSHIRE,BRADFORD TEACHING HOSPITALS NHS FOUNDATION TRUST,8960,1219,3022,0,0,0,2273,0,0,0,0,0,729,55,2590,0,42,1363,,,,,,,2024-09-01,13201,2273,74.6,3995
MSitAE-SEPTEMBER-2024,RAP,NHS ENGLAND LONDON,NORTH MIDDLESEX UNIVERSITY HOSPITAL NHS TRUST,7912,483,6512,82,2,92,3898,3,574,32,0,7,300,791,1375,0,187,43,,,,,,,2024-09-01,14907,4475,50.7,1605
MSitAE-SEPTEMBER-2024,RBV,NHS ENGLAND NORTH WEST,THE CHRISTIE NHS FOUNDATION TRUST,0,0,0,0,0,0,0,0,0,0,0,0,0,0,0,0,0,772,,,,,,,2024-09-01,0,0,,772
MSitAE-SEPTEMBER-2024,RCU,NHS ENGLAND NORTH EAST AND YORKSHIRE,SHEFFIELD CHILDREN'S NHS FOUNDATION TRUST,4336,0,327,272,0,17,313,0,0,21,0,0,11,0,1071,0,0,90,,,,,,,2024-09-01,4663,313,92.8,1161
MSitAE-SEPTEMBER-2024,RD8,NHS ENGLAND EAST OF ENGLAND,MILTON KEYNES UNIVERSITY HOSPITAL NHS FOUNDATION TRUST,8258,0,4584,431,0,135,3361,0,59,205,0,0,582,0,1980,0,0,405,,,,,,,2024-09-01,12842,3420,59.3,2385
MSitAE-SEPTEMBER-2024,RDU,NHS ENGLAND SOUTH EAST,FRIMLEY HEALTH NHS FOUNDATION TRUST,22006,968,10346,0,0,0,10332,0,107,0,0,0,1910,247,5936,0,0,105,,,,,,,2024-09-01,33320,10439,53.0,6041
MSitAE-SEPTEMBER-2024,RF4,NHS ENGLAND LONDON,"BARKING, HAVERING AND REDBRIDGE UNIVERSITY HOSPITALS NHS TRUST",12549,2408,12453,0,0,0,5513,318,97,0,0,0,693,618,7657,0,0,386,,,,,,,2024-09-01,27410,5928,56.1,8043
MSitAE-SEPTEMBER-2024,RFR,NHS ENGLAND NORTH EAST AND YORKSHIRE,THE ROTHERHAM NHS FOUNDATION TRUST,8327,0,0,0,0,0,2924,0,0,0,0,0,481,6,1887,0,0,360,,,,,,,2024-09-01,8327,2924,64.9,2247
MSitAE-SEPTEMBER-2024,RFS,NHS ENGLAND MIDLANDS,CHESTERFIELD ROYAL HOSPITAL NHS FOUNDATION TRUST,6907,0,5664,249,0,105,3635,0,241,119,0,34,940,99,2468,0,300,568,,,,,,,2024-09-01,12571,3876,47.4,3336
MSitAE-SEPTEMBER-2024,RGT,NHS ENGLAND EAST OF ENGLAND,CAMBRIDGE UNIVERSITY HOSPITALS NHS FOUNDATION TRUST,10326,0,5689,269,0,261,5112,0,139,88,0,21,605,397,2733,0,23,470,,,,,,,2024-09-01,16015,5251,50.5,3226
MSitAE-SEPTEMBER-2024,RH8,NHS ENGLAND SOUTH WEST,ROYAL DEVON UNIVERSITY HEALTHCARE NHS FOUNDATION TRUST,12118,0,4225,1109,0,64,4581,0,33,327,0,1,1330,31,3836,0,0,2141,,,,,,,2024-09-01,16343,4614,62.2,5977
MSitAE-SEPTEMBER-2024,RJ6,NHS ENGLAND LONDON,CROYDON HEALTH SERVICES NHS TRUST,12509,0,4747,0,0,0,4632,0,0,0,0,0,281,617,1256,0,0,110,,,,,,,2024-09-01,17256,4632,63.0,1366
MSitAE-SEPTEMBER-2024,RJN,NHS ENGLAND NORTH WEST,EAST CHESHIRE NHS TRUST,4101,0,0,67,0,55,1982,0,0,0,0,0,214,182,827,0,0,211,,,,,,,2024-09-01,4101,1982,51.7,1038
MSitAE-SEPTEMBER-2024,RJZ,NHS ENGLAND LONDON,KING'S COLLEGE HOSPITAL NHS FOUNDATION TRUST,15439,0,8350,63,0,1208,6317,0,557,17,0,1,1469,647,4545,0,0,329,,,,,,,2024-09-01,23789,6874,59.1,4874
MSitAE-SEPTEMBER-2024,RK5,NHS ENGLAND MIDLANDS,SHERWOOD FOREST HOSPITALS NHS FOUNDATION TRUST,10570,0,5086,347,0,135,3989,0,123,144,0,2,623,127,3772,0,0,221,,,,,,,2024-09-01,15656,4112,62.3,3993
MSitAE-SEPTEMBER-2024,RL1,NHS ENGLAND MIDLANDS,THE ROBERT JONES AND AGNES HUNT ORTHOPAEDIC HOSPITAL NHS FOUNDATION TRUST,0,0,0,0,0,0,0,0,0,0,0,0,0,0,0,0,0,20,,,,,,,2024-09-01,0,0,,20
MSitAE-SEPTEMBER-2024,RMP,NHS ENGLAND NORTH WEST,TAMESIDE AND GLOSSOP INTEGRATED CARE NHS FOUNDATION TRUST,8525,0,2323,407,0,250,3915,0,0,0,0,0,652,286,1853,0,0,345,,,,,,,2024-09-01,10848,3915,54.1,2198
MSitAE-SEPTEMBER-2024,RN3,NHS ENGLAND SOUTH WEST,GREAT WESTERN HOSPITALS NHS FOUNDATION TRUST,5531,0,5535,0,0,0,2339,0,160,0,0,0,580,0,2495,0,0,1312,,,,,,,2024-09-01,11066,2499,57.7,3807
MSitAE-SEPTEMBER-2024,RNS,NHS ENGLAND MIDLANDS,NORTHAMPTON GENERAL HOSPITAL NHS TRUST,9886,513,2040,1252,2,78,3466,7,95,329,0,8,476,680,1973,0,0,1135,,,,,,,2024-09-01,12439,3568,64.9,3108
MSitAE-SEPTEMBER-2024,RNU,NHS ENGLAND SOUTH EAST,OXFORD HEALTH NHS FOUNDATION TRUST,0,0,4098,0,0,0,0,0,430,0,0,0,0,0,0,0,0,0,,,,,,,2024-09-01,4098,430,,0
MSitAE-SEPTEMBER-2024,RNZ,NHS ENGLAND SOUTH WEST,SALISBURY NHS FOUNDATION TRUST,4560,297,1619,132,0,0,2027,0,0,51,0,0,413,8,1290,0,0,869,,,,,,,2024-09-01,6476,2027,55.5,2159
MSitAE-SEPTEMBER-2024,RPC,NHS ENGLAND SOUTH EAST,QUEEN VICTORIA HOSPITAL NHS FOUNDATION TRUST,0,0,1494,0,0,0,0,0,23,0,0,0,0,0,0,0,1,551,,,,,,,2024-09-01,1494,23,,552
MSitAE-SEPTEMBER-2024,RQW,NHS ENGLAND EAST OF ENGLAND,THE PRINCESS ALEXANDRA HOSPITAL NHS TRUST,8169,0,1781,0,0,457,3891,0,0,0,0,0,466,102,2095,0,0,368,,,,,,,2024-09-01,9950,3891,52.4,2463
MSitAE-SEPTEMBER-2024,RTD,NHS ENGLAND NORTH EAST AND YORKSHIRE,THE NEWCASTLE UPON TYNE HOSPITALS NHS FOUNDATION TRUST,12114,1623,4974,0,0,841,4763,131,0,0,0,0,464,6,3664,29,0,2762,,,,,,,2024-09-01,18711,4894,60.7,6455
MSitAE-SEPTEMBER-2024,RTE,NHS ENGLAND SOUTH WEST,GLOUCESTERSHIRE HOSPITALS NHS FOUNDATION TRUST,12384,0,0,164,0,0,4818,0,0,45,0,0,429,407,2604,0,0,1979,,,,,,,2024-09-01,12384,4818,61.1,4583
MSitAE-SEPTEMBER-2024,RTF,NHS ENGLAND NORTH EAST AND YORKSHIRE,NORTHUMBRIA HEALTHCARE NHS FOUNDATION TRUST,9435,0,12298,0,0,0,2373,0,8,0,0,0,56,0,3888,0,65,450,,,,,,,2024-09-01,21733,2381,74.8,4403
MSitAE-SEPTEMBER-2024,RTR,NHS ENGLAND NORTH EAST AND YORKSHIRE,SOUTH TEES HOSPITALS NHS FOUNDATION TRUST,7368,0,8782,0,0,1380,3528,0,417,0,0,37,189,2,2592,0,106,2185,,,,,,,2024-09-01,16150,3945,52.1,4883
MSitAE-SEPTEMBER-2024,RTX,NHS ENGLAND NORTH WEST,UNIVERSITY HOSPITALS OF MORECAMBE BAY NHS FOUNDATION TRUST,8817,0,3284,120,0,589,2876,0,69,12,0,49,605,330,3135,0,18,881,,,,,,,2024-09-01,12101,2945,67.4,4034
MSitAE-SEPTEMBER-2024,RV9,NHS ENGLAND NORTH EAST AND YORKSHIRE,HUMBER TEACHING NHS FOUNDATION TRUST,0,0,1003,0,0,50,0,0,8,0,0,0,0,0,0,0,0,0,,,,,,,2024-09-01,1003,8,,0
MSitAE-SEPTEMBER-2024,RVV,NHS ENGLAND SOUTH EAST,EAST KENT HOSPITALS UNIVERSITY NHS FOUNDATION TRUST,12772,0,12158,0,0,0,5551,0,245,0,0,0,476,1017,2979,0,642,405,,,,,,,2024-09-01,24930,5796,56.5,4026
MSitAE-SEPTEMBER-2024,RW4,NHS ENGLAND NORTH WEST,MERSEY CARE NHS FOUNDATION TRUST,0,0,12055,0,0,0,0,0,222,0,0,0,0,0,0,0,0,55,,,,,,,2024-09-01,12055,222,,55
MSitAE-SEPTEMBER-2024,RWE,NHS ENGLAND MIDLANDS,UNIVERSITY HOSPITALS OF LEICESTER NHS TRUST,21307,1896,0,0,0,0,9350,184,0,0,0,0,1414,840,5964,3,0,3345,,,,,,,2024-09-01,23203,9534,56.1,9312
MSitAE-SEPTEMBER-2024,RWH,NHS ENGLAND EAST OF ENGLAND,EAST AND NORTH HERTFORDSHIRE NHS TRUST,8558,0,7319,0,0,0,4139,0,69,0,0,0,189,16,3375,0,86,288,,,,,,,2024-09-01,15877,4208,51.6,3749
MSitAE-SEPTEMBER-2024,RWJ,NHS ENGLAND NORTH WEST,STOCKPORT NHS FOUNDATION TRUST,7871,0,972,129,0,26,3509,0,29,59,0,2,781,193,2571,0,65,783,,,,,,,2024-09-01,8843,3538,55.4,3419
MSitAE-SEPTEMBER-2024,RYF,NHS ENGLAND SOUTH WEST,SOUTH WESTERN AMBULANCE SERVICE NHS FOUNDATION TRUST,0,0,1656,0,0,0,0,0,117,0,0,0,0,0,0,0,0,0,,,,,,,2024-09-01,1656,117,,0
MSitAE-SEPTEMBER-2024,Y03218,NHS ENGLAND LONDON,THE PINN UNREGISTERED WIC,0,0,1042,0,0,0,0,0,0,0,0,0,0,0,0,0,0,0,,,,,,,2024-09-01,1042,0,,0
MSitAE-SEPTEMBER-2024,R1F,NHS ENGLAND SOUTH EAST,ISLE OF WIGHT NHS TRUST,3961,256,1692,22,0,14,1855,0,0,7,0,0,267,79,1071,0,0,306,,,,,,,2024-09-01,5909,1855,53.2,1377
MSitAE-SEPTEMBER-2024,R1H,NHS ENGLAND LONDON,BARTS HEALTH NHS TRUST,24191,947,16122,0,0,0,11058,36,1303,0,0,0,1135,885,4808,0,0,225,,,,,,,2024-09-01,41260,12397,54.3,5033
MSitAE-SEPTEMBER-2024,RBK,NHS ENGLAND MIDLANDS,WALSALL HEALTHCARE NHS TRUST,8721,0,3900,15,0,144,2968,0,64,8,0,0,1009,69,3665,0,0,668,,,,,,,2024-09-01,12621,3032,66.0,4333
MSitAE-SEPTEMBER-2024,RBT,NHS ENGLAND NORTH WEST,MID CHESHIRE HOSPITALS NHS FOUNDATION TRUST,6969,0,2778,3,0,42,3843,0,35,3,0,0,536,654,2229,0,0,1033,,,,,,,2024-09-01,9747,3878,44.9,3262
MSitAE-SEPTEMBER-2024,RDE,NHS ENGLAND EAST OF ENGLAND,EAST SUFFOLK AND NORTH ESSEX NHS FOUNDATION TRUST,14079,0,11878,700,0,252,7049,0,272,0,0,0,1135,367,6030,0,411,977,,,,,,,2024-09-01,25957,7321,49.9,7418
MSitAE-SEPTEMBER-2024,RDR,NHS ENGLAND SOUTH EAST,SUSSEX COMMUNITY NHS FOUNDATION TRUST,0,0,11533,0,0,0,0,0,47,0,0,0,0,0,0,0,1,0,,,,,,,2024-09-01,11533,47,,1
MSitAE-SEPTEMBER-2024,RH5,NHS ENGLAND SOUTH WEST,SOMERSET NHS FOUNDATION TRUST,12678,0,9108,0,0,1,5198,0,198,0,0,0,417,53,2057,0,0,2955,,,,,,,2024-09-01,21786,5396,59.0,5012
MSitAE-SEPTEMBER-2024,RHM,NHS ENGLAND SOUTH EAST,UNIVERSITY HOSPITAL SOUTHAMPTON NHS FOUNDATION TRUST,11349,1235,0,238,0,0,3915,114,0,87,0,0,354,11,3629,11,0,1467,,,,,,,2024-09-01,12584,4029,65.5,5107
MSitAE-SEPTEMBER-2024,RHQ,NHS ENGLAND NORTH EAST AND YORKSHIRE,SHEFFIELD TEACHING HOSPITALS NHS FOUNDATION TRUST,8718,1120,6800,347,0,939,4519,0,83,158,0,5,1171,10,3494,0,0,2881,,,,,,,2024-09-01,16638,4602,48.2,6375
MSitAE-SEPTEMBER-2024,RJ1,NHS ENGLAND LONDON,GUY'S AND ST THOMAS' NHS FOUNDATION TRUST,10047,700,6464,0,0,0,4072,44,295,0,0,0,117,87,2045,0,0,336,,,,,,,2024-09-01,17211,4411,59.5,2381
MSitAE-SEPTEMBER-2024,RJ2,NHS ENGLAND LONDON,LEWISHAM AND GREENWICH NHS TRUST,13964,0,10209,0,0,0,7327,0,1271,0,0,0,1169,626,3958,0,0,1406,,,,,,,2024-09-01,24173,8598,47.5,5364
MSitAE-SEPTEMBER-2024,RKB,NHS ENGLAND MIDLANDS,UNIVERSITY HOSPITALS COVENTRY AND WARWICKSHIRE NHS TRUST,11329,811,5679,0,0,0,5607,125,239,0,0,0,81,18,1684,37,151,475,,,,,,,2024-09-01,17819,5971,50.5,2347
MSitAE-SEPTEMBER-2024,RKE,NHS ENGLAND LONDON,WHITTINGTON HEALTH NHS TRUST,8903,0,0,0,0,0,2474,0,0,0,0,0,253,164,1077,0,0,32,,,,,,,2024-09-01,8903,2474,72.2,1109
MSitAE-SEPTEMBER-2024,RM1,NHS ENGLAND EAST OF ENGLAND,NORFOLK AND NORWICH UNIVERSITY HOSPITALS NHS FOUNDATION TRUST,12146,0,8179,0,0,0,4168,0,3,0,0,0,916,165,2659,0,0,1556,,,,,,,2024-09-01,20325,4171,65.7,4215
MSitAE-SEPTEMBER-2024,RN5,NHS ENGLAND SOUTH EAST,HAMPSHIRE HOSPITALS NHS FOUNDATION TRUST,12291,103,529,0,0,157,4698,0,0,0,0,0,300,29,4231,7,0,1055,,,,,,,2024-09-01,12923,4698,61.8,5293
MSitAE-SEPTEMBER-2024,RN7,NHS ENGLAND SOUTH EAST,DARTFORD AND GRAVESHAM NHS TRUST,10507,0,3475,0,0,0,3448,0,11,0,0,0,660,229,2861,0,0,402,,,,,,,2024-09-01,13982,3459,67.2,3263
MSitAE-SEPTEMBER-2024,RP6,NHS ENGLAND LONDON,MOORFIELDS EYE HOSPITAL NHS FOUNDATION TRUST,0,5626,0,0,0,0,0,154,0,0,0,0,0,0,0,6,0,210,,,,,,,2024-09-01,5626,154,,216
MSitAE-SEPTEMBER-2024,RQM,NHS ENGLAND LONDON,CHELSEA AND WESTMINSTER HOSPITAL NHS FOUNDATION TRUST,18856,0,5720,567,0,0,5574,0,75,0,0,0,682,69,2746,0,0,343,,,,,,,2024-09-01,24576,5649,70.4,3089
MSitAE-SEPTEMBER-2024,RR8,NHS ENGLAND NORTH EAST AND YORKSHIRE,LEEDS TEACHING HOSPITALS NHS TRUST,17191,680,10819,68,0,55,6794,0,185,19,0,0,1702,188,3485,0,0,1099,,,,,,,2024-09-01,28690,6979,60.5,4584
MSitAE-SEPTEMBER-2024,RVJ,NHS ENGLAND SOUTH WEST,NORTH BRISTOL NHS TRUST,8865,0,0,27,0,0,3705,0,0,7,0,0,554,396,2912,0,0,1881,,,,,,,2024-09-01,8865,3705,58.2,4793
MSitAE-SEPTEMBER-2024,RWA,NHS ENGLAND NORTH EAST AND YORKSHIRE,HULL UNIVERSITY TEACHING HOSPITALS NHS TRUST,9040,0,4443,0,0,0,5084,0,86,0,0,0,779,535,3321,0,0,2080,,,,,,,2024-09-01,13483,5170,43.8,5401
MSitAE-SEPTEMBER-2024,RWD,NHS ENGLAND MIDLANDS,UNITED LINCOLNSHIRE HOSPITALS NHS TRUST,9451,0,9571,0,0,0,5682,0,1118,0,0,0,1023,950,4054,0,0,1048,,,,,,,2024-09-01,19022,6800,39.9,5102
MSitAE-SEPTEMBER-2024,RWW,NHS ENGLAND NORTH WEST,WARRINGTON AND HALTON TEACHING HOSPITALS NHS FOUNDATION TRUST,6727,0,2925,235,0,118,3400,0,85,80,0,0,712,616,1746,0,0,155,,,,,,,2024-09-01,9652,3485,49.5,1901
MSitAE-SEPTEMBER-2024,RX1,NHS ENGLAND MIDLANDS,NOTTINGHAM UNIVERSITY HOSPITALS NHS TRUST,14885,1846,252,523,0,0,6937,75,5,217,0,0,831,496,4485,0,0,3797,,,,,,,2024-09-01,16983,7017,53.4,8282
MSitAE-SEPTEMBER-2024,RXF,NHS ENGLAND NORTH EAST AND YORKSHIRE,MID YORKSHIRE TEACHING NHS TRUST,15790,151,5736,120,0,67,6334,0,430,2,0,2,1952,86,3516,0,154,840,,,,,,,2024-09-01,21677,6764,59.9,4510
MSitAE-SEPTEMBER-2024,RXN,NHS ENGLAND NORTH WEST,LANCASHIRE TEACHING HOSPITALS NHS FOUNDATION TRUST,11724,0,3451,210,0,79,4459,0,89,38,0,0,1062,362,2964,0,76,1183,,,,,,,2024-09-01,15175,4548,62.0,4223
MSitAE-SEPTEMBER-2024,RXP,NHS ENGLAND NORTH EAST AND YORKSHIRE,COUNTY DURHAM AND DARLINGTON NHS FOUNDATION TRUST,12324,0,3883,0,0,6672,5075,0,0,0,0,0,2196,17,4018,0,0,722,,,,,,,2024-09-01,16207,5075,58.8,4740
MSitAE-SEPTEMBER-2024,RY5,NHS ENGLAND MIDLANDS,LINCOLNSHIRE COMMUNITY HEALTH SERVICES NHS TRUST,0,0,8258,0,0,0,0,0,253,0,0,0,0,0,0,0,0,0,,,,,,,2024-09-01,8258,253,,0
MSitAE-SEPTEMBER-2024,RYJ,NHS ENGLAND LONDON,IMPERIAL COLLEGE HEALTHCARE NHS TRUST,11584,3907,7175,0,0,411,4575,93,375,0,0,0,713,221,4018,4,0,1113,,,,,,,2024-09-01,22666,5043,60.5,5135
MSitAE-SEPTEMBER-2024,RYR,NHS ENGLAND SOUTH EAST,UNIVERSITY HOSPITALS SUSSEX NHS FOUNDATION TRUST,21377,1462,5035,1338,0,1061,8885,35,560,437,0,28,1641,1242,8274,21,39,1354,,,,,,,2024-09-01,27874,9480,58.4,9688
MSitAE-SEPTEMBER-2024,AD913,NHS ENGLAND LONDON,BECKENHAM BEACON UCC,0,0,622,0,0,378,0,0,9,0,0,0,0,0,0,0,0,0,,,,,,,2024-09-01,622,9,,0
MSitAE-SEPTEMBER-2024,RD1,NHS ENGLAND SOUTH WEST,ROYAL UNITED HOSPITALS BATH NHS FOUNDATION TRUST,8575,0,0,0,0,0,3119,0,0,0,0,0,709,54,2564,0,9,1448,,,,,,,2024-09-01,8575,3119,63.6,4021
MSitAE-SEPTEMBER-2024,RP5,NHS ENGLAND NORTH EAST AND YORKSHIRE,DONCASTER AND BASSETLAW TEACHING HOSPITALS NHS FOUNDATION TRUST,13144,0,3803,0,0,0,5124,0,3,0,0,0,1004,234,3875,0,394,1011,,,,,,,2024-09-01,16947,5127,61.0,5280
MSitAE-SEPTEMBER-2024,RVR,NHS ENGLAND LONDON,EPSOM AND ST HELIER UNIVERSITY HOSPITALS NHS TRUST,10698,333,1490,310,0,17,3019,0,96,30,0,1,368,596,1878,3,0,139,,,,,,,2024-09-01,12521,3115,71.8,2020
MSitAE-SEPTEMBER-2024,RWX,NHS ENGLAND SOUTH EAST,BERKSHIRE HEALTHCARE NHS FOUNDATION TRUST,0,0,1452,0,0,0,0,0,14,0,0,0,0,0,0,0,32,0,,,,,,,2024-09-01,1452,14,,32
MSitAE-SEPTEMBER-2024,RXC,NHS ENGLAND SOUTH EAST,EAST SUSSEX HEALTHCARE NHS TRUST,8075,0,2563,1655,0,1194,3423,0,43,0,0,0,253,22,3356,0,0,444,,,,,,,2024-09-01,10638,3466,57.6,3800
MSitAE-SEPTEMBER-2024,RJ7,NHS ENGLAND LONDON,ST GEORGE'S UNIVERSITY HOSPITALS NHS FOUNDATION TRUST,8725,0,3371,430,0,0,2656,0,0,60,0,0,652,669,2710,0,0,706,,,,,,,2024-09-01,12096,2656,69.6,3416
MSitAE-SEPTEMBER-2024,RJC,NHS ENGLAND MIDLANDS,SOUTH WARWICKSHIRE UNIVERSITY NHS FOUNDATION TRUST,8082,0,377,1,0,0,2088,0,0,0,0,0,287,10,2303,0,0,886,,,,,,,2024-09-01,8459,2088,74.2,3189
MSitAE-SEPTEMBER-2024,RA7,NHS ENGLAND SOUTH WEST,UNIVERSITY HOSPITALS BRISTOL AND WESTON NHS FOUNDATION TRUST,14776,2238,0,0,0,0,5191,136,0,0,0,0,1214,261,5232,13,0,1366,,,,,,,2024-09-01,17014,5327,64.9,6611
MSitAE-SEPTEMBER-2024,RBN,NHS ENGLAND NORTH WEST,MERSEY AND WEST LANCASHIRE TEACHING HOSPITALS NHS TRUST,15845,0,6698,389,0,0,5617,0,217,53,0,0,608,318,6805,0,0,593,,,,,,,2024-09-01,22543,5834,64.6,7398
MSitAE-SEPTEMBER-2024,RJE,NHS ENGLAND MIDLANDS,UNIVERSITY HOSPITALS OF NORTH MIDLANDS NHS TRUST,13168,463,8057,611,0,469,6608,0,91,295,0,10,1076,546,5208,0,0,3840,,,,,,,2024-09-01,21688,6699,49.8,9048
MSitAE-SEPTEMBER-2024,RM3,NHS ENGLAND NORTH WEST,NORTHERN CARE ALLIANCE NHS FOUNDATION TRUST,24649,0,8398,0,0,0,10994,0,297,0,0,0,1972,583,7063,0,358,1725,,,,,,,2024-09-01,33047,11291,55.4,9146
MSitAE-SEPTEMBER-2024,RRK,NHS ENGLAND MIDLANDS,UNIVERSITY HOSPITALS BIRMINGHAM NHS FOUNDATION TRUST,32456,312,1650,19,0,259,12867,0,10,10,0,1,2274,1995,11198,0,0,6124,,,,,,,2024-09-01,34418,12877,60.4,17322
MSitAE-SEPTEMBER-2024,RHU,NHS ENGLAND SOUTH EAST,PORTSMOUTH HOSPITALS UNIVERSITY NATIONAL HEALTH SERVICE TRUST,9553,683,2945,1147,0,773,4829,6,58,573,0,2,1588,73,3297,0,0,2457,,,,,,,2024-09-01,13181,4893,49.5,5754
MSitAE-SEPTEMBER-2024,RHW,NHS ENGLAND SOUTH EAST,ROYAL BERKSHIRE NHS FOUNDATION TRUST,11593,2247,0,767,29,0,3921,14,0,216,0,0,520,7,2423,0,0,373,,,,,,,2024-09-01,13840,3935,66.2,2796
MSitAE-SEPTEMBER-2024,RPA,NHS ENGLAND SOUTH EAST,MEDWAY NHS FOUNDATION TRUST,7925,0,6412,296,0,993,2816,0,507,67,0,0,337,636,1745,0,0,628,,,,,,,2024-09-01,14337,3323,64.5,2373
MSitAE-SEPTEMBER-2024,RTG,NHS ENGLAND MIDLANDS,UNIVERSITY HOSPITALS OF DERBY AND BURTON NHS FOUNDATION TRUST,19298,0,9000,1762,0,18,8533,0,0,384,0,0,803,912,3961,0,0,1967,,,,,,,2024-09-01,28298,8533,55.8,5928
MSitAE-SEPTEMBER-2024,RAL,NHS ENGLAND LONDON,ROYAL FREE LONDON NHS FOUNDATION TRUST,16645,0,8306,0,0,0,6090,0,149,0,0,0,914,647,3778,0,0,543,,,,,,,2024-09-01,24951,6239,63.4,4321
MSitAE-SEPTEMBER-2024,RBL,NHS ENGLAND NORTH WEST,WIRRAL UNIVERSITY TEACHING HOSPITAL NHS FOUNDATION TRUST,7655,0,2625,0,0,198,4231,0,15,0,0,1,496,899,1930,0,0,1813,,,,,,,2024-09-01,10280,4246,44.7,3743
MSitAE-SEPTEMBER-2024,RLT,NHS ENGLAND MIDLANDS,GEORGE ELIOT HOSPITAL NHS TRUST,6493,0,1736,0,0,0,2073,0,15,0,0,0,566,160,1021,0,0,15,,,,,,,2024-09-01,8229,2088,68.1,1036
MSitAE-SEPTEMBER-2024,RMC,NHS ENGLAND NORTH WEST,BOLTON NHS FOUNDATION TRUST,7821,0,3695,67,0,83,3793,0,144,27,0,5,523,569,2244,0,99,749,,,,,,,2024-09-01,11516,3937,51.5,3092
MSitAE-SEPTEMBER-2024,RTH,NHS ENGLAND SOUTH EAST,OXFORD UNIVERSITY HOSPITALS NHS FOUNDATION TRUST,11866,1775,1956,1319,0,116,4182,0,0,398,0,1,788,0,4476,127,17,4358,,,,,,,2024-09-01,15597,4182,64.8,8978
MSitAE-SEPTEMBER-2024,RXK,NHS ENGLAND MIDLANDS,SANDWELL AND WEST BIRMINGHAM HOSPITALS NHS TRUST,14245,1186,6905,1021,0,0,6703,171,100,101,0,0,1050,529,2628,0,0,415,,,,,,,2024-09-01,22336,6974,52.9,3043
MSitAE-SEPTEMBER-2024,RYX,NHS ENGLAND LONDON,CENTRAL LONDON COMMUNITY HEALTHCARE NHS TRUST,0,0,11186,0,0,433,0,0,222,0,0,7,0,0,0,0,0,0,,,,,,,2024-09-01,11186,222,,0
MSitAE-SEPTEMBER-2024,RAS,NHS ENGLAND LONDON,THE HILLINGDON HOSPITALS NHS FOUNDATION TRUST,6077,0,6253,0,0,0,3644,0,177,0,0,0,523,39,2431,0,0,125,,,,,,,2024-09-01,12330,3821,40.0,2556
MSitAE-NOVEMBER-2023,RAT,NHS ENGLAND LONDON,NORTH EAST LONDON NHS FOUNDATION TRUST,0,0,1795,0,0,0,0,0,61,0,0,0,0,0,0,0,0,0,,,,,,,2023-11-01,1795,61,,0
MSitAE-NOVEMBER-2023,RYY,NHS ENGLAND SOUTH EAST,KENT COMMUNITY HEALTH NHS FOUNDATION TRUST,0,0,9578,0,0,0,0,0,31,0,0,0,0,0,0,0,0,0,,,,,,,2023-11-01,9578,31,,0
MSitAE-NOVEMBER-2023,Y02615,NHS ENGLAND MIDLANDS,SOUTH BIRMINGHAM GP WALK IN CENTRE,0,0,6370,0,0,0,0,0,0,0,0,0,0,0,0,0,0,0,,,,,,,2023-11-01,6370,0,,0
MSitAE-NOVEMBER-2023,AAH,NHS ENGLAND SOUTH WEST,TETBURY HOSPITAL TRUST LTD,0,0,439,0,0,0,0,0,0,0,0,0,0,0,0,0,0,0,,,,,,,2023-11-01,439,0,,0
MSitAE-NOVEMBER-2023,AJN,NHS ENGLAND NORTH EAST AND YORKSHIRE,WORKINGTON HEALTH LIMITED,0,0,431,0,0,0,0,0,0,0,0,0,0,0,0,0,0,0,,,,,,,2023-11-01,431,0,,0
MSitAE-NOVEMBER-2023,AQN04,NHS ENGLAND SOUTH EAST,PHL LYMINGTON UTC,0,0,2356,0,0,5,0,0,16,0,0,0,0,0,0,0,0,0,,,,,,,2023-11-01,2356,16,,0
MSitAE-NOVEMBER-2023,NL7,NHS ENGLAND MIDLANDS,ASSURA VERTIS URGENT CARE CENTRES (BIRMINGHAM),0,0,4161,0,0,0,0,0,0,0,0,0,0,0,0,0,0,0,,,,,,,2023-11-01,4161,0,,0
MSitAE-NOVEMBER-2023,NQT5F,NHS ENGLAND NORTH WEST,SKELMERSDALE WALK IN CENTRE,0,0,1875,0,0,0,0,0,47,0,0,0,0,0,0,0,0,0,,,,,,,2023-11-01,1875,47,,0
MSitAE-NOVEMBER-2023,NQT5H,NHS ENGLAND SOUTH WEST,PAULTON MEMORIAL HOSPITAL,0,0,807,0,0,0,0,0,11,0,0,0,0,0,0,0,0,0,,,,,,,2023-11-01,807,11,,0
MSitAE-NOVEMBER-2023,NQTE4,NHS ENGLAND MIDLANDS,SUMMERFIELD URGENT CARE CENTRE,0,0,3218,0,0,0,0,0,0,0,0,0,0,0,0,0,0,0,,,,,,,2023-11-01,3218,0,,0
MSitAE-NOVEMBER-2023,RDY,NHS ENGLAND SOUTH WEST,DORSET HEALTHCARE UNIVERSITY NHS FOUNDATION TRUST,0,0,0,0,0,0,0,0,0,0,0,0,0,0,0,0,2,4,,,,,,,2023-11-01,0,0,,6
MSitAE-NOVEMBER-2023,RJ8,NHS ENGLAND SOUTH WEST,CORNWALL PARTNERSHIP NHS FOUNDATION TRUST,0,0,0,0,0,0,0,0,0,0,0,0,0,0,0,0,11,67,,,,,,,2023-11-01,0,0,,78
MSitAE-NOVEMBER-2023,RPC,NHS ENGLAND SOUTH EAST,QUEEN VICTORIA HOSPITAL NHS FOUNDATION TRUST,0,0,1494,0,0,0,0,0,10,0,0,0,0,0,0,0,0,501,,,,,,,2023-11-01,1494,10,,501
MSitAE-NOVEMBER-2023,RWY,NHS ENGLAND NORTH EAST AND YORKSHIRE,CALDERDALE AND HUDDERSFIELD NHS FOUNDATION TRUST,14428,0,0,0,0,0,4804,0,0,0,0,0,1374,1,2993,0,0,819,,,,,,,2023-11-01,14428,4804,66.7,3812
MSitAE-NOVEMBER-2023,Y00751,NHS ENGLAND SOUTH EAST,EAST BERKS PRIMARY CARE OOH(WAM),0,0,0,0,0,0,0,0,0,0,0,0,0,0,0,0,0,0,,,,,,,2023-11-01,0,0,,0
MSitAE-NOVEMBER-2023,Y02532,NHS ENGLAND NORTH WEST,MIRIAM MINOR EMERGENCY,0,0,1747,0,0,0,0,0,0,0,0,0,0,0,0,0,0,0,,,,,,,2023-11-01,1747,0,,0
MSitAE-NOVEMBER-2023,ACH01,NHS ENGLAND SOUTH EAST,WHITSTABLE MEDICAL PRACTICE,0,0,4509,0,0,0,0,0,0,0,0,0,0,0,0,0,0,0,,,,,,,2023-11-01,4509,0,,0
MSitAE-NOVEMBER-2023,NQT51,NHS ENGLAND SOUTH EAST,STATION PLAZA HEALTH CENTRE,0,0,1674,0,0,0,0,0,0,0,0,0,0,0,0,0,0,0,,,,,,,2023-11-01,1674,0,,0
MSitAE-NOVEMBER-2023,RW1,NHS ENGLAND SOUTH EAST,SOUTHERN HEALTH NHS FOUNDATION TRUST,0,0,2614,0,0,0,0,0,18,0,0,0,0,0,0,0,0,160,,,,,,,2023-11-01,2614,18,,160
MSitAE-NOVEMBER-2023,RW4,NHS ENGLAND NORTH WEST,MERSEY CARE NHS FOUNDATION TRUST,0,0,11150,0,0,0,0,0,1265,0,0,0,0,0,0,0,0,80,,,,,,,2023-11-01,11150,1265,,80
MSitAE-NOVEMBER-2023,Y03218,NHS ENGLAND LONDON,THE PINN UNREGISTERED WIC,0,0,757,0,0,0,0,0,0,0,0,0,0,0,0,0,0,0,,,,,,,2023-11-01,757,0,,0
MSitAE-NOVEMBER-2023,RJN,NHS ENGLAND NORTH WEST,EAST CHESHIRE NHS TRUST,4177,0,0,40,0,7,1996,0,0,0,0,0,288,253,986,0,0,194,,,,,,,2023-11-01,4177,1996,52.2,1180
MSitAE-NOVEMBER-2023,RXC,NHS ENGLAND SOUTH EAST,EAST SUSSEX HEALTHCARE NHS TRUST,8874,0,2117,791,0,1149,4048,0,38,0,0,0,284,2,3341,0,0,602,,,,,,,2023-11-01,10991,4086,54.4,3943
MSitAE-NOVEMBER-2023,8J094,NHS ENGLAND MIDLANDS,BADGER LTD,0,0,0,0,0,2082,0,0,0,0,0,0,0,0,0,0,0,0,,,,,,,2023-11-01,0,0,,0
MSitAE-NOVEMBER-2023,L83087,NHS ENGLAND SOUTH WEST,OKEHAMPTON MEDICAL CENTRE,0,0,108,0,0,0,0,0,0,0,0,0,0,0,0,0,0,0,,,,,,,2023-11-01,108,0,,0
MSitAE-NOVEMBER-2023,RAJ,NHS ENGLAND EAST OF ENGLAND,MID AND SOUTH ESSEX NHS FOUNDATION TRUST,31102,0,1509,607,0,15,11094,0,53,146,0,0,3077,14,8287,0,135,1281,,,,,,,2023-11-01,32611,11147,64.3,9703
MSitAE-NOVEMBER-2023,RJR,NHS ENGLAND NORTH WEST,COUNTESS OF CHESTER HOSPITAL NHS FOUNDATION TRUST,6288,0,432,0,0,0,3211,0,54,0,0,0,276,616,1621,0,0,1271,,,,,,,2023-11-01,6720,3265,48.9,2892
MSitAE-NOVEMBER-2023,RLT,NHS ENGLAND MIDLANDS,GEORGE ELIOT HOSPITAL NHS TRUST,6544,0,1657,0,0,0,2168,0,40,0,0,0,783,43,904,0,0,20,,,,,,,2023-11-01,8201,2208,66.9,924
MSitAE-NOVEMBER-2023,RQX,NHS ENGLAND LONDON,HOMERTON HEALTHCARE NHS FOUNDATION TRUST,10152,0,0,27,0,0,1867,0,0,0,0,0,194,23,1784,0,0,296,,,,,,,2023-11-01,10152,1867,81.6,2080
MSitAE-NOVEMBER-2023,RXF,NHS ENGLAND NORTH EAST AND YORKSHIRE,MID YORKSHIRE TEACHING NHS TRUST,16566,0,5678,120,0,58,7373,0,349,12,0,0,2278,96,3611,0,134,989,,,,,,,2023-11-01,22244,7722,55.5,4734
MSitAE-NOVEMBER-2023,RY7,NHS ENGLAND NORTH WEST,WIRRAL COMMUNITY HEALTH AND CARE NHS FOUNDATION TRUST,0,0,4434,0,0,0,0,0,124,0,0,0,0,0,0,0,0,0,,,,,,,2023-11-01,4434,124,,0
MSitAE-NOVEMBER-2023,Y03007,NHS ENGLAND MIDLANDS,ERDINGTON GP HEALTH & WELLBEING WIC,0,0,0,0,0,2105,0,0,0,0,0,0,0,0,0,0,0,0,,,,,,,2023-11-01,0,0,,0
MSitAE-NOVEMBER-2023,DD401,NHS ENGLAND SOUTH WEST,EXMOUTH MINOR INJURY UNIT,0,0,853,0,0,0,0,0,0,0,0,0,0,0,0,0,0,0,,,,,,,2023-11-01,853,0,,0
MSitAE-NOVEMBER-2023,Y02147,NHS ENGLAND LONDON,URGENT CARE CENTRE (QMS),0,0,7876,0,0,39,0,0,356,0,0,0,0,0,0,0,0,0,,,,,,,2023-11-01,7876,356,,0
MSitAE-NOVEMBER-2023,AD913,NHS ENGLAND LONDON,BECKENHAM BEACON UCC,0,0,3502,0,0,221,0,0,115,0,0,0,0,0,0,0,0,0,,,,,,,2023-11-01,3502,115,,0
MSitAE-NOVEMBER-2023,RCU,NHS ENGLAND NORTH EAST AND YORKSHIRE,SHEFFIELD CHILDREN'S NHS FOUNDATION TRUST,5030,0,532,272,0,32,577,0,0,34,0,0,6,1,1137,0,0,85,,,,,,,2023-11-01,5562,577,88.5,1222
MSitAE-NOVEMBER-2023,RJC,NHS ENGLAND MIDLANDS,SOUTH WARWICKSHIRE UNIVERSITY NHS FOUNDATION TRUST,7726,0,339,16,0,0,2412,0,0,0,0,0,473,4,2366,0,0,739,,,,,,,2023-11-01,8065,2412,68.8,3105
MSitAE-NOVEMBER-2023,RK9,NHS ENGLAND SOUTH WEST,UNIVERSITY HOSPITALS PLYMOUTH NHS TRUST,8648,124,3720,0,0,0,5533,0,390,0,0,0,602,685,2752,0,0,1391,,,,,,,2023-11-01,12492,5923,36.0,4143
MSitAE-NOVEMBER-2023,RNU,NHS ENGLAND SOUTH EAST,OXFORD HEALTH NHS FOUNDATION TRUST,0,0,3789,0,0,0,0,0,430,0,0,0,0,0,0,0,0,0,,,,,,,2023-11-01,3789,430,,0
MSitAE-NOVEMBER-2023,RXQ,NHS ENGLAND SOUTH EAST,BUCKINGHAMSHIRE HEALTHCARE NHS TRUST,9971,1276,3182,0,0,0,4288,0,154,0,0,0,352,322,3914,896,0,1301,,,,,,,2023-11-01,14429,4442,57.0,6111
MSitAE-NOVEMBER-2023,Y02676,NHS ENGLAND SOUTH EAST,BRIGHTON STATION HEALTH CENTRE,0,0,2012,0,0,0,0,0,0,0,0,0,0,0,0,0,0,0,,,,,,,2023-11-01,2012,0,,0
MSitAE-NOVEMBER-2023,AXG,NHS ENGLAND SOUTH WEST,WILTSHIRE HEALTH & CARE,0,0,2012,0,0,67,0,0,23,0,0,2,0,0,0,0,0,0,,,,,,,2023-11-01,2012,23,,0
MSitAE-NOVEMBER-2023,C82038,NHS ENGLAND MIDLANDS,LATHAM HOUSE MEDICAL PRACTICE,0,0,264,0,0,0,0,0,0,0,0,0,0,0,0,0,0,0,,,,,,,2023-11-01,264,0,,0
MSitAE-NOVEMBER-2023,NR3,NHS ENGLAND MIDLANDS,NOTTINGHAM CITYCARE PARTNERSHIP,0,0,5085,0,0,268,0,0,1288,0,0,2,0,0,0,0,0,0,,,,,,,2023-11-01,5085,1288,,0
MSitAE-NOVEMBER-2023,RBQ,NHS ENGLAND NORTH WEST,LIVERPOOL HEART AND CHEST HOSPITAL NHS FOUNDATION TRUST,0,0,0,0,0,0,0,0,0,0,0,0,0,0,0,0,0,166,,,,,,,2023-11-01,0,0,,166
MSitAE-NOVEMBER-2023,RGN,NHS ENGLAND EAST OF ENGLAND,NORTH WEST ANGLIA NHS FOUNDATION TRUST,12899,0,4390,64,0,388,7091,0,735,29,0,42,450,864,3019,0,101,1403,,,,,,,2023-11-01,17289,7826,45.0,4523
MSitAE-NOVEMBER-2023,RGR,NHS ENGLAND EAST OF ENGLAND,WEST SUFFOLK NHS FOUNDATION TRUST,6786,0,672,66,0,0,2922,0,0,0,0,0,507,371,1825,0,0,655,,,,,,,2023-11-01,7458,2922,56.9,2480
MSitAE-NOVEMBER-2023,RL1,NHS ENGLAND MIDLANDS,THE ROBERT JONES AND AGNES HUNT ORTHOPAEDIC HOSPITAL NHS FOUNDATION TRUST,0,0,0,0,0,0,0,0,0,0,0,0,0,0,0,0,0,22,,,,,,,2023-11-01,0,0,,22
MSitAE-NOVEMBER-2023,RLQ,NHS ENGLAND MIDLANDS,WYE VALLEY NHS TRUST,5609,0,0,162,0,0,2493,0,0,51,0,0,401,249,1825,0,0,710,,,,,,,2023-11-01,5609,2493,55.6,2535
MSitAE-NOVEMBER-2023,RTP,NHS ENGLAND SOUTH EAST,SURREY AND SUSSEX HEALTHCARE NHS TRUST,10240,0,0,0,0,0,3812,0,0,0,0,0,805,326,3227,0,0,994,,,,,,,2023-11-01,10240,3812,62.8,4221
MSitAE-NOVEMBER-2023,RV9,NHS ENGLAND NORTH EAST AND YORKSHIRE,HUMBER TEACHING NHS FOUNDATION TRUST,0,0,923,0,0,29,0,0,6,0,0,0,0,0,0,0,0,0,,,,,,,2023-11-01,923,6,,0
MSitAE-NOVEMBER-2023,RWP,NHS ENGLAND MIDLANDS,WORCESTERSHIRE ACUTE HOSPITALS NHS TRUST,12074,0,5140,189,0,0,6451,0,15,71,0,0,1086,203,3439,0,0,1352,,,,,,,2023-11-01,17214,6466,46.6,4791
MSitAE-NOVEMBER-2023,RXG,NHS ENGLAND NORTH EAST AND YORKSHIRE,SOUTH WEST YORKSHIRE PARTNERSHIP NHS FOUNDATION TRUST,0,0,0,0,0,0,0,0,0,0,0,0,0,0,0,0,0,124,,,,,,,2023-11-01,0,0,,124
MSitAE-NOVEMBER-2023,RXL,NHS ENGLAND NORTH WEST,BLACKPOOL TEACHING HOSPITALS NHS FOUNDATION TRUST,7984,0,9782,248,0,171,3726,0,38,68,0,0,543,434,2466,0,0,1624,,,,,,,2023-11-01,17766,3764,53.3,4090
MSitAE-NOVEMBER-2023,RY8,NHS ENGLAND MIDLANDS,DERBYSHIRE COMMUNITY HEALTH SERVICES NHS FOUNDATION TRUST,0,0,5756,0,0,1757,0,0,0,0,0,1,0,0,0,0,0,0,,,,,,,2023-11-01,5756,0,,0
MSitAE-NOVEMBER-2023,RYF,NHS ENGLAND SOUTH WEST,SOUTH WESTERN AMBULANCE SERVICE NHS FOUNDATION TRUST,0,0,1450,0,0,0,0,0,135,0,0,0,0,0,0,0,0,0,,,,,,,2023-11-01,1450,135,,0
MSitAE-NOVEMBER-2023,Y02428,NHS ENGLAND EAST OF ENGLAND,PUTNOE WALK IN CENTRE,0,0,2634,0,0,0,0,0,0,0,0,0,0,0,0,0,0,0,,,,,,,2023-11-01,2634,0,,0
MSitAE-NOVEMBER-2023,ARN03,NHS ENGLAND NORTH EAST AND YORKSHIRE,LOCAL CARE DIRECT,0,0,2136,0,0,239,0,0,0,0,0,0,0,0,0,0,0,0,,,,,,,2023-11-01,2136,0,,0
MSitAE-NOVEMBER-2023,DT301,NHS ENGLAND EAST OF ENGLAND,HERTS URGENT CARE (ASCOTS LANE),0,0,2198,0,0,0,0,0,5,0,0,0,0,0,0,0,0,0,,,,,,,2023-11-01,2198,5,,0
MSitAE-NOVEMBER-2023,NDA57,NHS ENGLAND SOUTH EAST,HASLEMERE MINOR INJURIES UNIT,0,0,1273,0,0,6,0,0,0,0,0,0,0,0,0,0,0,0,,,,,,,2023-11-01,1273,0,,0
MSitAE-NOVEMBER-2023,NDJ,NHS ENGLAND SOUTH EAST,FIRST COMMUNITY HEALTH AND CARE CIC,0,0,1958,0,0,0,0,0,0,0,0,0,0,0,0,0,0,0,,,,,,,2023-11-01,1958,0,,0
MSitAE-NOVEMBER-2023,NNF09,NHS ENGLAND NORTH EAST AND YORKSHIRE,BRANSHOLME HEALTH CENTRE,0,0,3786,0,0,0,0,0,689,0,0,0,0,0,0,0,0,0,,,,,,,2023-11-01,3786,689,,0
MSitAE-NOVEMBER-2023,NNF76,NHS ENGLAND NORTH EAST AND YORKSHIRE,THE WILBERFORCE HEALTH CENTRE,0,0,2973,0,0,0,0,0,0,0,0,0,0,0,0,0,0,0,,,,,,,2023-11-01,2973,0,,0
MSitAE-NOVEMBER-2023,NNF94,NHS ENGLAND NORTH EAST AND YORKSHIRE,EAST RIDING COMMUNITY HOSPITAL,0,0,2421,0,0,0,0,0,231,0,0,0,0,0,0,0,0,0,,,,,,,2023-11-01,2421,231,,0
MSitAE-NOVEMBER-2023,NNFA7,NHS ENGLAND NORTH EAST AND YORKSHIRE,GOOLE & DISTRICT HOSPITAL,0,0,1388,0,0,0,0,0,7,0,0,0,0,0,0,0,0,0,,,,,,,2023-11-01,1388,7,,0
MSitAE-NOVEMBER-2023,NNJ07,NHS ENGLAND MIDLANDS,LOUGHBOROUGH URGENT CARE CENTRE,0,0,5299,0,0,782,0,0,7,0,0,1,0,0,0,0,0,0,,,,,,,2023-11-01,5299,7,,0
MSitAE-NOVEMBER-2023,NNJ0H,NHS ENGLAND MIDLANDS,LLR EA - THE MERLYN VAZ HEALTH & SOCIAL CARE CENTRE,0,0,224,0,0,1755,0,0,0,0,0,0,0,0,0,0,0,0,,,,,,,2023-11-01,224,0,,0
MSitAE-NOVEMBER-2023,NNJ12,NHS ENGLAND MIDLANDS,MARKET HARBOROUGH,0,0,91,0,0,327,0,0,0,0,0,0,0,0,0,0,0,0,,,,,,,2023-11-01,91,0,,0
MSitAE-NOVEMBER-2023,NNJ13,NHS ENGLAND MIDLANDS,MELTON MOWBRAY,0,0,58,0,0,344,0,0,0,0,0,0,0,0,0,0,0,0,,,,,,,2023-11-01,58,0,,0
MSitAE-NOVEMBER-2023,NNJ14,NHS ENGLAND MIDLANDS,OADBY,0,0,875,0,0,1595,0,0,0,0,0,0,0,0,0,0,0,0,,,,,,,2023-11-01,875,0,,0
MSitAE-NOVEMBER-2023,NNJ15,NHS ENGLAND MIDLANDS,OAKHAM,0,0,66,0,0,321,0,0,0,0,0,1,0,0,0,0,0,0,,,,,,,2023-11-01,66,0,,0
MSitAE-NOVEMBER-2023,NTP11,NHS ENGLAND SOUTH EAST,PRACTICE PLUS GROUP HOSPITAL - SOUTHAMPTON,0,0,5008,0,0,0,0,0,499,0,0,0,0,0,0,0,0,0,,,,,,,2023-11-01,5008,499,,0
MSitAE-NOVEMBER-2023,NTPAD,NHS ENGLAND SOUTH EAST,PRACTICE PLUS GROUP SURGICAL CENTRE - ST MARYS PORTSMOUTH,0,0,5000,0,0,300,0,0,180,0,0,7,0,0,0,0,0,0,,,,,,,2023-11-01,5000,180,,0
MSitAE-NOVEMBER-2023,RA2,NHS ENGLAND SOUTH EAST,ROYAL SURREY COUNTY HOSPITAL NHS FOUNDATION TRUST,6500,0,0,571,0,0,3039,0,0,224,0,0,582,44,2169,0,0,1059,,,,,,,2023-11-01,6500,3039,53.2,3228
MSitAE-NOVEMBER-2023,RBD,NHS ENGLAND SOUTH WEST,DORSET COUNTY HOSPITAL NHS FOUNDATION TRUST,4052,0,0,324,0,3284,1440,0,0,67,0,4,207,56,1732,0,0,583,,,,,,,2023-11-01,4052,1440,64.5,2315
MSitAE-NOVEMBER-2023,RCB,NHS ENGLAND NORTH EAST AND YORKSHIRE,YORK AND SCARBOROUGH TEACHING HOSPITALS NHS FOUNDATION TRUST,10087,374,8103,0,0,750,5845,0,310,0,0,3,881,882,4383,0,0,1582,,,,,,,2023-11-01,18564,6155,42.1,5965
MSitAE-NOVEMBER-2023,RD1,NHS ENGLAND SOUTH WEST,ROYAL UNITED HOSPITALS BATH NHS FOUNDATION TRUST,8275,0,0,0,0,0,3152,0,0,0,0,0,683,11,2529,0,4,1607,,,,,,,2023-11-01,8275,3152,61.9,4140
MSitAE-NOVEMBER-2023,RDU,NHS ENGLAND SOUTH EAST,FRIMLEY HEALTH NHS FOUNDATION TRUST,22419,0,0,0,0,0,9301,0,0,0,0,0,2347,11,6405,0,0,299,,,,,,,2023-11-01,22419,9301,58.5,6704
MSitAE-NOVEMBER-2023,REF,NHS ENGLAND SOUTH WEST,ROYAL CORNWALL HOSPITALS NHS TRUST,5708,0,10246,0,0,0,3153,0,491,0,0,0,412,730,2003,0,54,1173,,,,,,,2023-11-01,15954,3644,44.8,3230
MSitAE-NOVEMBER-2023,REM,NHS ENGLAND NORTH WEST,LIVERPOOL UNIVERSITY HOSPITALS NHS FOUNDATION TRUST,16733,226,7769,476,0,0,7769,0,1180,75,0,0,2040,1325,4938,0,0,2242,,,,,,,2023-11-01,24728,8949,53.6,7180
MSitAE-NOVEMBER-2023,REP,NHS ENGLAND NORTH WEST,LIVERPOOL WOMEN'S NHS FOUNDATION TRUST,0,1253,0,0,143,0,0,147,0,0,0,0,0,0,0,87,0,27,,,,,,,2023-11-01,1253,147,,114
MSitAE-NOVEMBER-2023,RGT,NHS ENGLAND EAST OF ENGLAND,CAMBRIDGE UNIVERSITY HOSPITALS NHS FOUNDATION TRUST,10314,0,5239,674,0,344,5858,0,132,344,0,38,849,343,2209,0,17,353,,,,,,,2023-11-01,15553,5990,43.2,2579
MSitAE-NOVEMBER-2023,RH8,NHS ENGLAND SOUTH WEST,ROYAL DEVON UNIVERSITY HEALTHCARE NHS FOUNDATION TRUST,11391,0,3213,1004,0,59,5162,0,56,437,0,6,773,46,3810,0,0,2144,,,,,,,2023-11-01,14604,5218,54.7,5954
MSitAE-NOVEMBER-2023,RJ7,NHS ENGLAND LONDON,ST GEORGE'S UNIVERSITY HOSPITALS NHS FOUNDATION TRUST,8839,0,2767,856,0,0,3612,0,0,178,0,0,533,653,2441,0,0,928,,,,,,,2023-11-01,11606,3612,59.1,3369
MSitAE-NOVEMBER-2023,RJE,NHS ENGLAND MIDLANDS,UNIVERSITY HOSPITALS OF NORTH MIDLANDS NHS TRUST,12846,422,7286,554,0,284,7023,0,261,265,0,5,556,1181,5706,0,0,3046,,,,,,,2023-11-01,20554,7284,45.3,8752
MSitAE-NOVEMBER-2023,RL4,NHS ENGLAND MIDLANDS,THE ROYAL WOLVERHAMPTON NHS TRUST,12851,0,6686,0,0,859,4262,0,366,0,0,0,1059,395,5820,0,0,880,,,,,,,2023-11-01,19537,4628,66.8,6700
MSitAE-NOVEMBER-2023,RNN,NHS ENGLAND NORTH EAST AND YORKSHIRE,NORTH CUMBRIA INTEGRATED CARE NHS FOUNDATION TRUST,8486,0,1519,324,0,41,3817,0,1,78,0,1,667,568,2252,0,0,838,,,,,,,2023-11-01,10005,3818,55.0,3090
MSitAE-NOVEMBER-2023,RP5,NHS ENGLAND NORTH EAST AND YORKSHIRE,DONCASTER AND BASSETLAW TEACHING HOSPITALS NHS FOUNDATION TRUST,12883,0,3399,0,0,0,5498,0,4,0,0,0,1122,205,3477,0,429,1279,,,,,,,2023-11-01,16282,5502,57.3,5185
MSitAE-NOVEMBER-2023,RR7,NHS ENGLAND NORTH EAST AND YORKSHIRE,GATESHEAD HEALTH NHS FOUNDATION TRUST,5770,0,3426,30,0,37,2671,0,45,12,0,0,910,0,1666,0,0,707,,,,,,,2023-11-01,9196,2716,53.7,2373
MSitAE-NOVEMBER-2023,RRK,NHS ENGLAND MIDLANDS,UNIVERSITY HOSPITALS BIRMINGHAM NHS FOUNDATION TRUST,32528,0,1253,78,0,205,15329,0,20,35,0,0,2807,2089,10610,0,0,5796,,,,,,,2023-11-01,33781,15349,52.9,16406
MSitAE-NOVEMBER-2023,RTG,NHS ENGLAND MIDLANDS,UNIVERSITY HOSPITALS OF DERBY AND BURTON NHS FOUNDATION TRUST,20040,0,9435,236,0,67,9484,0,42,108,0,4,1093,538,4091,0,14,2355,,,,,,,2023-11-01,29475,9526,52.7,6460
MSitAE-NOVEMBER-2023,RY4,NHS ENGLAND EAST OF ENGLAND,HERTFORDSHIRE COMMUNITY NHS TRUST,0,0,978,0,0,0,0,0,25,0,0,0,0,0,0,0,0,0,,,,,,,2023-11-01,978,25,,0
MSitAE-NOVEMBER-2023,C83023,NHS ENGLAND MIDLANDS,SLEAFORD MEDICAL GROUP,0,0,474,0,0,0,0,0,0,0,0,0,0,0,0,0,0,7,,,,,,,2023-11-01,474,0,,7
MSitAE-NOVEMBER-2023,NTV0B,NHS ENGLAND SOUTH EAST,ASHFORD WALK-IN-CENTRE,0,0,2507,0,0,0,0,0,115,0,0,0,0,0,0,0,0,0,,,,,,,2023-11-01,2507,115,,0
MSitAE-NOVEMBER-2023,NTV0W,NHS ENGLAND SOUTH EAST,WOKING WALK IN CENTRE,0,0,2464,0,0,0,0,0,121,0,0,0,0,0,0,0,0,0,,,,,,,2023-11-01,2464,121,,0
MSitAE-NOVEMBER-2023,NV693,NHS ENGLAND NORTH WEST,ROSSENDALE MIU & OOH,0,0,902,0,0,0,0,0,0,0,0,0,0,0,0,0,0,0,,,,,,,2023-11-01,902,0,,0
MSitAE-NOVEMBER-2023,R0B,NHS ENGLAND NORTH EAST AND YORKSHIRE,SOUTH TYNESIDE AND SUNDERLAND NHS FOUNDATION TRUST,11923,1245,5746,439,0,1095,5460,11,144,212,0,16,950,0,4467,20,0,960,,,,,,,2023-11-01,18914,5615,54.2,5447
MSitAE-NOVEMBER-2023,RA7,NHS ENGLAND SOUTH WEST,UNIVERSITY HOSPITALS BRISTOL AND WESTON NHS FOUNDATION TRUST,15369,2212,0,0,0,0,6349,82,0,0,0,0,1360,361,5126,11,0,1611,,,,,,,2023-11-01,17581,6431,58.7,6748
MSitAE-NOVEMBER-2023,RAN,NHS ENGLAND LONDON,ROYAL NATIONAL ORTHOPAEDIC HOSPITAL NHS TRUST,0,0,0,0,0,0,0,0,0,0,0,0,0,0,0,0,0,41,,,,,,,2023-11-01,0,0,,41
MSitAE-NOVEMBER-2023,RBT,NHS ENGLAND NORTH WEST,MID CHESHIRE HOSPITALS NHS FOUNDATION TRUST,7024,0,2555,83,0,16,4005,0,43,20,0,2,471,650,2212,0,0,1124,,,,,,,2023-11-01,9579,4048,43.0,3336
MSitAE-NOVEMBER-2023,RBV,NHS ENGLAND NORTH WEST,THE CHRISTIE NHS FOUNDATION TRUST,0,0,0,0,0,0,0,0,0,0,0,0,0,0,0,0,0,622,,,,,,,2023-11-01,0,0,,622
MSitAE-NOVEMBER-2023,RCX,NHS ENGLAND EAST OF ENGLAND,"THE QUEEN ELIZABETH HOSPITAL, KING'S LYNN, NHS FOUNDATION TRUST",6323,0,982,29,0,0,2979,0,0,13,0,0,246,71,2260,0,0,658,,,,,,,2023-11-01,7305,2979,52.9,2918
MSitAE-NOVEMBER-2023,RD8,NHS ENGLAND EAST OF ENGLAND,MILTON KEYNES UNIVERSITY HOSPITAL NHS FOUNDATION TRUST,8043,0,5154,548,0,95,3003,0,264,180,0,0,645,0,2180,0,0,445,,,,,,,2023-11-01,13197,3267,62.7,2625
MSitAE-NOVEMBER-2023,RFR,NHS ENGLAND NORTH EAST AND YORKSHIRE,THE ROTHERHAM NHS FOUNDATION TRUST,8189,0,0,0,0,0,3044,0,0,0,0,0,488,0,3014,0,0,578,,,,,,,2023-11-01,8189,3044,62.8,3592
MSitAE-NOVEMBER-2023,RJZ,NHS ENGLAND LONDON,KING'S COLLEGE HOSPITAL NHS FOUNDATION TRUST,14716,0,8488,86,0,1111,8078,0,437,36,0,126,1778,900,3573,0,0,513,,,,,,,2023-11-01,23204,8515,45.1,4086
MSitAE-NOVEMBER-2023,RK5,NHS ENGLAND MIDLANDS,SHERWOOD FOREST HOSPITALS NHS FOUNDATION TRUST,10394,0,4941,20,0,110,4730,0,341,9,0,5,817,146,3448,0,0,367,,,,,,,2023-11-01,15335,5071,54.5,3815
MSitAE-NOVEMBER-2023,RKE,NHS ENGLAND LONDON,WHITTINGTON HEALTH NHS TRUST,8592,0,0,0,0,0,3563,0,0,0,0,0,216,436,1056,0,0,43,,,,,,,2023-11-01,8592,3563,58.5,1099
MSitAE-NOVEMBER-2023,RMP,NHS ENGLAND NORTH WEST,TAMESIDE AND GLOSSOP INTEGRATED CARE NHS FOUNDATION TRUST,8465,0,2961,383,0,136,4131,0,0,0,0,0,472,83,2435,0,0,475,,,,,,,2023-11-01,11426,4131,51.2,2910
MSitAE-NOVEMBER-2023,RQM,NHS ENGLAND LONDON,CHELSEA AND WESTMINSTER HOSPITAL NHS FOUNDATION TRUST,19190,0,5761,692,0,0,5625,0,443,0,0,0,836,27,2770,0,0,378,,,,,,,2023-11-01,24951,6068,70.7,3148
MSitAE-NOVEMBER-2023,RR8,NHS ENGLAND NORTH EAST AND YORKSHIRE,LEEDS TEACHING HOSPITALS NHS TRUST,17064,0,11426,100,0,25,7735,0,23,30,0,0,1804,365,3840,0,0,1117,,,,,,,2023-11-01,28490,7758,54.7,4957
MSitAE-NOVEMBER-2023,RRV,NHS ENGLAND LONDON,UNIVERSITY COLLEGE LONDON HOSPITALS NHS FOUNDATION TRUST,12433,0,0,617,0,0,3887,0,0,0,0,0,409,98,1482,0,0,273,,,,,,,2023-11-01,12433,3887,68.7,1755
MSitAE-NOVEMBER-2023,RTD,NHS ENGLAND NORTH EAST AND YORKSHIRE,THE NEWCASTLE UPON TYNE HOSPITALS NHS FOUNDATION TRUST,12733,1497,5455,0,0,814,5419,102,0,0,0,0,619,90,3710,10,0,2744,,,,,,,2023-11-01,19685,5521,57.4,6464
MSitAE-NOVEMBER-2023,RTF,NHS ENGLAND NORTH EAST AND YORKSHIRE,NORTHUMBRIA HEALTHCARE NHS FOUNDATION TRUST,9917,0,10765,0,0,0,2670,0,13,0,0,0,73,6,5196,0,74,1323,,,,,,,2023-11-01,20682,2683,73.1,6593
MSitAE-NOVEMBER-2023,RTK,NHS ENGLAND SOUTH EAST,ASHFORD AND ST PETER'S HOSPITALS NHS FOUNDATION TRUST,9935,0,0,0,0,0,4539,0,0,0,0,0,977,5,2417,0,0,364,,,,,,,2023-11-01,9935,4539,54.3,2781
MSitAE-NOVEMBER-2023,RVW,NHS ENGLAND NORTH EAST AND YORKSHIRE,NORTH TEES AND HARTLEPOOL NHS FOUNDATION TRUST,4702,0,11012,0,0,0,2309,0,50,0,0,0,158,2,1696,0,561,2163,,,,,,,2023-11-01,15714,2359,50.9,4420
MSitAE-NOVEMBER-2023,RWH,NHS ENGLAND EAST OF ENGLAND,EAST AND NORTH HERTFORDSHIRE NHS TRUST,9932,0,5160,0,0,363,5854,0,11,0,0,2,246,32,2664,0,0,231,,,,,,,2023-11-01,15092,5865,41.1,2895
MSitAE-NOVEMBER-2023,RXK,NHS ENGLAND MIDLANDS,SANDWELL AND WEST BIRMINGHAM HOSPITALS NHS TRUST,14191,1018,8321,949,0,0,7311,173,340,242,0,0,1689,373,2893,0,0,447,,,,,,,2023-11-01,23530,7824,48.5,3340
MSitAE-NOVEMBER-2023,RXR,NHS ENGLAND NORTH WEST,EAST LANCASHIRE HOSPITALS NHS TRUST,11560,0,8070,0,0,0,4292,0,669,0,0,0,244,1133,3459,0,82,1974,,,,,,,2023-11-01,19630,4961,62.9,5515
MSitAE-NOVEMBER-2023,RXW,NHS ENGLAND MIDLANDS,THE SHREWSBURY AND TELFORD HOSPITAL NHS TRUST,9998,0,1797,106,0,420,5901,0,204,40,0,4,471,862,2679,0,45,2266,,,,,,,2023-11-01,11795,6105,41.0,4990
MSitAE-NOVEMBER-2023,RY5,NHS ENGLAND MIDLANDS,LINCOLNSHIRE COMMUNITY HEALTH SERVICES NHS TRUST,0,0,7996,0,0,0,0,0,277,0,0,0,0,0,0,0,0,0,,,,,,,2023-11-01,7996,277,,0
MSitAE-NOVEMBER-2023,RYG,NHS ENGLAND MIDLANDS,COVENTRY AND WARWICKSHIRE PARTNERSHIP NHS TRUST,0,0,0,0,0,0,0,0,0,0,0,0,0,0,0,0,10,54,,,,,,,2023-11-01,0,0,,64
MSitAE-NOVEMBER-2023,C82009,NHS ENGLAND MIDLANDS,MARKET HARBOROUGH MED.CTR,0,0,332,0,0,0,0,0,0,0,0,0,0,0,0,0,0,0,,,,,,,2023-11-01,332,0,,0
MSitAE-NOVEMBER-2023,R1D,NHS ENGLAND MIDLANDS,SHROPSHIRE COMMUNITY HEALTH NHS TRUST,0,0,2972,0,0,0,0,0,11,0,0,0,0,0,0,0,0,2,,,,,,,2023-11-01,2972,11,,2
MSitAE-NOVEMBER-2023,R1F,NHS ENGLAND SOUTH EAST,ISLE OF WIGHT NHS TRUST,3296,0,1985,19,0,27,1613,0,0,8,0,0,283,155,1108,0,0,311,,,,,,,2023-11-01,5281,1613,51.1,1419
MSitAE-NOVEMBER-2023,R1K,NHS ENGLAND LONDON,LONDON NORTH WEST UNIVERSITY HEALTHCARE NHS TRUST,12646,0,14204,0,0,0,7365,0,249,0,0,0,918,572,6651,0,0,961,,,,,,,2023-11-01,26850,7614,41.8,7612
MSitAE-NOVEMBER-2023,RAE,NHS ENGLAND NORTH EAST AND YORKSHIRE,BRADFORD TEACHING HOSPITALS NHS FOUNDATION TRUST,9145,0,3103,0,0,0,3192,0,0,0,0,0,866,95,2730,0,113,1545,,,,,,,2023-11-01,12248,3192,65.1,4388
MSitAE-NOVEMBER-2023,RBK,NHS ENGLAND MIDLANDS,WALSALL HEALTHCARE NHS TRUST,8135,0,3915,392,0,140,3151,0,94,70,0,0,1060,109,3548,0,0,785,,,,,,,2023-11-01,12050,3245,61.3,4333
MSitAE-NOVEMBER-2023,RDE,NHS ENGLAND EAST OF ENGLAND,EAST SUFFOLK AND NORTH ESSEX NHS FOUNDATION TRUST,14293,0,10939,289,0,220,7053,0,182,0,0,0,1194,314,5374,0,237,910,,,,,,,2023-11-01,25232,7235,50.7,6521
MSitAE-NOVEMBER-2023,RFF,NHS ENGLAND NORTH EAST AND YORKSHIRE,BARNSLEY HOSPITAL NHS FOUNDATION TRUST,8177,0,0,458,0,0,3278,0,0,0,0,0,628,2,2789,0,0,506,,,,,,,2023-11-01,8177,3278,59.9,3295
MSitAE-NOVEMBER-2023,RH5,NHS ENGLAND SOUTH WEST,SOMERSET NHS FOUNDATION TRUST,12276,0,8320,0,0,0,5066,0,220,0,0,0,346,4,3290,0,0,2147,,,,,,,2023-11-01,20596,5286,58.7,5437
MSitAE-NOVEMBER-2023,RHM,NHS ENGLAND SOUTH EAST,UNIVERSITY HOSPITAL SOUTHAMPTON NHS FOUNDATION TRUST,11462,1231,0,170,0,0,5075,74,0,61,0,0,659,12,3402,14,0,1435,,,,,,,2023-11-01,12693,5149,55.7,4851
MSitAE-NOVEMBER-2023,RHQ,NHS ENGLAND NORTH EAST AND YORKSHIRE,SHEFFIELD TEACHING HOSPITALS NHS FOUNDATION TRUST,8765,1097,7152,402,1,1008,4742,0,211,190,0,22,1447,6,3676,0,0,2772,,,,,,,2023-11-01,17014,4953,45.9,6448
MSitAE-NOVEMBER-2023,RHW,NHS ENGLAND SOUTH EAST,ROYAL BERKSHIRE NHS FOUNDATION TRUST,12094,2214,0,524,0,0,4908,16,0,0,0,0,715,0,2621,1,0,914,,,,,,,2023-11-01,14308,4924,59.4,3536
MSitAE-NOVEMBER-2023,RJL,NHS ENGLAND NORTH EAST AND YORKSHIRE,NORTHERN LINCOLNSHIRE AND GOOLE NHS FOUNDATION TRUST,14469,0,0,0,0,0,4977,0,0,0,0,0,839,687,4606,0,0,579,,,,,,,2023-11-01,14469,4977,65.6,5185
MSitAE-NOVEMBER-2023,RKB,NHS ENGLAND MIDLANDS,UNIVERSITY HOSPITALS COVENTRY AND WARWICKSHIRE NHS TRUST,11301,1753,6796,51,0,99,5791,98,331,30,0,1,284,11,2908,54,86,1489,,,,,,,2023-11-01,19850,6220,48.8,4537
MSitAE-NOVEMBER-2023,RMC,NHS ENGLAND NORTH WEST,BOLTON NHS FOUNDATION TRUST,7757,0,3334,100,0,35,4095,0,536,44,0,6,481,530,2161,0,196,824,,,,,,,2023-11-01,11091,4631,47.2,3181
MSitAE-NOVEMBER-2023,RN5,NHS ENGLAND SOUTH EAST,HAMPSHIRE HOSPITALS NHS FOUNDATION TRUST,12015,0,402,0,0,150,5083,0,2,0,0,0,1087,74,3991,0,0,1235,,,,,,,2023-11-01,12417,5085,57.7,5226
MSitAE-NOVEMBER-2023,RN7,NHS ENGLAND SOUTH EAST,DARTFORD AND GRAVESHAM NHS TRUST,11908,0,3679,0,0,0,4095,0,23,0,0,0,1081,10,3181,0,0,395,,,,,,,2023-11-01,15587,4118,65.6,3576
MSitAE-NOVEMBER-2023,RNZ,NHS ENGLAND SOUTH WEST,SALISBURY NHS FOUNDATION TRUST,4161,301,1567,294,0,0,1596,0,0,116,0,0,468,2,1251,0,0,921,,,,,,,2023-11-01,6029,1596,61.6,2172
MSitAE-NOVEMBER-2023,RP6,NHS ENGLAND LONDON,MOORFIELDS EYE HOSPITAL NHS FOUNDATION TRUST,0,5254,0,0,0,0,0,28,0,0,0,0,0,0,0,1,0,189,,,,,,,2023-11-01,5254,28,,190
MSitAE-NOVEMBER-2023,RRF,NHS ENGLAND NORTH WEST,"WRIGHTINGTON, WIGAN AND LEIGH NHS FOUNDATION TRUST",7254,0,5119,0,0,0,3934,0,48,0,0,0,1170,380,2276,0,0,849,,,,,,,2023-11-01,12373,3982,45.8,3125
MSitAE-NOVEMBER-2023,RTE,NHS ENGLAND SOUTH WEST,GLOUCESTERSHIRE HOSPITALS NHS FOUNDATION TRUST,12220,0,0,232,0,0,5165,0,0,88,0,0,487,912,2804,0,0,1723,,,,,,,2023-11-01,12220,5165,57.7,4527
MSitAE-NOVEMBER-2023,RTQ,NHS ENGLAND SOUTH WEST,GLOUCESTERSHIRE HEALTH AND CARE NHS FOUNDATION TRUST,0,0,5709,0,0,0,0,0,20,0,0,0,0,0,0,0,0,29,,,,,,,2023-11-01,5709,20,,29
MSitAE-NOVEMBER-2023,RTR,NHS ENGLAND NORTH EAST AND YORKSHIRE,SOUTH TEES HOSPITALS NHS FOUNDATION TRUST,10212,0,4921,0,0,346,4693,0,251,0,0,13,1036,99,2689,0,137,2147,,,,,,,2023-11-01,15133,4944,54.0,4973
MSitAE-NOVEMBER-2023,RTX,NHS ENGLAND NORTH WEST,UNIVERSITY HOSPITALS OF MORECAMBE BAY NHS FOUNDATION TRUST,7622,0,3764,252,0,605,3059,0,125,77,0,52,599,407,3084,0,54,974,,,,,,,2023-11-01,11386,3184,59.9,4112
MSitAE-NOVEMBER-2023,RVJ,NHS ENGLAND SOUTH WEST,NORTH BRISTOL NHS TRUST,8514,0,0,91,0,0,3122,0,0,30,0,0,764,213,2803,0,0,1997,,,,,,,2023-11-01,8514,3122,63.3,4800
MSitAE-NOVEMBER-2023,RVV,NHS ENGLAND SOUTH EAST,EAST KENT HOSPITALS UNIVERSITY NHS FOUNDATION TRUST,12367,0,11531,29,0,0,6786,0,320,11,0,0,486,1168,4074,0,487,1281,,,,,,,2023-11-01,23898,7106,45.1,5842
MSitAE-NOVEMBER-2023,RWD,NHS ENGLAND MIDLANDS,UNITED LINCOLNSHIRE HOSPITALS NHS TRUST,10012,0,8900,1,0,0,6572,0,1311,1,0,0,893,799,4208,0,0,1094,,,,,,,2023-11-01,18912,7883,34.4,5302
MSitAE-NOVEMBER-2023,RWE,NHS ENGLAND MIDLANDS,UNIVERSITY HOSPITALS OF LEICESTER NHS TRUST,21869,1833,0,0,0,0,11347,63,0,0,0,0,1638,1387,5656,2,0,3308,,,,,,,2023-11-01,23702,11410,48.1,8966
MSitAE-NOVEMBER-2023,RWW,NHS ENGLAND NORTH WEST,WARRINGTON AND HALTON TEACHING HOSPITALS NHS FOUNDATION TRUST,6797,0,2964,173,0,78,3497,0,125,57,0,6,644,769,1790,0,0,264,,,,,,,2023-11-01,9761,3622,48.6,2054
MSitAE-NOVEMBER-2023,RXN,NHS ENGLAND NORTH WEST,LANCASHIRE TEACHING HOSPITALS NHS FOUNDATION TRUST,11675,0,3671,150,0,87,4977,0,196,41,0,1,1152,302,3213,0,213,1501,,,,,,,2023-11-01,15346,5173,57.4,4927
MSitAE-NOVEMBER-2023,RXP,NHS ENGLAND NORTH EAST AND YORKSHIRE,COUNTY DURHAM AND DARLINGTON NHS FOUNDATION TRUST,12587,0,4141,0,0,5374,6087,0,0,0,0,0,1911,18,4431,0,0,768,,,,,,,2023-11-01,16728,6087,51.6,5199
MSitAE-NOVEMBER-2023,RY2,NHS ENGLAND NORTH WEST,BRIDGEWATER COMMUNITY HEALTHCARE NHS FOUNDATION TRUST,0,0,3308,0,0,151,0,0,177,0,0,10,0,0,0,0,0,0,,,,,,,2023-11-01,3308,177,,0
MSitAE-NOVEMBER-2023,RYR,NHS ENGLAND SOUTH EAST,UNIVERSITY HOSPITALS SUSSEX NHS FOUNDATION TRUST,24316,1522,1982,1815,0,463,10319,20,116,516,0,8,1810,1813,7903,19,46,1390,,,,,,,2023-11-01,27820,10455,57.6,9358
MSitAE-NOVEMBER-2023,RAL,NHS ENGLAND LONDON,ROYAL FREE LONDON NHS FOUNDATION TRUST,17666,0,8607,0,0,0,8616,0,827,0,0,0,1200,688,4183,0,0,525,,,,,,,2023-11-01,26273,9443,51.2,4708
MSitAE-NOVEMBER-2023,RAP,NHS ENGLAND LONDON,NORTH MIDDLESEX UNIVERSITY HOSPITAL NHS TRUST,8452,511,6919,78,0,118,4737,7,1205,47,0,25,266,806,1511,0,0,180,,,,,,,2023-11-01,15882,5949,44.0,1691
MSitAE-NOVEMBER-2023,RBN,NHS ENGLAND NORTH WEST,MERSEY AND WEST LANCASHIRE TEACHING HOSPITALS NHS TRUST,17429,0,7179,390,0,0,7511,0,291,89,0,0,536,343,7531,0,0,607,,,,,,,2023-11-01,24608,7802,56.9,8138
MSitAE-NOVEMBER-2023,RCF,NHS ENGLAND NORTH EAST AND YORKSHIRE,AIREDALE NHS FOUNDATION TRUST,5400,266,10,433,0,0,3173,0,0,0,0,0,393,238,1450,0,0,601,,,,,,,2023-11-01,5676,3173,41.2,2051
MSitAE-NOVEMBER-2023,RF4,NHS ENGLAND LONDON,"BARKING, HAVERING AND REDBRIDGE UNIVERSITY HOSPITALS NHS TRUST",12638,2126,12047,0,0,0,6301,493,1595,0,0,0,615,740,7301,0,0,405,,,,,,,2023-11-01,26811,8389,50.1,7706
MSitAE-NOVEMBER-2023,RGP,NHS ENGLAND EAST OF ENGLAND,JAMES PAGET UNIVERSITY HOSPITALS NHS FOUNDATION TRUST,6280,0,1070,119,0,0,2193,0,0,38,0,0,595,237,1733,0,0,546,,,,,,,2023-11-01,7350,2193,65.1,2279
MSitAE-NOVEMBER-2023,RHU,NHS ENGLAND SOUTH EAST,PORTSMOUTH HOSPITALS UNIVERSITY NATIONAL HEALTH SERVICE TRUST,9278,778,2572,1353,0,663,4867,10,25,649,0,17,1431,24,3693,0,0,2498,,,,,,,2023-11-01,12628,4902,47.5,6191
MSitAE-NOVEMBER-2023,RJ2,NHS ENGLAND LONDON,LEWISHAM AND GREENWICH NHS TRUST,13620,0,11820,31,0,0,7924,0,1808,8,0,0,1267,606,3672,0,0,1354,,,,,,,2023-11-01,25440,9732,41.8,5026
MSitAE-NOVEMBER-2023,RM1,NHS ENGLAND EAST OF ENGLAND,NORFOLK AND NORWICH UNIVERSITY HOSPITALS NHS FOUNDATION TRUST,10577,0,7801,355,0,0,4017,0,0,85,0,0,846,272,2438,0,0,1613,,,,,,,2023-11-01,18378,4017,62.0,4051
MSitAE-NOVEMBER-2023,RQ3,NHS ENGLAND MIDLANDS,BIRMINGHAM WOMEN'S AND CHILDREN'S NHS FOUNDATION TRUST,5628,0,0,0,0,0,1934,0,0,0,0,0,0,0,1031,0,0,219,,,,,,,2023-11-01,5628,1934,65.6,1250
MSitAE-NOVEMBER-2023,RWA,NHS ENGLAND NORTH EAST AND YORKSHIRE,HULL UNIVERSITY TEACHING HOSPITALS NHS TRUST,10991,0,0,0,0,0,6005,0,0,0,0,0,935,577,3381,0,0,1815,,,,,,,2023-11-01,10991,6005,45.4,5196
MSitAE-NOVEMBER-2023,RWG,NHS ENGLAND EAST OF ENGLAND,WEST HERTFORDSHIRE TEACHING HOSPITALS NHS TRUST,7712,0,7961,0,0,258,4333,0,221,0,0,0,1480,25,3436,0,0,473,,,,,,,2023-11-01,15673,4554,43.8,3909
MSitAE-NOVEMBER-2023,RWJ,NHS ENGLAND NORTH WEST,STOCKPORT NHS FOUNDATION TRUST,8994,0,0,705,0,0,3426,0,0,194,0,0,1015,224,2718,0,0,747,,,,,,,2023-11-01,8994,3426,61.9,3465
MSitAE-NOVEMBER-2023,RWX,NHS ENGLAND SOUTH EAST,BERKSHIRE HEALTHCARE NHS FOUNDATION TRUST,0,0,1381,0,0,0,0,0,11,0,0,0,0,0,0,0,40,0,,,,,,,2023-11-01,1381,11,,40
MSitAE-NOVEMBER-2023,Y03571,NHS ENGLAND MIDLANDS,CORBY URGENT CARE CENTRE,0,0,8442,0,0,598,0,0,94,0,0,0,0,0,0,0,0,0,,,,,,,2023-11-01,8442,94,,0
MSitAE-NOVEMBER-2023,R0A,NHS ENGLAND NORTH WEST,MANCHESTER UNIVERSITY NHS FOUNDATION TRUST,24747,3199,12197,2802,421,803,11810,151,1086,1217,14,146,3782,191,5768,188,223,452,,,,,,,2023-11-01,40143,13047,52.3,6631
MSitAE-NOVEMBER-2023,R0D,NHS ENGLAND SOUTH WEST,UNIVERSITY HOSPITALS DORSET NHS FOUNDATION TRUST,12216,0,3609,636,0,0,5966,0,0,285,0,0,986,70,4068,3,0,2314,,,,,,,2023-11-01,15825,5966,51.2,6385
MSitAE-NOVEMBER-2023,R1H,NHS ENGLAND LONDON,BARTS HEALTH NHS TRUST,24350,885,15862,0,0,0,11900,25,2473,0,0,0,1200,1254,5293,0,0,1221,,,,,,,2023-11-01,41097,14398,51.1,6514
MSitAE-NOVEMBER-2023,RC9,NHS ENGLAND EAST OF ENGLAND,BEDFORDSHIRE HOSPITALS NHS FOUNDATION TRUST,15567,0,7247,0,0,676,5763,0,0,0,0,0,80,0,4791,0,0,2359,,,,,,,2023-11-01,22814,5763,63.0,7150
MSitAE-NOVEMBER-2023,RYX,NHS ENGLAND LONDON,CENTRAL LONDON COMMUNITY HEALTHCARE NHS TRUST,0,0,10277,0,0,348,0,0,273,0,0,4,0,0,0,0,0,0,,,,,,,2023-11-01,10277,273,,0
MSitAE-NOVEMBER-2023,RAS,NHS ENGLAND LONDON,THE HILLINGDON HOSPITALS NHS FOUNDATION TRUST,5486,0,5827,0,0,0,3860,0,159,0,0,0,501,5,1823,0,0,215,,,,,,,2023-11-01,11313,4019,29.6,2038
MSitAE-NOVEMBER-2023,RBS,NHS ENGLAND NORTH WEST,ALDER HEY CHILDREN'S NHS FOUNDATION TRUST,6040,0,0,0,0,0,1267,0,0,0,0,0,0,0,957,0,0,387,,,,,,,2023-11-01,6040,1267,79.0,1344
MSitAE-NOVEMBER-2023,RDR,NHS ENGLAND SOUTH EAST,SUSSEX COMMUNITY NHS FOUNDATION TRUST,0,0,10981,0,0,0,0,0,169,0,0,0,0,0,0,0,0,0,,,,,,,2023-11-01,10981,169,,0
MSitAE-NOVEMBER-2023,RN3,NHS ENGLAND SOUTH WEST,GREAT WESTERN HOSPITALS NHS FOUNDATION TRUST,5236,0,5014,0,0,241,2685,0,310,0,0,1,424,126,2264,0,0,1514,,,,,,,2023-11-01,10250,2995,48.7,3778
MSitAE-NOVEMBER-2023,RYJ,NHS ENGLAND LONDON,IMPERIAL COLLEGE HEALTHCARE NHS TRUST,12188,3780,6227,0,0,305,6000,36,726,0,0,0,779,104,3642,4,0,1094,,,,,,,2023-11-01,22195,6762,50.8,4740
MSitAE-NOVEMBER-2023,RBL,NHS ENGLAND NORTH WEST,WIRRAL UNIVERSITY TEACHING HOSPITAL NHS FOUNDATION TRUST,7939,0,2805,123,0,126,4334,0,25,56,0,0,751,437,2199,0,0,1600,,,,,,,2023-11-01,10744,4359,45.4,3799
MSitAE-NOVEMBER-2023,RJ6,NHS ENGLAND LONDON,CROYDON HEALTH SERVICES NHS TRUST,12899,0,4803,1,0,0,5272,0,0,0,0,0,549,504,1475,0,0,135,,,,,,,2023-11-01,17702,5272,59.1,1610
MSitAE-NOVEMBER-2023,RM3,NHS ENGLAND NORTH WEST,NORTHERN CARE ALLIANCE NHS FOUNDATION TRUST,24309,0,7154,0,0,0,12245,0,244,0,0,0,1386,848,6990,0,383,1901,,,,,,,2023-11-01,31463,12489,49.6,9274
MSitAE-NOVEMBER-2023,RQW,NHS ENGLAND EAST OF ENGLAND,THE PRINCESS ALEXANDRA HOSPITAL NHS TRUST,8426,0,816,0,0,865,5028,0,21,0,0,0,580,128,2057,0,0,480,,,,,,,2023-11-01,9242,5049,40.3,2537
MSitAE-NOVEMBER-2023,RCD,NHS ENGLAND NORTH EAST AND YORKSHIRE,HARROGATE AND DISTRICT NHS FOUNDATION TRUST,4710,0,703,163,0,31,1695,0,0,41,0,0,450,46,1292,0,0,493,,,,,,,2023-11-01,5413,1695,64.0,1785
MSitAE-NOVEMBER-2023,RET,NHS ENGLAND NORTH WEST,THE WALTON CENTRE NHS FOUNDATION TRUST,0,0,0,0,0,0,0,0,0,0,0,0,0,0,0,0,0,176,,,,,,,2023-11-01,0,0,,176
MSitAE-NOVEMBER-2023,RJ1,NHS ENGLAND LONDON,GUY'S AND ST THOMAS' NHS FOUNDATION TRUST,10626,801,4270,0,0,1810,5203,0,387,0,0,0,280,56,1857,0,0,288,,,,,,,2023-11-01,15697,5590,51.0,2145
MSitAE-NOVEMBER-2023,RNA,NHS ENGLAND MIDLANDS,THE DUDLEY GROUP NHS FOUNDATION TRUST,9348,0,4639,153,0,623,3902,0,70,26,0,0,2999,142,3481,0,0,1818,,,,,,,2023-11-01,13987,3972,58.3,5299
MSitAE-NOVEMBER-2023,RNQ,NHS ENGLAND MIDLANDS,KETTERING GENERAL HOSPITAL NHS FOUNDATION TRUST,9238,0,0,334,0,0,4687,0,0,0,0,0,1332,0,1973,0,0,146,,,,,,,2023-11-01,9238,4687,49.3,2119
MSitAE-NOVEMBER-2023,RTH,NHS ENGLAND SOUTH EAST,OXFORD UNIVERSITY HOSPITALS NHS FOUNDATION TRUST,12200,1867,414,1530,0,97,6046,0,18,711,0,6,996,0,4040,136,3,4200,,,,,,,2023-11-01,14481,6064,50.4,8379
MSitAE-NOVEMBER-2023,NNJ,NHS ENGLAND MIDLANDS,DHU HEALTH CARE C.I.C,0,0,1851,0,0,0,0,0,1,0,0,0,0,0,0,0,0,0,,,,,,,2023-11-01,1851,1,,0
MSitAE-NOVEMBER-2023,RPA,NHS ENGLAND SOUTH EAST,MEDWAY NHS FOUNDATION TRUST,8409,0,6649,320,0,1315,3234,0,1139,85,0,0,396,766,2163,0,0,1097,,,,,,,2023-11-01,15058,4373,61.5,3260
MSitAE-NOVEMBER-2023,Y04538,NHS ENGLAND SOUTH EAST,BRACKNELL URGENT CARE CENTRE WIC,0,0,2269,0,0,0,0,0,0,0,0,0,0,0,0,0,0,0,,,,,,,2023-11-01,2269,0,,0
MSitAE-NOVEMBER-2023,RNS,NHS ENGLAND MIDLANDS,NORTHAMPTON GENERAL HOSPITAL NHS TRUST,9057,543,2072,105,0,31,4388,13,46,28,0,4,293,836,1931,0,0,1415,,,,,,,2023-11-01,11672,4447,51.6,3346
MSitAE-NOVEMBER-2023,RAX,NHS ENGLAND LONDON,KINGSTON HOSPITAL NHS FOUNDATION TRUST,7336,0,7719,0,0,0,4079,0,303,0,0,0,391,236,1918,0,96,548,,,,,,,2023-11-01,15055,4382,44.4,2562
MSitAE-NOVEMBER-2023,RY9,NHS ENGLAND LONDON,HOUNSLOW AND RICHMOND COMMUNITY HEALTHCARE NHS TRUST,0,0,0,0,0,0,0,0,0,0,0,0,0,0,0,0,0,0,,,,,,,2023-11-01,0,0,,0
MSitAE-NOVEMBER-2023,RWF,NHS ENGLAND SOUTH EAST,MAIDSTONE AND TUNBRIDGE WELLS NHS TRUST,18056,0,2166,780,0,194,3250,0,50,61,0,10,1078,105,5655,0,0,1108,,,,,,,2023-11-01,20222,3300,82.0,6763
MSitAE-NOVEMBER-2023,RX1,NHS ENGLAND MIDLANDS,NOTTINGHAM UNIVERSITY HOSPITALS NHS TRUST,15318,1883,295,508,0,0,9264,325,10,304,0,0,700,977,3958,0,0,3803,,,,,,,2023-11-01,17496,9599,39.5,7761
MSitAE-NOVEMBER-2023,NLX,NHS ENGLAND SOUTH WEST,SIRONA CARE & HEALTH,0,0,7544,0,0,208,0,0,486,0,0,51,0,0,0,0,0,0,,,,,,,2023-11-01,7544,486,,0
MSitAE-NOVEMBER-2023,RFS,NHS ENGLAND MIDLANDS,CHESTERFIELD ROYAL HOSPITAL NHS FOUNDATION TRUST,7141,0,1071,251,0,105,3091,0,212,112,0,18,719,37,2462,0,332,689,,,,,,,2023-11-01,8212,3303,56.7,3483
MSitAE-NOVEMBER-2023,G0Q0L,NHS ENGLAND LONDON,BARKING HOSPITAL UTC,0,0,2611,0,0,0,0,0,195,0,0,0,0,0,0,0,0,0,,,,,,,2023-11-01,2611,195,,0
MSitAE-NOVEMBER-2023,K6K0R,NHS ENGLAND LONDON,HAROLD WOOD POLYCLINIC UTC,0,0,2665,0,0,0,0,0,179,0,0,0,0,0,0,0,0,0,,,,,,,2023-11-01,2665,179,,0
MSitAE-NOVEMBER-2023,RA9,NHS ENGLAND SOUTH WEST,TORBAY AND SOUTH DEVON NHS FOUNDATION TRUST,5922,0,2725,282,0,2,2836,0,32,83,0,0,673,143,2045,0,0,1152,,,,,,,2023-11-01,8647,2868,52.1,3197
MSitAE-NOVEMBER-2023,RVR,NHS ENGLAND LONDON,EPSOM AND ST HELIER UNIVERSITY HOSPITALS NHS TRUST,12830,308,0,216,1,0,3405,0,0,27,0,0,312,638,2042,6,0,158,,,,,,,2023-11-01,13138,3405,73.5,2206
MSitAE-OCTOBER-2023,NQTE4,NHS ENGLAND MIDLANDS,SUMMERFIELD URGENT CARE CENTRE,0,0,3397,0,0,0,0,0,0,0,0,0,0,0,0,0,0,0,,,,,,,2023-10-01,3397,0,,0
MSitAE-OCTOBER-2023,RAT,NHS ENGLAND LONDON,NORTH EAST LONDON NHS FOUNDATION TRUST,0,0,2014,0,0,0,0,0,86,0,0,0,0,0,0,0,0,0,,,,,,,2023-10-01,2014,86,,0
MSitAE-OCTOBER-2023,RYY,NHS ENGLAND SOUTH EAST,KENT COMMUNITY HEALTH NHS FOUNDATION TRUST,0,0,9657,0,0,0,0,0,27,0,0,0,0,0,0,0,0,0,,,,,,,2023-10-01,9657,27,,0
MSitAE-OCTOBER-2023,8J094,NHS ENGLAND MIDLANDS,BADGER LTD,0,0,0,0,0,2150,0,0,0,0,0,0,0,0,0,0,0,0,,,,,,,2023-10-01,0,0,,0
MSitAE-OCTOBER-2023,AAH,NHS ENGLAND SOUTH WEST,TETBURY HOSPITAL TRUST LTD,0,0,407,0,0,0,0,0,1,0,0,0,0,0,0,0,0,0,,,,,,,2023-10-01,407,1,,0
MSitAE-OCTOBER-2023,AJN,NHS ENGLAND NORTH EAST AND YORKSHIRE,WORKINGTON HEALTH LIMITED,0,0,458,0,0,0,0,0,0,0,0,0,0,0,0,0,0,0,,,,,,,2023-10-01,458,0,,0
MSitAE-OCTOBER-2023,C82038,NHS ENGLAND MIDLANDS,LATHAM HOUSE MEDICAL PRACTICE,0,0,275,0,0,0,0,0,0,0,0,0,0,0,0,0,0,0,,,,,,,2023-10-01,275,0,,0
MSitAE-OCTOBER-2023,NL7,NHS ENGLAND MIDLANDS,ASSURA VERTIS URGENT CARE CENTRES (BIRMINGHAM),0,0,4107,0,0,0,0,0,0,0,0,0,0,0,0,0,0,0,,,,,,,2023-10-01,4107,0,,0
MSitAE-OCTOBER-2023,NQT51,NHS ENGLAND SOUTH EAST,STATION PLAZA HEALTH CENTRE,0,0,1627,0,0,0,0,0,0,0,0,0,0,0,0,0,0,0,,,,,,,2023-10-01,1627,0,,0
MSitAE-OCTOBER-2023,NQT5F,NHS ENGLAND NORTH WEST,SKELMERSDALE WALK IN CENTRE,0,0,2012,0,0,0,0,0,15,0,0,0,0,0,0,0,0,0,,,,,,,2023-10-01,2012,15,,0
MSitAE-OCTOBER-2023,NQT5H,NHS ENGLAND SOUTH WEST,PAULTON MEMORIAL HOSPITAL,0,0,984,0,0,0,0,0,30,0,0,0,0,0,0,0,0,0,,,,,,,2023-10-01,984,30,,0
MSitAE-OCTOBER-2023,R0B,NHS ENGLAND NORTH EAST AND YORKSHIRE,SOUTH TYNESIDE AND SUNDERLAND NHS FOUNDATION TRUST,11808,1337,5679,429,0,1190,5033,14,136,177,0,14,914,1,4518,18,0,1170,,,,,,,2023-10-01,18824,5183,57.4,5706
MSitAE-OCTOBER-2023,RDY,NHS ENGLAND SOUTH WEST,DORSET HEALTHCARE UNIVERSITY NHS FOUNDATION TRUST,0,0,0,0,0,0,0,0,0,0,0,0,0,0,0,0,5,1,,,,,,,2023-10-01,0,0,,6
MSitAE-OCTOBER-2023,RGP,NHS ENGLAND EAST OF ENGLAND,JAMES PAGET UNIVERSITY HOSPITALS NHS FOUNDATION TRUST,6540,0,1215,123,0,0,2507,0,0,35,0,0,624,332,1665,0,0,469,,,,,,,2023-10-01,7755,2507,61.7,2134
MSitAE-OCTOBER-2023,RPC,NHS ENGLAND SOUTH EAST,QUEEN VICTORIA HOSPITAL NHS FOUNDATION TRUST,0,0,1617,0,0,0,0,0,0,0,0,0,0,0,0,0,5,556,,,,,,,2023-10-01,1617,0,,561
MSitAE-OCTOBER-2023,RW1,NHS ENGLAND SOUTH EAST,SOUTHERN HEALTH NHS FOUNDATION TRUST,0,0,2806,0,0,0,0,0,73,0,0,0,0,0,0,0,0,166,,,,,,,2023-10-01,2806,73,,166
MSitAE-OCTOBER-2023,RXQ,NHS ENGLAND SOUTH EAST,BUCKINGHAMSHIRE HEALTHCARE NHS TRUST,9751,1165,3405,1,0,0,4191,0,160,1,0,0,325,338,3948,786,0,1096,,,,,,,2023-10-01,14321,4351,57.0,5830
MSitAE-OCTOBER-2023,Y00751,NHS ENGLAND SOUTH EAST,EAST BERKS PRIMARY CARE OOH(WAM),0,0,0,0,0,0,0,0,0,0,0,0,0,0,0,0,0,0,,,,,,,2023-10-01,0,0,,0
MSitAE-OCTOBER-2023,Y02532,NHS ENGLAND NORTH WEST,MIRIAM MINOR EMERGENCY,0,0,1790,0,0,0,0,0,6,0,0,0,0,0,0,0,0,0,,,,,,,2023-10-01,1790,6,,0
MSitAE-OCTOBER-2023,Y03007,NHS ENGLAND MIDLANDS,ERDINGTON GP HEALTH & WELLBEING WIC,0,0,0,0,0,2092,0,0,0,0,0,0,0,0,0,0,0,0,,,,,,,2023-10-01,0,0,,0
MSitAE-OCTOBER-2023,DD401,NHS ENGLAND SOUTH WEST,EXMOUTH MINOR INJURY UNIT,0,0,952,0,0,0,0,0,0,0,0,0,0,0,0,0,0,0,,,,,,,2023-10-01,952,0,,0
MSitAE-OCTOBER-2023,DT301,NHS ENGLAND EAST OF ENGLAND,HERTS URGENT CARE (ASCOTS LANE),0,0,2418,0,0,0,0,0,10,0,0,0,0,0,0,0,0,0,,,,,,,2023-10-01,2418,10,,0
MSitAE-OCTOBER-2023,L83087,NHS ENGLAND SOUTH WEST,OKEHAMPTON MEDICAL CENTRE,0,0,93,0,0,0,0,0,0,0,0,0,0,0,0,0,0,0,,,,,,,2023-10-01,93,0,,0
MSitAE-OCTOBER-2023,RBQ,NHS ENGLAND NORTH WEST,LIVERPOOL HEART AND CHEST HOSPITAL NHS FOUNDATION TRUST,0,0,0,0,0,0,0,0,0,0,0,0,0,0,0,0,0,146,,,,,,,2023-10-01,0,0,,146
MSitAE-OCTOBER-2023,RY7,NHS ENGLAND NORTH WEST,WIRRAL COMMUNITY HEALTH AND CARE NHS FOUNDATION TRUST,0,0,4699,0,0,0,0,0,98,0,0,0,0,0,0,0,0,0,,,,,,,2023-10-01,4699,98,,0
MSitAE-OCTOBER-2023,RFF,NHS ENGLAND NORTH EAST AND YORKSHIRE,BARNSLEY HOSPITAL NHS FOUNDATION TRUST,8304,0,0,456,0,0,3006,0,0,0,0,0,385,2,2688,0,0,534,,,,,,,2023-10-01,8304,3006,63.8,3222
MSitAE-OCTOBER-2023,RL1,NHS ENGLAND MIDLANDS,THE ROBERT JONES AND AGNES HUNT ORTHOPAEDIC HOSPITAL NHS FOUNDATION TRUST,0,0,0,0,0,0,0,0,0,0,0,0,0,0,0,0,0,22,,,,,,,2023-10-01,0,0,,22
MSitAE-OCTOBER-2023,RW4,NHS ENGLAND NORTH WEST,MERSEY CARE NHS FOUNDATION TRUST,0,0,12246,0,0,0,0,0,1313,0,0,0,0,0,0,0,0,84,,,,,,,2023-10-01,12246,1313,,84
MSitAE-OCTOBER-2023,Y02676,NHS ENGLAND SOUTH EAST,BRIGHTON STATION HEALTH CENTRE,0,0,1915,0,0,0,0,0,0,0,0,0,0,0,0,0,0,0,,,,,,,2023-10-01,1915,0,,0
MSitAE-OCTOBER-2023,AQN04,NHS ENGLAND SOUTH EAST,PHL LYMINGTON UTC,0,0,2818,0,0,20,0,0,31,0,0,0,0,0,0,0,0,0,,,,,,,2023-10-01,2818,31,,0
MSitAE-OCTOBER-2023,AXG,NHS ENGLAND SOUTH WEST,WILTSHIRE HEALTH & CARE,0,0,2259,0,0,54,0,0,44,0,0,0,0,0,0,0,0,0,,,,,,,2023-10-01,2259,44,,0
MSitAE-OCTOBER-2023,RCF,NHS ENGLAND NORTH EAST AND YORKSHIRE,AIREDALE NHS FOUNDATION TRUST,5549,286,20,490,0,0,2832,0,0,0,0,0,408,142,1383,0,0,649,,,,,,,2023-10-01,5855,2832,49.0,2032
MSitAE-OCTOBER-2023,RNZ,NHS ENGLAND SOUTH WEST,SALISBURY NHS FOUNDATION TRUST,4285,316,1608,262,0,0,1736,0,0,99,0,0,456,3,1305,0,0,806,,,,,,,2023-10-01,6209,1736,59.5,2111
MSitAE-OCTOBER-2023,RY4,NHS ENGLAND EAST OF ENGLAND,HERTFORDSHIRE COMMUNITY NHS TRUST,0,0,1047,0,0,0,0,0,27,0,0,0,0,0,0,0,0,0,,,,,,,2023-10-01,1047,27,,0
MSitAE-OCTOBER-2023,Y04538,NHS ENGLAND SOUTH EAST,BRACKNELL URGENT CARE CENTRE WIC,0,0,2193,0,0,0,0,0,94,0,0,0,0,0,0,0,0,0,,,,,,,2023-10-01,2193,94,,0
MSitAE-OCTOBER-2023,ARN03,NHS ENGLAND NORTH EAST AND YORKSHIRE,LOCAL CARE DIRECT,0,0,2422,0,0,260,0,0,0,0,0,0,0,0,0,0,0,0,,,,,,,2023-10-01,2422,0,,0
MSitAE-OCTOBER-2023,NTP11,NHS ENGLAND SOUTH EAST,PRACTICE PLUS GROUP HOSPITAL - SOUTHAMPTON,0,0,5491,0,0,0,0,0,460,0,0,0,0,0,0,0,0,0,,,,,,,2023-10-01,5491,460,,0
MSitAE-OCTOBER-2023,RAN,NHS ENGLAND LONDON,ROYAL NATIONAL ORTHOPAEDIC HOSPITAL NHS TRUST,0,0,0,0,0,0,0,0,0,0,0,0,0,0,0,0,0,38,,,,,,,2023-10-01,0,0,,38
MSitAE-OCTOBER-2023,RJ8,NHS ENGLAND SOUTH WEST,CORNWALL PARTNERSHIP NHS FOUNDATION TRUST,0,0,0,0,0,0,0,0,0,0,0,0,0,0,0,0,17,56,,,,,,,2023-10-01,0,0,,73
MSitAE-OCTOBER-2023,RJC,NHS ENGLAND MIDLANDS,SOUTH WARWICKSHIRE UNIVERSITY NHS FOUNDATION TRUST,8036,0,391,12,0,0,2371,0,0,0,0,0,312,0,2222,0,0,788,,,,,,,2023-10-01,8427,2371,70.5,3010
MSitAE-OCTOBER-2023,RNU,NHS ENGLAND SOUTH EAST,OXFORD HEALTH NHS FOUNDATION TRUST,0,0,4083,0,0,0,0,0,510,0,0,0,0,0,0,0,0,0,,,,,,,2023-10-01,4083,510,,0
MSitAE-OCTOBER-2023,RQ3,NHS ENGLAND MIDLANDS,BIRMINGHAM WOMEN'S AND CHILDREN'S NHS FOUNDATION TRUST,5395,0,0,0,0,0,1356,0,0,0,0,0,0,0,960,0,0,230,,,,,,,2023-10-01,5395,1356,74.9,1190
MSitAE-OCTOBER-2023,RV9,NHS ENGLAND NORTH EAST AND YORKSHIRE,HUMBER TEACHING NHS FOUNDATION TRUST,0,0,1018,0,0,36,0,0,1,0,0,2,0,0,0,0,0,0,,,,,,,2023-10-01,1018,1,,0
MSitAE-OCTOBER-2023,RWY,NHS ENGLAND NORTH EAST AND YORKSHIRE,CALDERDALE AND HUDDERSFIELD NHS FOUNDATION TRUST,14971,0,0,0,0,0,5076,0,0,0,0,0,1455,3,2975,0,0,687,,,,,,,2023-10-01,14971,5076,66.1,3662
MSitAE-OCTOBER-2023,RXF,NHS ENGLAND NORTH EAST AND YORKSHIRE,MID YORKSHIRE TEACHING NHS TRUST,17051,0,6310,124,0,22,7313,0,579,4,0,1,2461,75,3766,0,140,940,,,,,,,2023-10-01,23361,7892,57.1,4846
MSitAE-OCTOBER-2023,RY8,NHS ENGLAND MIDLANDS,DERBYSHIRE COMMUNITY HEALTH SERVICES NHS FOUNDATION TRUST,0,0,6132,0,0,1916,0,0,1,0,0,0,0,0,0,0,0,0,,,,,,,2023-10-01,6132,1,,0
MSitAE-OCTOBER-2023,RDU,NHS ENGLAND SOUTH EAST,FRIMLEY HEALTH NHS FOUNDATION TRUST,22398,0,0,0,0,0,8895,0,0,0,0,0,2125,3,6265,0,0,295,,,,,,,2023-10-01,22398,8895,60.3,6560
MSitAE-OCTOBER-2023,RJN,NHS ENGLAND NORTH WEST,EAST CHESHIRE NHS TRUST,4455,0,0,56,0,28,2109,0,0,0,0,0,267,136,994,0,0,215,,,,,,,2023-10-01,4455,2109,52.7,1209
MSitAE-OCTOBER-2023,RLT,NHS ENGLAND MIDLANDS,GEORGE ELIOT HOSPITAL NHS TRUST,6631,0,1658,0,0,0,2315,0,32,0,0,0,767,31,970,0,0,36,,,,,,,2023-10-01,8289,2347,65.1,1006
MSitAE-OCTOBER-2023,RTP,NHS ENGLAND SOUTH EAST,SURREY AND SUSSEX HEALTHCARE NHS TRUST,10162,0,0,0,0,0,3590,0,0,0,0,0,767,469,3118,0,0,832,,,,,,,2023-10-01,10162,3590,64.7,3950
MSitAE-OCTOBER-2023,RTQ,NHS ENGLAND SOUTH WEST,GLOUCESTERSHIRE HEALTH AND CARE NHS FOUNDATION TRUST,0,0,6619,0,0,0,0,0,18,0,0,0,0,0,0,0,0,26,,,,,,,2023-10-01,6619,18,,26
MSitAE-OCTOBER-2023,RXG,NHS ENGLAND NORTH EAST AND YORKSHIRE,SOUTH WEST YORKSHIRE PARTNERSHIP NHS FOUNDATION TRUST,0,0,0,0,0,0,0,0,0,0,0,0,0,0,0,0,0,129,,,,,,,2023-10-01,0,0,,129
MSitAE-OCTOBER-2023,RXL,NHS ENGLAND NORTH WEST,BLACKPOOL TEACHING HOSPITALS NHS FOUNDATION TRUST,8573,0,10276,231,0,228,4221,0,62,78,0,0,504,813,2710,0,0,1529,,,,,,,2023-10-01,18849,4283,50.8,4239
MSitAE-OCTOBER-2023,RY5,NHS ENGLAND MIDLANDS,LINCOLNSHIRE COMMUNITY HEALTH SERVICES NHS TRUST,0,0,8405,0,0,0,0,0,289,0,0,0,0,0,0,0,0,0,,,,,,,2023-10-01,8405,289,,0
MSitAE-OCTOBER-2023,RYF,NHS ENGLAND SOUTH WEST,SOUTH WESTERN AMBULANCE SERVICE NHS FOUNDATION TRUST,0,0,1474,0,0,0,0,0,169,0,0,0,0,0,0,0,0,0,,,,,,,2023-10-01,1474,169,,0
MSitAE-OCTOBER-2023,Y02615,NHS ENGLAND MIDLANDS,SOUTH BIRMINGHAM GP WALK IN CENTRE,0,0,6466,0,0,0,0,0,0,0,0,0,0,0,0,0,0,0,,,,,,,2023-10-01,6466,0,,0
MSitAE-OCTOBER-2023,NDJ,NHS ENGLAND SOUTH EAST,FIRST COMMUNITY HEALTH AND CARE CIC,0,0,2373,0,0,0,0,0,0,0,0,0,0,0,0,0,0,0,,,,,,,2023-10-01,2373,0,,0
MSitAE-OCTOBER-2023,NNJ07,NHS ENGLAND MIDLANDS,LOUGHBOROUGH URGENT CARE CENTRE,0,0,5356,0,0,887,0,0,5,0,0,4,0,0,0,0,0,0,,,,,,,2023-10-01,5356,5,,0
MSitAE-OCTOBER-2023,NNJ0H,NHS ENGLAND MIDLANDS,LLR EA - THE MERLYN VAZ HEALTH & SOCIAL CARE CENTRE,0,0,164,0,0,1603,0,0,0,0,0,1,0,0,0,0,0,0,,,,,,,2023-10-01,164,0,,0
MSitAE-OCTOBER-2023,NNJ12,NHS ENGLAND MIDLANDS,MARKET HARBOROUGH,0,0,83,0,0,333,0,0,0,0,0,0,0,0,0,0,0,0,,,,,,,2023-10-01,83,0,,0
MSitAE-OCTOBER-2023,NNJ13,NHS ENGLAND MIDLANDS,MELTON MOWBRAY,0,0,51,0,0,355,0,0,0,0,0,0,0,0,0,0,0,0,,,,,,,2023-10-01,51,0,,0
MSitAE-OCTOBER-2023,NNJ14,NHS ENGLAND MIDLANDS,OADBY,0,0,892,0,0,1552,0,0,0,0,0,1,0,0,0,0,0,0,,,,,,,2023-10-01,892,0,,0
MSitAE-OCTOBER-2023,NNJ15,NHS ENGLAND MIDLANDS,OAKHAM,0,0,62,0,0,332,0,0,1,0,0,0,0,0,0,0,0,0,,,,,,,2023-10-01,62,1,,0
MSitAE-OCTOBER-2023,NV693,NHS ENGLAND NORTH WEST,ROSSENDALE MIU & OOH,0,0,990,0,0,0,0,0,1,0,0,0,0,0,0,0,0,0,,,,,,,2023-10-01,990,1,,0
MSitAE-OCTOBER-2023,RA7,NHS ENGLAND SOUTH WEST,UNIVERSITY HOSPITALS BRISTOL AND WESTON NHS FOUNDATION TRUST,15469,2445,0,0,0,0,6186,134,0,0,0,0,1341,276,5170,7,0,1562,,,,,,,2023-10-01,17914,6320,60.0,6739
MSitAE-OCTOBER-2023,RAE,NHS ENGLAND NORTH EAST AND YORKSHIRE,BRADFORD TEACHING HOSPITALS NHS FOUNDATION TRUST,9189,0,2988,0,0,0,3293,0,0,0,0,0,964,70,2980,0,101,1599,,,,,,,2023-10-01,12177,3293,64.2,4680
MSitAE-OCTOBER-2023,RCU,NHS ENGLAND NORTH EAST AND YORKSHIRE,SHEFFIELD CHILDREN'S NHS FOUNDATION TRUST,4854,0,410,242,0,19,528,0,0,27,0,0,16,0,1097,0,0,79,,,,,,,2023-10-01,5264,528,89.1,1176
MSitAE-OCTOBER-2023,RGN,NHS ENGLAND EAST OF ENGLAND,NORTH WEST ANGLIA NHS FOUNDATION TRUST,12636,0,4548,57,0,401,5877,0,468,23,0,23,492,802,3074,0,104,1417,,,,,,,2023-10-01,17184,6345,53.5,4595
MSitAE-OCTOBER-2023,RH8,NHS ENGLAND SOUTH WEST,ROYAL DEVON UNIVERSITY HEALTHCARE NHS FOUNDATION TRUST,11785,0,3434,1062,0,64,5705,0,25,368,0,0,1005,86,3775,0,0,2237,,,,,,,2023-10-01,15219,5730,51.6,6012
MSitAE-OCTOBER-2023,RJE,NHS ENGLAND MIDLANDS,UNIVERSITY HOSPITALS OF NORTH MIDLANDS NHS TRUST,13760,493,8032,676,0,338,7496,0,262,318,0,6,926,1057,6122,0,0,2985,,,,,,,2023-10-01,22285,7758,45.5,9107
MSitAE-OCTOBER-2023,RL4,NHS ENGLAND MIDLANDS,THE ROYAL WOLVERHAMPTON NHS TRUST,13444,0,6826,0,0,853,4247,0,520,0,0,0,928,142,5952,0,0,906,,,,,,,2023-10-01,20270,4767,68.4,6858
MSitAE-OCTOBER-2023,RN3,NHS ENGLAND SOUTH WEST,GREAT WESTERN HOSPITALS NHS FOUNDATION TRUST,5236,0,5054,0,0,258,2698,0,307,0,0,2,371,149,2205,0,0,1473,,,,,,,2023-10-01,10290,3005,48.5,3678
MSitAE-OCTOBER-2023,RN7,NHS ENGLAND SOUTH EAST,DARTFORD AND GRAVESHAM NHS TRUST,11308,0,3573,0,0,0,3581,0,47,0,0,0,758,0,2976,0,0,364,,,,,,,2023-10-01,14881,3628,68.3,3340
MSitAE-OCTOBER-2023,RP6,NHS ENGLAND LONDON,MOORFIELDS EYE HOSPITAL NHS FOUNDATION TRUST,0,5743,0,0,0,0,0,42,0,0,0,0,0,0,0,11,0,191,,,,,,,2023-10-01,5743,42,,202
MSitAE-OCTOBER-2023,RQX,NHS ENGLAND LONDON,HOMERTON HEALTHCARE NHS FOUNDATION TRUST,10395,0,0,26,0,0,1725,0,0,0,0,0,167,32,1756,0,0,340,,,,,,,2023-10-01,10395,1725,83.4,2096
MSitAE-OCTOBER-2023,RTD,NHS ENGLAND NORTH EAST AND YORKSHIRE,THE NEWCASTLE UPON TYNE HOSPITALS NHS FOUNDATION TRUST,12958,1622,5772,0,0,772,5415,116,0,0,0,0,626,52,3668,19,0,2835,,,,,,,2023-10-01,20352,5531,58.2,6522
MSitAE-OCTOBER-2023,RVW,NHS ENGLAND NORTH EAST AND YORKSHIRE,NORTH TEES AND HARTLEPOOL NHS FOUNDATION TRUST,4701,0,11231,0,0,0,2461,0,46,0,0,0,177,0,1710,0,621,2064,,,,,,,2023-10-01,15932,2507,47.6,4395
MSitAE-OCTOBER-2023,RWA,NHS ENGLAND NORTH EAST AND YORKSHIRE,HULL UNIVERSITY TEACHING HOSPITALS NHS TRUST,11233,0,0,0,0,0,6043,0,0,0,0,0,1068,521,3543,0,0,1905,,,,,,,2023-10-01,11233,6043,46.2,5448
MSitAE-OCTOBER-2023,RWF,NHS ENGLAND SOUTH EAST,MAIDSTONE AND TUNBRIDGE WELLS NHS TRUST,18051,0,2247,894,0,157,3194,0,4,68,0,0,876,42,5717,0,0,958,,,,,,,2023-10-01,20298,3198,82.3,6675
MSitAE-OCTOBER-2023,RWX,NHS ENGLAND SOUTH EAST,BERKSHIRE HEALTHCARE NHS FOUNDATION TRUST,0,0,1436,0,0,0,0,0,12,0,0,0,0,0,0,0,32,0,,,,,,,2023-10-01,1436,12,,32
MSitAE-OCTOBER-2023,RXR,NHS ENGLAND NORTH WEST,EAST LANCASHIRE HOSPITALS NHS TRUST,11964,0,8710,0,0,0,4549,0,784,0,0,0,279,1196,3474,0,79,1843,,,,,,,2023-10-01,20674,5333,62.0,5396
MSitAE-OCTOBER-2023,RY2,NHS ENGLAND NORTH WEST,BRIDGEWATER COMMUNITY HEALTHCARE NHS FOUNDATION TRUST,0,0,3511,0,0,150,0,0,200,0,0,3,0,0,0,0,0,0,,,,,,,2023-10-01,3511,200,,0
MSitAE-OCTOBER-2023,RY9,NHS ENGLAND LONDON,HOUNSLOW AND RICHMOND COMMUNITY HEALTHCARE NHS TRUST,0,0,5028,0,0,0,0,0,3,0,0,0,0,0,0,0,0,0,,,,,,,2023-10-01,5028,3,,0
MSitAE-OCTOBER-2023,RYR,NHS ENGLAND SOUTH EAST,UNIVERSITY HOSPITALS SUSSEX NHS FOUNDATION TRUST,24973,1610,2027,1685,0,397,10235,5,139,503,0,10,1695,985,8026,22,50,1363,,,,,,,2023-10-01,28610,10379,59.0,9461
MSitAE-OCTOBER-2023,Y02147,NHS ENGLAND LONDON,URGENT CARE CENTRE (QMS),0,0,7303,0,0,559,0,0,192,0,0,1,0,0,0,0,0,0,,,,,,,2023-10-01,7303,192,,0
MSitAE-OCTOBER-2023,Y02428,NHS ENGLAND EAST OF ENGLAND,PUTNOE WALK IN CENTRE,0,0,2478,0,0,0,0,0,0,0,0,0,0,0,0,0,0,0,,,,,,,2023-10-01,2478,0,,0
MSitAE-OCTOBER-2023,NNF09,NHS ENGLAND NORTH EAST AND YORKSHIRE,BRANSHOLME HEALTH CENTRE,0,0,3908,0,0,0,0,0,737,0,0,0,0,0,0,0,0,0,,,,,,,2023-10-01,3908,737,,0
MSitAE-OCTOBER-2023,NNF76,NHS ENGLAND NORTH EAST AND YORKSHIRE,THE WILBERFORCE HEALTH CENTRE,0,0,3015,0,0,0,0,0,0,0,0,0,0,0,0,0,0,0,,,,,,,2023-10-01,3015,0,,0
MSitAE-OCTOBER-2023,NNF94,NHS ENGLAND NORTH EAST AND YORKSHIRE,EAST RIDING COMMUNITY HOSPITAL,0,0,2702,0,0,0,0,0,323,0,0,0,0,0,0,0,0,0,,,,,,,2023-10-01,2702,323,,0
MSitAE-OCTOBER-2023,NNFA7,NHS ENGLAND NORTH EAST AND YORKSHIRE,GOOLE & DISTRICT HOSPITAL,0,0,1570,0,0,0,0,0,9,0,0,0,0,0,0,0,0,0,,,,,,,2023-10-01,1570,9,,0
MSitAE-OCTOBER-2023,NNJ,NHS ENGLAND MIDLANDS,DHU HEALTH CARE C.I.C,0,0,2035,0,0,0,0,0,0,0,0,0,0,0,0,0,0,0,,,,,,,2023-10-01,2035,0,,0
MSitAE-OCTOBER-2023,NTPAD,NHS ENGLAND SOUTH EAST,PRACTICE PLUS GROUP SURGICAL CENTRE - ST MARYS PORTSMOUTH,0,0,5580,0,0,337,0,0,230,0,0,65,0,0,0,0,0,0,,,,,,,2023-10-01,5580,230,,0
MSitAE-OCTOBER-2023,NTV0B,NHS ENGLAND SOUTH EAST,ASHFORD WALK-IN-CENTRE,0,0,2537,0,0,0,0,0,192,0,0,0,0,0,0,0,0,0,,,,,,,2023-10-01,2537,192,,0
MSitAE-OCTOBER-2023,NTV0W,NHS ENGLAND SOUTH EAST,WOKING WALK IN CENTRE,0,0,2752,0,0,0,0,0,186,0,0,0,0,0,0,0,0,0,,,,,,,2023-10-01,2752,186,,0
MSitAE-OCTOBER-2023,R1D,NHS ENGLAND MIDLANDS,SHROPSHIRE COMMUNITY HEALTH NHS TRUST,0,0,3270,0,0,0,0,0,3,0,0,0,0,0,0,0,0,2,,,,,,,2023-10-01,3270,3,,2
MSitAE-OCTOBER-2023,RAJ,NHS ENGLAND EAST OF ENGLAND,MID AND SOUTH ESSEX NHS FOUNDATION TRUST,31211,0,1658,733,0,52,11094,0,52,194,0,0,3313,41,8689,0,135,1334,,,,,,,2023-10-01,32869,11146,64.5,10158
MSitAE-OCTOBER-2023,RAS,NHS ENGLAND LONDON,THE HILLINGDON HOSPITALS NHS FOUNDATION TRUST,5649,0,6151,0,0,0,3540,0,176,0,0,0,819,42,1797,0,0,417,,,,,,,2023-10-01,11800,3716,37.3,2214
MSitAE-OCTOBER-2023,RBK,NHS ENGLAND MIDLANDS,WALSALL HEALTHCARE NHS TRUST,8598,0,4192,364,0,152,3743,0,206,70,0,0,1183,170,3569,0,0,784,,,,,,,2023-10-01,12790,3949,56.5,4353
MSitAE-OCTOBER-2023,RD8,NHS ENGLAND EAST OF ENGLAND,MILTON KEYNES UNIVERSITY HOSPITAL NHS FOUNDATION TRUST,8234,0,5010,501,0,130,3035,0,139,191,0,0,592,0,2204,0,0,403,,,,,,,2023-10-01,13244,3174,63.1,2607
MSitAE-OCTOBER-2023,REF,NHS ENGLAND SOUTH WEST,ROYAL CORNWALL HOSPITALS NHS TRUST,5906,0,11340,0,0,0,3201,0,514,0,0,0,425,693,2039,0,48,1032,,,,,,,2023-10-01,17246,3715,45.8,3119
MSitAE-OCTOBER-2023,RGT,NHS ENGLAND EAST OF ENGLAND,CAMBRIDGE UNIVERSITY HOSPITALS NHS FOUNDATION TRUST,10219,0,5653,668,0,318,6123,0,159,357,0,48,850,449,2991,0,23,507,,,,,,,2023-10-01,15872,6282,40.1,3521
MSitAE-OCTOBER-2023,RHM,NHS ENGLAND SOUTH EAST,UNIVERSITY HOSPITAL SOUTHAMPTON NHS FOUNDATION TRUST,11931,1304,0,252,0,0,5061,69,0,116,0,0,561,7,3478,14,0,1461,,,,,,,2023-10-01,13235,5130,57.6,4953
MSitAE-OCTOBER-2023,RJL,NHS ENGLAND NORTH EAST AND YORKSHIRE,NORTHERN LINCOLNSHIRE AND GOOLE NHS FOUNDATION TRUST,14670,0,0,0,0,0,5755,0,0,0,0,0,672,996,4501,0,0,583,,,,,,,2023-10-01,14670,5755,60.8,5084
MSitAE-OCTOBER-2023,RJZ,NHS ENGLAND LONDON,KING'S COLLEGE HOSPITAL NHS FOUNDATION TRUST,14749,0,8198,78,0,1128,8431,0,460,26,0,164,1543,827,3660,0,0,527,,,,,,,2023-10-01,22947,8891,42.8,4187
MSitAE-OCTOBER-2023,RKE,NHS ENGLAND LONDON,WHITTINGTON HEALTH NHS TRUST,8772,0,0,0,0,0,3506,0,0,0,0,0,295,310,981,0,0,74,,,,,,,2023-10-01,8772,3506,60.0,1055
MSitAE-OCTOBER-2023,RRF,NHS ENGLAND NORTH WEST,"WRIGHTINGTON, WIGAN AND LEIGH NHS FOUNDATION TRUST",7610,0,5286,0,0,0,4175,0,48,0,0,0,1180,310,2320,0,0,943,,,,,,,2023-10-01,12896,4223,45.1,3263
MSitAE-OCTOBER-2023,RVV,NHS ENGLAND SOUTH EAST,EAST KENT HOSPITALS UNIVERSITY NHS FOUNDATION TRUST,12053,0,11568,66,0,0,6538,0,407,28,0,0,556,1079,4523,0,451,1638,,,,,,,2023-10-01,23621,6945,45.8,6612
MSitAE-OCTOBER-2023,RWE,NHS ENGLAND MIDLANDS,UNIVERSITY HOSPITALS OF LEICESTER NHS TRUST,21589,1874,0,0,0,0,10526,96,0,0,0,0,1484,1330,5526,3,0,3263,,,,,,,2023-10-01,23463,10622,51.2,8792
MSitAE-OCTOBER-2023,RWJ,NHS ENGLAND NORTH WEST,STOCKPORT NHS FOUNDATION TRUST,9054,0,0,748,0,0,3814,0,0,248,0,0,1013,330,2766,0,0,756,,,,,,,2023-10-01,9054,3814,57.9,3522
MSitAE-OCTOBER-2023,RXC,NHS ENGLAND SOUTH EAST,EAST SUSSEX HEALTHCARE NHS TRUST,9305,0,2233,723,0,968,3908,0,49,0,0,0,271,2,3389,0,0,643,,,,,,,2023-10-01,11538,3957,58.0,4032
MSitAE-OCTOBER-2023,RXP,NHS ENGLAND NORTH EAST AND YORKSHIRE,COUNTY DURHAM AND DARLINGTON NHS FOUNDATION TRUST,13185,0,4213,0,0,5522,5799,0,0,0,0,0,1974,32,4258,0,0,725,,,,,,,2023-10-01,17398,5799,56.0,4983
MSitAE-OCTOBER-2023,RXW,NHS ENGLAND MIDLANDS,THE SHREWSBURY AND TELFORD HOSPITAL NHS TRUST,10686,0,1931,96,0,353,6105,0,199,30,0,2,442,1088,2738,0,46,2271,,,,,,,2023-10-01,12617,6304,42.9,5055
MSitAE-OCTOBER-2023,RYG,NHS ENGLAND MIDLANDS,COVENTRY AND WARWICKSHIRE PARTNERSHIP NHS TRUST,0,0,0,0,0,0,0,0,0,0,0,0,0,0,0,0,4,59,,,,,,,2023-10-01,0,0,,63
MSitAE-OCTOBER-2023,C83023,NHS ENGLAND MIDLANDS,SLEAFORD MEDICAL GROUP,0,0,565,0,0,0,0,0,0,0,0,0,0,0,0,0,0,7,,,,,,,2023-10-01,565,0,,7
MSitAE-OCTOBER-2023,NR3,NHS ENGLAND MIDLANDS,NOTTINGHAM CITYCARE PARTNERSHIP,0,0,5640,0,0,273,0,0,1077,0,0,0,0,0,0,0,0,0,,,,,,,2023-10-01,5640,1077,,0
MSitAE-OCTOBER-2023,R0A,NHS ENGLAND NORTH WEST,MANCHESTER UNIVERSITY NHS FOUNDATION TRUST,23689,3399,14678,2263,435,950,11310,126,1459,878,5,244,3390,184,5842,203,271,478,,,,,,,2023-10-01,41766,12895,52.3,6794
MSitAE-OCTOBER-2023,R1H,NHS ENGLAND LONDON,BARTS HEALTH NHS TRUST,24807,854,16715,0,0,0,11219,22,2803,0,0,0,1280,1160,5458,0,0,1054,,,,,,,2023-10-01,42376,14044,54.8,6512
MSitAE-OCTOBER-2023,RAX,NHS ENGLAND LONDON,KINGSTON HOSPITAL NHS FOUNDATION TRUST,6983,0,2786,0,0,0,3671,0,369,0,0,0,459,241,1837,0,126,606,,,,,,,2023-10-01,9769,4040,47.4,2569
MSitAE-OCTOBER-2023,RBD,NHS ENGLAND SOUTH WEST,DORSET COUNTY HOSPITAL NHS FOUNDATION TRUST,4267,0,0,261,0,3428,1692,0,0,63,0,7,162,36,1637,0,0,513,,,,,,,2023-10-01,4267,1692,60.3,2150
MSitAE-OCTOBER-2023,RC9,NHS ENGLAND EAST OF ENGLAND,BEDFORDSHIRE HOSPITALS NHS FOUNDATION TRUST,16163,0,6928,0,0,677,6300,0,0,0,0,0,80,0,4882,0,0,2226,,,,,,,2023-10-01,23091,6300,61.0,7108
MSitAE-OCTOBER-2023,RCB,NHS ENGLAND NORTH EAST AND YORKSHIRE,YORK AND SCARBOROUGH TEACHING HOSPITALS NHS FOUNDATION TRUST,10498,412,8967,0,0,711,6122,0,374,0,0,24,870,883,4578,1,0,1469,,,,,,,2023-10-01,19877,6496,41.7,6048
MSitAE-OCTOBER-2023,RCX,NHS ENGLAND EAST OF ENGLAND,"THE QUEEN ELIZABETH HOSPITAL, KING'S LYNN, NHS FOUNDATION TRUST",6260,0,985,71,0,0,2681,0,0,23,0,0,277,68,2254,0,0,609,,,,,,,2023-10-01,7245,2681,57.2,2863
MSitAE-OCTOBER-2023,RD1,NHS ENGLAND SOUTH WEST,ROYAL UNITED HOSPITALS BATH NHS FOUNDATION TRUST,8404,0,0,0,0,0,3564,0,0,0,0,0,695,40,2529,0,4,1542,,,,,,,2023-10-01,8404,3564,57.6,4075
MSitAE-OCTOBER-2023,RDR,NHS ENGLAND SOUTH EAST,SUSSEX COMMUNITY NHS FOUNDATION TRUST,0,0,11768,0,0,0,0,0,148,0,0,0,0,0,0,0,0,0,,,,,,,2023-10-01,11768,148,,0
MSitAE-OCTOBER-2023,REP,NHS ENGLAND NORTH WEST,LIVERPOOL WOMEN'S NHS FOUNDATION TRUST,0,1371,0,0,156,0,0,232,0,0,0,0,0,0,0,108,0,16,,,,,,,2023-10-01,1371,232,,124
MSitAE-OCTOBER-2023,RF4,NHS ENGLAND LONDON,"BARKING, HAVERING AND REDBRIDGE UNIVERSITY HOSPITALS NHS TRUST",12052,2281,11376,0,0,0,6110,402,1747,0,0,0,683,587,7268,0,0,430,,,,,,,2023-10-01,25709,8259,49.3,7698
MSitAE-OCTOBER-2023,RFR,NHS ENGLAND NORTH EAST AND YORKSHIRE,THE ROTHERHAM NHS FOUNDATION TRUST,8114,0,0,0,0,0,3380,0,0,0,0,0,660,1,3007,0,0,650,,,,,,,2023-10-01,8114,3380,58.3,3657
MSitAE-OCTOBER-2023,RHQ,NHS ENGLAND NORTH EAST AND YORKSHIRE,SHEFFIELD TEACHING HOSPITALS NHS FOUNDATION TRUST,9005,1167,7512,422,0,972,4797,0,372,203,0,15,1466,9,3458,0,0,3050,,,,,,,2023-10-01,17684,5169,46.7,6508
MSitAE-OCTOBER-2023,RJ2,NHS ENGLAND LONDON,LEWISHAM AND GREENWICH NHS TRUST,13261,0,11589,7,0,0,7366,0,1538,3,0,0,1174,595,3499,0,0,1281,,,,,,,2023-10-01,24850,8904,44.5,4780
MSitAE-OCTOBER-2023,RJ7,NHS ENGLAND LONDON,ST GEORGE'S UNIVERSITY HOSPITALS NHS FOUNDATION TRUST,8564,0,3252,842,0,0,2980,0,0,126,0,0,571,755,2435,0,0,895,,,,,,,2023-10-01,11816,2980,65.2,3330
MSitAE-OCTOBER-2023,RK5,NHS ENGLAND MIDLANDS,SHERWOOD FOREST HOSPITALS NHS FOUNDATION TRUST,10748,0,5076,8,0,100,4602,0,266,4,0,2,772,125,3551,0,2,429,,,,,,,2023-10-01,15824,4868,57.2,3982
MSitAE-OCTOBER-2023,RK9,NHS ENGLAND SOUTH WEST,UNIVERSITY HOSPITALS PLYMOUTH NHS TRUST,8934,175,3975,0,0,0,5498,1,507,0,0,0,595,718,2563,0,0,1319,,,,,,,2023-10-01,13084,6006,38.5,3882
MSitAE-OCTOBER-2023,RKB,NHS ENGLAND MIDLANDS,UNIVERSITY HOSPITALS COVENTRY AND WARWICKSHIRE NHS TRUST,11935,1819,7252,51,0,112,5814,132,494,20,0,4,306,20,3032,91,87,1388,,,,,,,2023-10-01,21006,6440,51.3,4598
MSitAE-OCTOBER-2023,RM1,NHS ENGLAND EAST OF ENGLAND,NORFOLK AND NORWICH UNIVERSITY HOSPITALS NHS FOUNDATION TRUST,10597,0,7969,479,0,0,4368,0,3,146,0,0,750,707,2321,0,0,1616,,,,,,,2023-10-01,18566,4371,58.8,3937
MSitAE-OCTOBER-2023,RMP,NHS ENGLAND NORTH WEST,TAMESIDE AND GLOSSOP INTEGRATED CARE NHS FOUNDATION TRUST,8478,0,2747,377,0,163,4009,0,0,0,0,0,527,57,2525,0,0,423,,,,,,,2023-10-01,11225,4009,52.7,2948
MSitAE-OCTOBER-2023,RN5,NHS ENGLAND SOUTH EAST,HAMPSHIRE HOSPITALS NHS FOUNDATION TRUST,12327,0,433,0,0,186,4804,0,1,0,0,0,1035,21,3981,0,0,1196,,,,,,,2023-10-01,12760,4805,61.0,5177
MSitAE-OCTOBER-2023,RNA,NHS ENGLAND MIDLANDS,THE DUDLEY GROUP NHS FOUNDATION TRUST,9490,0,4729,129,0,628,3932,0,144,40,0,0,2164,173,3324,0,0,1992,,,,,,,2023-10-01,14219,4076,58.6,5316
MSitAE-OCTOBER-2023,RNN,NHS ENGLAND NORTH EAST AND YORKSHIRE,NORTH CUMBRIA INTEGRATED CARE NHS FOUNDATION TRUST,8738,0,1774,343,0,35,3983,0,28,98,0,0,572,614,2319,0,0,756,,,,,,,2023-10-01,10512,4011,54.4,3075
MSitAE-OCTOBER-2023,RP5,NHS ENGLAND NORTH EAST AND YORKSHIRE,DONCASTER AND BASSETLAW TEACHING HOSPITALS NHS FOUNDATION TRUST,13203,0,3356,0,0,0,6081,0,2,0,0,0,1350,235,3379,0,460,1188,,,,,,,2023-10-01,16559,6083,53.9,5027
MSitAE-OCTOBER-2023,RQM,NHS ENGLAND LONDON,CHELSEA AND WESTMINSTER HOSPITAL NHS FOUNDATION TRUST,18840,0,5484,586,0,0,5996,0,258,0,0,0,1095,30,2727,0,0,421,,,,,,,2023-10-01,24324,6254,68.2,3148
MSitAE-OCTOBER-2023,RQW,NHS ENGLAND EAST OF ENGLAND,THE PRINCESS ALEXANDRA HOSPITAL NHS TRUST,8461,0,1379,0,0,1119,5213,0,371,0,0,0,498,216,2150,0,0,383,,,,,,,2023-10-01,9840,5584,38.4,2533
MSitAE-OCTOBER-2023,RR8,NHS ENGLAND NORTH EAST AND YORKSHIRE,LEEDS TEACHING HOSPITALS NHS TRUST,18125,0,12215,155,0,22,8924,0,26,54,0,0,1622,626,3928,0,0,1092,,,,,,,2023-10-01,30340,8950,50.8,5020
MSitAE-OCTOBER-2023,RRK,NHS ENGLAND MIDLANDS,UNIVERSITY HOSPITALS BIRMINGHAM NHS FOUNDATION TRUST,33529,0,1456,11,0,164,16139,0,29,6,0,0,2531,2343,10545,0,1,5566,,,,,,,2023-10-01,34985,16168,51.9,16112
MSitAE-OCTOBER-2023,RTG,NHS ENGLAND MIDLANDS,UNIVERSITY HOSPITALS OF DERBY AND BURTON NHS FOUNDATION TRUST,21290,0,10442,301,0,59,10058,0,95,149,0,8,1074,579,4244,0,4,2349,,,,,,,2023-10-01,31732,10153,52.8,6597
MSitAE-OCTOBER-2023,RTK,NHS ENGLAND SOUTH EAST,ASHFORD AND ST PETER'S HOSPITALS NHS FOUNDATION TRUST,9877,0,0,0,0,0,4268,0,0,0,0,0,863,4,2773,0,0,417,,,,,,,2023-10-01,9877,4268,56.8,3190
MSitAE-OCTOBER-2023,RVJ,NHS ENGLAND SOUTH WEST,NORTH BRISTOL NHS TRUST,8982,0,0,58,0,0,3547,0,0,18,0,0,743,223,2682,0,0,2044,,,,,,,2023-10-01,8982,3547,60.5,4726
MSitAE-OCTOBER-2023,RWG,NHS ENGLAND EAST OF ENGLAND,WEST HERTFORDSHIRE TEACHING HOSPITALS NHS TRUST,7692,0,7527,0,0,552,4202,0,250,0,0,1,1478,12,3448,0,0,501,,,,,,,2023-10-01,15219,4452,45.4,3949
MSitAE-OCTOBER-2023,RWH,NHS ENGLAND EAST OF ENGLAND,EAST AND NORTH HERTFORDSHIRE NHS TRUST,9706,0,5476,2,0,330,5571,0,6,1,0,0,200,24,2719,0,0,241,,,,,,,2023-10-01,15182,5577,42.6,2960
MSitAE-OCTOBER-2023,RXK,NHS ENGLAND MIDLANDS,SANDWELL AND WEST BIRMINGHAM HOSPITALS NHS TRUST,14756,1185,8726,824,0,0,7847,140,264,207,0,0,1800,480,2904,0,0,500,,,,,,,2023-10-01,24667,8251,46.8,3404
MSitAE-OCTOBER-2023,RXN,NHS ENGLAND NORTH WEST,LANCASHIRE TEACHING HOSPITALS NHS FOUNDATION TRUST,12247,0,3879,192,0,97,4812,0,173,43,0,1,1218,321,3299,0,218,1580,,,,,,,2023-10-01,16126,4985,60.7,5097
MSitAE-OCTOBER-2023,RYX,NHS ENGLAND LONDON,CENTRAL LONDON COMMUNITY HEALTHCARE NHS TRUST,0,0,9702,0,0,0,0,0,173,0,0,0,0,0,0,0,0,0,,,,,,,2023-10-01,9702,173,,0
MSitAE-OCTOBER-2023,Y03218,NHS ENGLAND LONDON,THE PINN UNREGISTERED WIC,0,0,890,0,0,0,0,0,0,0,0,0,0,0,0,0,0,0,,,,,,,2023-10-01,890,0,,0
MSitAE-OCTOBER-2023,R0D,NHS ENGLAND SOUTH WEST,UNIVERSITY HOSPITALS DORSET NHS FOUNDATION TRUST,13058,0,3818,237,0,0,6580,0,0,0,0,0,28,0,4280,1,0,2165,,,,,,,2023-10-01,16876,6580,49.6,6446
MSitAE-OCTOBER-2023,RAL,NHS ENGLAND LONDON,ROYAL FREE LONDON NHS FOUNDATION TRUST,15315,0,10430,0,0,0,7814,0,1009,0,0,0,1133,766,4181,0,0,554,,,,,,,2023-10-01,25745,8823,49.0,4735
MSitAE-OCTOBER-2023,RAP,NHS ENGLAND LONDON,NORTH MIDDLESEX UNIVERSITY HOSPITAL NHS TRUST,8770,524,6195,176,1,276,4300,9,987,68,0,40,335,785,1651,0,0,186,,,,,,,2023-10-01,15489,5296,51.0,1837
MSitAE-OCTOBER-2023,RBS,NHS ENGLAND NORTH WEST,ALDER HEY CHILDREN'S NHS FOUNDATION TRUST,6505,0,0,0,0,0,1981,0,0,0,0,0,0,0,813,0,0,358,,,,,,,2023-10-01,6505,1981,69.5,1171
MSitAE-OCTOBER-2023,RBT,NHS ENGLAND NORTH WEST,MID CHESHIRE HOSPITALS NHS FOUNDATION TRUST,7285,0,1859,83,0,18,4217,0,54,40,0,0,496,726,2442,0,0,1038,,,,,,,2023-10-01,9144,4271,42.1,3480
MSitAE-OCTOBER-2023,RBV,NHS ENGLAND NORTH WEST,THE CHRISTIE NHS FOUNDATION TRUST,0,0,0,0,0,0,0,0,0,0,0,0,0,0,0,0,0,613,,,,,,,2023-10-01,0,0,,613
MSitAE-OCTOBER-2023,RCD,NHS ENGLAND NORTH EAST AND YORKSHIRE,HARROGATE AND DISTRICT NHS FOUNDATION TRUST,4806,0,812,167,0,36,1701,0,5,47,0,0,215,14,1343,0,0,478,,,,,,,2023-10-01,5618,1706,64.6,1821
MSitAE-OCTOBER-2023,RGR,NHS ENGLAND EAST OF ENGLAND,WEST SUFFOLK NHS FOUNDATION TRUST,6837,0,659,200,0,0,3210,0,0,0,0,0,448,550,1788,0,0,603,,,,,,,2023-10-01,7496,3210,53.0,2391
MSitAE-OCTOBER-2023,RH5,NHS ENGLAND SOUTH WEST,SOMERSET NHS FOUNDATION TRUST,12631,0,8841,0,0,0,5291,0,274,0,0,0,445,9,3380,0,0,1965,,,,,,,2023-10-01,21472,5565,58.1,5345
MSitAE-OCTOBER-2023,RHU,NHS ENGLAND SOUTH EAST,PORTSMOUTH HOSPITALS UNIVERSITY NATIONAL HEALTH SERVICE TRUST,9383,758,3410,1365,0,20,5358,10,20,729,0,15,1696,4,3731,0,0,2481,,,,,,,2023-10-01,13551,5388,42.9,6212
MSitAE-OCTOBER-2023,RJ6,NHS ENGLAND LONDON,CROYDON HEALTH SERVICES NHS TRUST,12607,0,4409,1,0,0,4925,0,0,0,0,0,463,476,1396,0,0,142,,,,,,,2023-10-01,17016,4925,60.9,1538
MSitAE-OCTOBER-2023,RJR,NHS ENGLAND NORTH WEST,COUNTESS OF CHESTER HOSPITAL NHS FOUNDATION TRUST,6675,0,531,0,0,0,3300,0,88,0,0,0,344,660,1713,0,0,1231,,,,,,,2023-10-01,7206,3388,50.6,2944
MSitAE-OCTOBER-2023,RNQ,NHS ENGLAND MIDLANDS,KETTERING GENERAL HOSPITAL NHS FOUNDATION TRUST,9288,0,0,378,0,0,4735,0,0,0,0,0,1310,0,1988,0,0,182,,,,,,,2023-10-01,9288,4735,49.0,2170
MSitAE-OCTOBER-2023,RPA,NHS ENGLAND SOUTH EAST,MEDWAY NHS FOUNDATION TRUST,8196,0,7076,221,0,1171,2876,0,880,52,0,0,399,741,2046,0,0,1090,,,,,,,2023-10-01,15272,3756,64.9,3136
MSitAE-OCTOBER-2023,RRV,NHS ENGLAND LONDON,UNIVERSITY COLLEGE LONDON HOSPITALS NHS FOUNDATION TRUST,12430,0,0,567,0,0,3399,0,0,0,0,0,291,63,1429,0,0,268,,,,,,,2023-10-01,12430,3399,72.7,1697
MSitAE-OCTOBER-2023,RTX,NHS ENGLAND NORTH WEST,UNIVERSITY HOSPITALS OF MORECAMBE BAY NHS FOUNDATION TRUST,8005,0,4124,157,0,587,3179,0,143,36,0,77,596,625,3018,0,29,880,,,,,,,2023-10-01,12129,3322,60.3,3927
MSitAE-OCTOBER-2023,RWD,NHS ENGLAND MIDLANDS,UNITED LINCOLNSHIRE HOSPITALS NHS TRUST,12732,0,5543,2,0,0,7635,0,704,1,0,0,824,1288,4132,0,0,1015,,,,,,,2023-10-01,18275,8339,40.0,5147
MSitAE-OCTOBER-2023,RYJ,NHS ENGLAND LONDON,IMPERIAL COLLEGE HEALTHCARE NHS TRUST,12414,3949,6900,0,0,0,5569,64,449,0,0,0,864,62,3605,2,0,1086,,,,,,,2023-10-01,23263,6082,55.1,4693
MSitAE-OCTOBER-2023,ACH01,NHS ENGLAND SOUTH EAST,WHITSTABLE MEDICAL PRACTICE,0,0,4614,0,0,0,0,0,0,0,0,0,0,0,0,0,0,0,,,,,,,2023-10-01,4614,0,,0
MSitAE-OCTOBER-2023,AD913,NHS ENGLAND LONDON,BECKENHAM BEACON UCC,0,0,3766,0,0,225,0,0,45,0,0,0,0,0,0,0,0,0,,,,,,,2023-10-01,3766,45,,0
MSitAE-OCTOBER-2023,NDA57,NHS ENGLAND SOUTH EAST,HASLEMERE MINOR INJURIES UNIT,0,0,1411,0,0,17,0,0,0,0,0,0,0,0,0,0,0,0,,,,,,,2023-10-01,1411,0,,0
MSitAE-OCTOBER-2023,RA2,NHS ENGLAND SOUTH EAST,ROYAL SURREY COUNTY HOSPITAL NHS FOUNDATION TRUST,6523,0,0,598,0,0,2890,0,0,247,0,0,506,7,2263,0,0,1007,,,,,,,2023-10-01,6523,2890,55.7,3270
MSitAE-OCTOBER-2023,RHW,NHS ENGLAND SOUTH EAST,ROYAL BERKSHIRE NHS FOUNDATION TRUST,12283,2366,0,484,0,0,5018,15,0,0,0,0,735,0,2689,2,0,911,,,,,,,2023-10-01,14649,5033,59.1,3602
MSitAE-OCTOBER-2023,RLQ,NHS ENGLAND MIDLANDS,WYE VALLEY NHS TRUST,5977,0,0,158,0,0,2598,0,0,49,0,0,174,211,1834,0,0,627,,,,,,,2023-10-01,5977,2598,56.5,2461
MSitAE-OCTOBER-2023,Y03571,NHS ENGLAND MIDLANDS,CORBY URGENT CARE CENTRE,0,0,8100,0,0,585,0,0,57,0,0,0,0,0,0,0,0,0,,,,,,,2023-10-01,8100,57,,0
MSitAE-OCTOBER-2023,R1F,NHS ENGLAND SOUTH EAST,ISLE OF WIGHT NHS TRUST,3610,0,2320,27,0,35,1883,0,35,14,0,0,225,274,1140,0,0,259,,,,,,,2023-10-01,5930,1918,47.8,1399
MSitAE-OCTOBER-2023,REM,NHS ENGLAND NORTH WEST,LIVERPOOL UNIVERSITY HOSPITALS NHS FOUNDATION TRUST,17519,258,9132,467,0,0,7740,0,943,86,0,0,2024,1066,5380,0,0,2201,,,,,,,2023-10-01,26909,8683,55.8,7581
MSitAE-OCTOBER-2023,RTE,NHS ENGLAND SOUTH WEST,GLOUCESTERSHIRE HOSPITALS NHS FOUNDATION TRUST,12913,0,0,202,0,0,5548,0,0,73,0,0,479,907,2769,0,0,1640,,,,,,,2023-10-01,12913,5548,57.0,4409
MSitAE-OCTOBER-2023,RWW,NHS ENGLAND NORTH WEST,WARRINGTON AND HALTON TEACHING HOSPITALS NHS FOUNDATION TRUST,7571,0,3179,179,0,102,3441,0,120,60,0,5,670,786,2540,0,0,218,,,,,,,2023-10-01,10750,3561,54.6,2758
MSitAE-OCTOBER-2023,RBN,NHS ENGLAND NORTH WEST,MERSEY AND WEST LANCASHIRE TEACHING HOSPITALS NHS TRUST,18375,0,7631,360,0,0,7788,0,374,73,0,0,572,344,7526,0,0,601,,,,,,,2023-10-01,26006,8162,57.6,8127
MSitAE-OCTOBER-2023,RNS,NHS ENGLAND MIDLANDS,NORTHAMPTON GENERAL HOSPITAL NHS TRUST,9221,645,2071,57,0,14,4566,23,55,27,0,0,271,943,1847,0,0,1333,,,,,,,2023-10-01,11937,4644,50.5,3180
MSitAE-OCTOBER-2023,RTF,NHS ENGLAND NORTH EAST AND YORKSHIRE,NORTHUMBRIA HEALTHCARE NHS FOUNDATION TRUST,9804,0,11079,0,0,0,2517,0,6,0,0,0,59,6,5516,0,71,942,,,,,,,2023-10-01,20883,2523,74.3,6529
MSitAE-OCTOBER-2023,RTH,NHS ENGLAND SOUTH EAST,OXFORD UNIVERSITY HOSPITALS NHS FOUNDATION TRUST,12275,1809,496,1277,0,107,5630,0,13,475,0,1,929,0,4020,133,19,4276,,,,,,,2023-10-01,14580,5643,54.1,8448
MSitAE-OCTOBER-2023,C82009,NHS ENGLAND MIDLANDS,MARKET HARBOROUGH MED.CTR,0,0,293,0,0,0,0,0,0,0,0,0,0,0,0,0,0,0,,,,,,,2023-10-01,293,0,,0
MSitAE-OCTOBER-2023,R1K,NHS ENGLAND LONDON,LONDON NORTH WEST UNIVERSITY HEALTHCARE NHS TRUST,13298,0,13886,0,0,0,7708,0,105,0,0,0,730,339,6552,0,0,991,,,,,,,2023-10-01,27184,7813,42.0,7543
MSitAE-OCTOBER-2023,RJ1,NHS ENGLAND LONDON,GUY'S AND ST THOMAS' NHS FOUNDATION TRUST,10488,802,4100,0,0,1917,5498,0,643,0,0,0,213,25,2173,0,0,204,,,,,,,2023-10-01,15390,6141,47.6,2377
MSitAE-OCTOBER-2023,RWP,NHS ENGLAND MIDLANDS,WORCESTERSHIRE ACUTE HOSPITALS NHS TRUST,12303,0,6046,215,0,0,6792,0,10,93,0,0,921,211,3558,0,0,1206,,,,,,,2023-10-01,18349,6802,44.8,4764
MSitAE-OCTOBER-2023,RBL,NHS ENGLAND NORTH WEST,WIRRAL UNIVERSITY TEACHING HOSPITAL NHS FOUNDATION TRUST,8258,0,2836,162,0,164,4284,0,21,52,0,3,652,512,2249,0,0,1594,,,,,,,2023-10-01,11094,4305,48.1,3843
MSitAE-OCTOBER-2023,RET,NHS ENGLAND NORTH WEST,THE WALTON CENTRE NHS FOUNDATION TRUST,0,0,0,0,0,0,0,0,0,0,0,0,0,0,0,0,0,172,,,,,,,2023-10-01,0,0,,172
MSitAE-OCTOBER-2023,RM3,NHS ENGLAND NORTH WEST,NORTHERN CARE ALLIANCE NHS FOUNDATION TRUST,25243,0,7245,0,0,0,12179,0,287,0,0,0,1521,760,6941,0,375,1745,,,,,,,2023-10-01,32488,12466,51.8,9061
MSitAE-OCTOBER-2023,RMC,NHS ENGLAND NORTH WEST,BOLTON NHS FOUNDATION TRUST,9974,0,1394,126,0,26,4446,0,366,56,0,7,416,641,2298,0,79,763,,,,,,,2023-10-01,11368,4812,55.4,3140
MSitAE-OCTOBER-2023,RTR,NHS ENGLAND NORTH EAST AND YORKSHIRE,SOUTH TEES HOSPITALS NHS FOUNDATION TRUST,10596,0,4914,0,0,388,5061,0,320,0,0,17,1038,46,2719,0,149,2069,,,,,,,2023-10-01,15510,5381,52.2,4937
MSitAE-OCTOBER-2023,RX1,NHS ENGLAND MIDLANDS,NOTTINGHAM UNIVERSITY HOSPITALS NHS TRUST,16472,1923,286,575,0,0,10095,247,30,378,0,0,749,980,4103,0,0,3566,,,,,,,2023-10-01,18681,10372,38.7,7669
MSitAE-OCTOBER-2023,NLX,NHS ENGLAND SOUTH WEST,SIRONA CARE & HEALTH,0,0,8365,0,0,217,0,0,401,0,0,54,0,0,0,0,0,0,,,,,,,2023-10-01,8365,401,,0
MSitAE-OCTOBER-2023,RDE,NHS ENGLAND EAST OF ENGLAND,EAST SUFFOLK AND NORTH ESSEX NHS FOUNDATION TRUST,14569,0,11199,301,0,231,7293,0,183,0,0,0,1193,414,4967,0,265,859,,,,,,,2023-10-01,25768,7476,49.9,6091
MSitAE-OCTOBER-2023,RVR,NHS ENGLAND LONDON,EPSOM AND ST HELIER UNIVERSITY HOSPITALS NHS TRUST,12754,284,0,179,1,0,3077,1,0,23,0,0,452,551,2009,10,0,148,,,,,,,2023-10-01,13038,3078,75.9,2167
MSitAE-OCTOBER-2023,RFS,NHS ENGLAND MIDLANDS,CHESTERFIELD ROYAL HOSPITAL NHS FOUNDATION TRUST,7240,0,1278,248,0,145,2856,0,246,99,0,29,585,31,2578,0,365,616,,,,,,,2023-10-01,8518,3102,60.6,3559
MSitAE-OCTOBER-2023,G0Q0L,NHS ENGLAND LONDON,BARKING HOSPITAL UTC,0,0,2323,0,0,0,0,0,119,0,0,0,0,0,0,0,0,0,,,,,,,2023-10-01,2323,119,,0
MSitAE-OCTOBER-2023,K6K0R,NHS ENGLAND LONDON,HAROLD WOOD POLYCLINIC UTC,0,0,2484,0,0,0,0,0,226,0,0,0,0,0,0,0,0,0,,,,,,,2023-10-01,2484,226,,0
MSitAE-OCTOBER-2023,RR7,NHS ENGLAND NORTH EAST AND YORKSHIRE,GATESHEAD HEALTH NHS FOUNDATION TRUST,5850,0,3891,37,0,20,2837,0,37,6,0,1,1024,13,1709,0,0,773,,,,,,,2023-10-01,9741,2874,51.5,2482
MSitAE-OCTOBER-2023,RA9,NHS ENGLAND SOUTH WEST,TORBAY AND SOUTH DEVON NHS FOUNDATION TRUST,6185,0,3051,408,0,0,3032,0,27,184,0,0,699,147,1949,0,0,1204,,,,,,,2023-10-01,9236,3059,51.0,3153
MSitAE-SEPTEMBER-2023,AAH,NHS ENGLAND SOUTH WEST,TETBURY HOSPITAL TRUST LTD,0,0,421,0,0,0,0,0,1,0,0,0,0,0,0,0,0,0,,,,,,,2023-09-01,421,1,,0
MSitAE-SEPTEMBER-2023,RW1,NHS ENGLAND SOUTH EAST,SOUTHERN HEALTH NHS FOUNDATION TRUST,0,0,2914,0,0,0,0,0,28,0,0,0,0,0,0,0,2,137,,,,,,,2023-09-01,2914,28,,139
MSitAE-SEPTEMBER-2023,Y00751,NHS ENGLAND SOUTH EAST,EAST BERKS PRIMARY CARE OOH(WAM),0,0,0,0,0,0,0,0,0,0,0,0,0,0,0,0,0,0,,,,,,,2023-09-01,0,0,,0
MSitAE-SEPTEMBER-2023,8J094,NHS ENGLAND MIDLANDS,BADGER LTD,0,0,0,0,0,2065,0,0,0,0,0,0,0,0,0,0,0,0,,,,,,,2023-09-01,0,0,,0
MSitAE-SEPTEMBER-2023,AJN,NHS ENGLAND NORTH EAST AND YORKSHIRE,WORKINGTON HEALTH LIMITED,0,0,475,0,0,0,0,0,0,0,0,0,0,0,0,0,0,0,,,,,,,2023-09-01,475,0,,0
MSitAE-SEPTEMBER-2023,C83023,NHS ENGLAND MIDLANDS,SLEAFORD MEDICAL GROUP,0,0,524,0,0,0,0,0,0,0,0,0,0,0,0,0,0,4,,,,,,,2023-09-01,524,0,,4
MSitAE-SEPTEMBER-2023,NL7,NHS ENGLAND MIDLANDS,ASSURA VERTIS URGENT CARE CENTRES (BIRMINGHAM),0,0,4534,0,0,0,0,0,0,0,0,0,0,0,0,0,0,0,,,,,,,2023-09-01,4534,0,,0
MSitAE-SEPTEMBER-2023,NQT51,NHS ENGLAND SOUTH EAST,STATION PLAZA HEALTH CENTRE,0,0,1443,0,0,0,0,0,0,0,0,0,0,0,0,0,0,0,,,,,,,2023-09-01,1443,0,,0
MSitAE-SEPTEMBER-2023,NQT5F,NHS ENGLAND NORTH WEST,SKELMERSDALE WALK IN CENTRE,0,0,1931,0,0,0,0,0,19,0,0,0,0,0,0,0,0,0,,,,,,,2023-09-01,1931,19,,0
MSitAE-SEPTEMBER-2023,NQT5H,NHS ENGLAND SOUTH WEST,PAULTON MEMORIAL HOSPITAL,0,0,920,0,0,0,0,0,14,0,0,0,0,0,0,0,0,0,,,,,,,2023-09-01,920,14,,0
MSitAE-SEPTEMBER-2023,RDU,NHS ENGLAND SOUTH EAST,FRIMLEY HEALTH NHS FOUNDATION TRUST,21200,0,0,0,0,0,8634,0,0,0,0,0,1834,0,5735,0,0,296,,,,,,,2023-09-01,21200,8634,59.3,6031
MSitAE-SEPTEMBER-2023,RV9,NHS ENGLAND NORTH EAST AND YORKSHIRE,HUMBER TEACHING NHS FOUNDATION TRUST,0,0,1078,0,0,43,0,0,1,0,0,0,0,0,0,0,0,0,,,,,,,2023-09-01,1078,1,,0
MSitAE-SEPTEMBER-2023,RY5,NHS ENGLAND MIDLANDS,LINCOLNSHIRE COMMUNITY HEALTH SERVICES NHS TRUST,0,0,8731,0,0,0,0,0,373,0,0,0,0,0,0,0,0,0,,,,,,,2023-09-01,8731,373,,0
MSitAE-SEPTEMBER-2023,RY8,NHS ENGLAND MIDLANDS,DERBYSHIRE COMMUNITY HEALTH SERVICES NHS FOUNDATION TRUST,0,0,7087,0,0,1545,0,0,4,0,0,0,0,0,0,0,0,0,,,,,,,2023-09-01,7087,4,,0
MSitAE-SEPTEMBER-2023,Y02428,NHS ENGLAND EAST OF ENGLAND,PUTNOE WALK IN CENTRE,0,0,2120,0,0,0,0,0,0,0,0,0,0,0,0,0,0,0,,,,,,,2023-09-01,2120,0,,0
MSitAE-SEPTEMBER-2023,Y02615,NHS ENGLAND MIDLANDS,SOUTH BIRMINGHAM GP WALK IN CENTRE,0,0,6316,0,0,0,0,0,0,0,0,0,0,0,0,0,0,0,,,,,,,2023-09-01,6316,0,,0
MSitAE-SEPTEMBER-2023,Y03007,NHS ENGLAND MIDLANDS,ERDINGTON GP HEALTH & WELLBEING WIC,0,0,0,0,0,1818,0,0,0,0,0,0,0,0,0,0,0,0,,,,,,,2023-09-01,0,0,,0
MSitAE-SEPTEMBER-2023,Y04538,NHS ENGLAND SOUTH EAST,BRACKNELL URGENT CARE CENTRE WIC,0,0,3612,0,0,0,0,0,0,0,0,0,0,0,0,0,0,0,,,,,,,2023-09-01,3612,0,,0
MSitAE-SEPTEMBER-2023,DD401,NHS ENGLAND SOUTH WEST,EXMOUTH MINOR INJURY UNIT,0,0,1061,0,0,0,0,0,0,0,0,0,0,0,0,0,0,0,,,,,,,2023-09-01,1061,0,,0
MSitAE-SEPTEMBER-2023,NQTE4,NHS ENGLAND MIDLANDS,SUMMERFIELD URGENT CARE CENTRE,0,0,3606,0,0,0,0,0,0,0,0,0,0,0,0,0,0,0,,,,,,,2023-09-01,3606,0,,0
MSitAE-SEPTEMBER-2023,RGP,NHS ENGLAND EAST OF ENGLAND,JAMES PAGET UNIVERSITY HOSPITALS NHS FOUNDATION TRUST,6583,0,1220,116,0,0,2615,0,0,37,0,0,577,307,1563,0,0,444,,,,,,,2023-09-01,7803,2615,60.3,2007
MSitAE-SEPTEMBER-2023,RJ8,NHS ENGLAND SOUTH WEST,CORNWALL PARTNERSHIP NHS FOUNDATION TRUST,0,0,0,0,0,0,0,0,0,0,0,0,0,0,0,0,17,61,,,,,,,2023-09-01,0,0,,78
MSitAE-SEPTEMBER-2023,RJC,NHS ENGLAND MIDLANDS,SOUTH WARWICKSHIRE UNIVERSITY NHS FOUNDATION TRUST,7630,0,349,27,0,0,2199,0,0,0,0,0,247,17,2094,0,0,728,,,,,,,2023-09-01,7979,2199,71.2,2822
MSitAE-SEPTEMBER-2023,RWY,NHS ENGLAND NORTH EAST AND YORKSHIRE,CALDERDALE AND HUDDERSFIELD NHS FOUNDATION TRUST,15152,0,0,0,0,0,4802,0,0,0,0,0,1099,2,2975,0,0,786,,,,,,,2023-09-01,15152,4802,68.3,3761
MSitAE-SEPTEMBER-2023,Y03571,NHS ENGLAND MIDLANDS,CORBY URGENT CARE CENTRE,0,0,7618,0,0,485,0,0,65,0,0,0,0,0,0,0,0,0,,,,,,,2023-09-01,7618,65,,0
MSitAE-SEPTEMBER-2023,ACH01,NHS ENGLAND SOUTH EAST,WHITSTABLE MEDICAL PRACTICE,0,0,4816,0,0,0,0,0,0,0,0,0,0,0,0,0,0,0,,,,,,,2023-09-01,4816,0,,0
MSitAE-SEPTEMBER-2023,RBQ,NHS ENGLAND NORTH WEST,LIVERPOOL HEART AND CHEST HOSPITAL NHS FOUNDATION TRUST,0,0,0,0,0,0,0,0,0,0,0,0,0,0,0,0,0,163,,,,,,,2023-09-01,0,0,,163
MSitAE-SEPTEMBER-2023,RET,NHS ENGLAND NORTH WEST,THE WALTON CENTRE NHS FOUNDATION TRUST,0,0,0,0,0,0,0,0,0,0,0,0,0,0,0,0,0,162,,,,,,,2023-09-01,0,0,,162
MSitAE-SEPTEMBER-2023,RFF,NHS ENGLAND NORTH EAST AND YORKSHIRE,BARNSLEY HOSPITAL NHS FOUNDATION TRUST,8314,0,0,375,0,0,2910,0,0,0,0,0,300,0,2569,0,0,504,,,,,,,2023-09-01,8314,2910,65.0,3073
MSitAE-SEPTEMBER-2023,RY4,NHS ENGLAND EAST OF ENGLAND,HERTFORDSHIRE COMMUNITY NHS TRUST,0,0,1045,0,0,0,0,0,71,0,0,0,0,0,0,0,0,0,,,,,,,2023-09-01,1045,71,,0
MSitAE-SEPTEMBER-2023,RY7,NHS ENGLAND NORTH WEST,WIRRAL COMMUNITY HEALTH AND CARE NHS FOUNDATION TRUST,0,0,4640,0,0,0,0,0,187,0,0,0,0,0,0,0,0,0,,,,,,,2023-09-01,4640,187,,0
MSitAE-SEPTEMBER-2023,C82038,NHS ENGLAND MIDLANDS,LATHAM HOUSE MEDICAL PRACTICE,0,0,389,0,0,0,0,0,0,0,0,0,0,0,0,0,0,0,,,,,,,2023-09-01,389,0,,0
MSitAE-SEPTEMBER-2023,NTPAD,NHS ENGLAND SOUTH EAST,PRACTICE PLUS GROUP SURGICAL CENTRE - ST MARYS PORTSMOUTH,0,0,5440,0,0,229,0,0,175,0,0,4,0,0,0,0,0,0,,,,,,,2023-09-01,5440,175,,0
MSitAE-SEPTEMBER-2023,NTV0B,NHS ENGLAND SOUTH EAST,ASHFORD WALK-IN-CENTRE,0,0,2441,0,0,0,0,0,85,0,0,0,0,0,0,0,0,0,,,,,,,2023-09-01,2441,85,,0
MSitAE-SEPTEMBER-2023,NTV0W,NHS ENGLAND SOUTH EAST,WOKING WALK IN CENTRE,0,0,2727,0,0,0,0,0,221,0,0,0,0,0,0,0,0,0,,,,,,,2023-09-01,2727,221,,0
MSitAE-SEPTEMBER-2023,R1D,NHS ENGLAND MIDLANDS,SHROPSHIRE COMMUNITY HEALTH NHS TRUST,0,0,3407,0,0,0,0,0,33,0,0,0,0,0,0,0,0,1,,,,,,,2023-09-01,3407,33,,1
MSitAE-SEPTEMBER-2023,RW4,NHS ENGLAND NORTH WEST,MERSEY CARE NHS FOUNDATION TRUST,0,0,11616,0,0,0,0,0,1266,0,0,0,0,0,0,0,0,70,,,,,,,2023-09-01,11616,1266,,70
MSitAE-SEPTEMBER-2023,RWA,NHS ENGLAND NORTH EAST AND YORKSHIRE,HULL UNIVERSITY TEACHING HOSPITALS NHS TRUST,10788,0,0,0,0,0,5254,0,0,0,0,0,1018,244,3384,0,0,1706,,,,,,,2023-09-01,10788,5254,51.3,5090
MSitAE-SEPTEMBER-2023,RXF,NHS ENGLAND NORTH EAST AND YORKSHIRE,MID YORKSHIRE TEACHING NHS TRUST,16682,0,6297,120,0,14,6482,0,185,8,0,0,1974,18,3520,0,163,904,,,,,,,2023-09-01,22979,6667,61.1,4587
MSitAE-SEPTEMBER-2023,RYF,NHS ENGLAND SOUTH WEST,SOUTH WESTERN AMBULANCE SERVICE NHS FOUNDATION TRUST,0,0,1415,0,0,0,0,0,177,0,0,0,0,0,0,0,0,0,,,,,,,2023-09-01,1415,177,,0
MSitAE-SEPTEMBER-2023,NTP11,NHS ENGLAND SOUTH EAST,PRACTICE PLUS GROUP HOSPITAL - SOUTHAMPTON,0,0,5229,0,0,0,0,0,370,0,0,0,0,0,0,0,0,0,,,,,,,2023-09-01,5229,370,,0
MSitAE-SEPTEMBER-2023,R0B,NHS ENGLAND NORTH EAST AND YORKSHIRE,SOUTH TYNESIDE AND SUNDERLAND NHS FOUNDATION TRUST,11043,1336,5599,383,0,1151,4668,20,135,175,0,19,817,1,4283,18,0,1126,,,,,,,2023-09-01,17978,4823,57.7,5427
MSitAE-SEPTEMBER-2023,RAT,NHS ENGLAND LONDON,NORTH EAST LONDON NHS FOUNDATION TRUST,0,0,1470,0,0,0,0,0,57,0,0,0,0,0,0,0,0,0,,,,,,,2023-09-01,1470,57,,0
MSitAE-SEPTEMBER-2023,RAX,NHS ENGLAND LONDON,KINGSTON HOSPITAL NHS FOUNDATION TRUST,6816,0,3009,0,0,0,3620,0,388,0,0,0,361,237,1797,0,148,569,,,,,,,2023-09-01,9825,4008,46.9,2514
MSitAE-SEPTEMBER-2023,RBD,NHS ENGLAND SOUTH WEST,DORSET COUNTY HOSPITAL NHS FOUNDATION TRUST,4424,0,0,269,0,3645,1753,0,0,73,0,6,199,25,1573,0,0,451,,,,,,,2023-09-01,4424,1753,60.4,2024
MSitAE-SEPTEMBER-2023,RBS,NHS ENGLAND NORTH WEST,ALDER HEY CHILDREN'S NHS FOUNDATION TRUST,5423,0,0,0,0,0,1220,0,0,0,0,0,0,0,793,0,0,305,,,,,,,2023-09-01,5423,1220,77.5,1098
MSitAE-SEPTEMBER-2023,RF4,NHS ENGLAND LONDON,"BARKING, HAVERING AND REDBRIDGE UNIVERSITY HOSPITALS NHS TRUST",11579,2361,11217,0,0,0,5642,489,2731,0,0,0,604,624,6953,0,0,419,,,,,,,2023-09-01,25157,8862,51.3,7372
MSitAE-SEPTEMBER-2023,RJN,NHS ENGLAND NORTH WEST,EAST CHESHIRE NHS TRUST,4286,0,0,60,0,27,1997,0,0,0,0,0,273,238,866,0,0,176,,,,,,,2023-09-01,4286,1997,53.4,1042
MSitAE-SEPTEMBER-2023,RTP,NHS ENGLAND SOUTH EAST,SURREY AND SUSSEX HEALTHCARE NHS TRUST,10084,0,0,0,0,0,2846,0,0,0,0,0,658,263,2989,0,0,818,,,,,,,2023-09-01,10084,2846,71.8,3807
MSitAE-SEPTEMBER-2023,RWX,NHS ENGLAND SOUTH EAST,BERKSHIRE HEALTHCARE NHS FOUNDATION TRUST,0,0,1444,0,0,0,0,0,13,0,0,0,0,0,0,0,37,0,,,,,,,2023-09-01,1444,13,,37
MSitAE-SEPTEMBER-2023,RXQ,NHS ENGLAND SOUTH EAST,BUCKINGHAMSHIRE HEALTHCARE NHS TRUST,9604,1112,3379,0,0,0,4117,0,146,0,0,0,459,206,3707,762,0,1188,,,,,,,2023-09-01,14095,4263,57.1,5657
MSitAE-SEPTEMBER-2023,RY9,NHS ENGLAND LONDON,HOUNSLOW AND RICHMOND COMMUNITY HEALTHCARE NHS TRUST,0,0,5104,0,0,0,0,0,4,0,0,0,0,0,0,0,0,0,,,,,,,2023-09-01,5104,4,,0
MSitAE-SEPTEMBER-2023,RYR,NHS ENGLAND SOUTH EAST,UNIVERSITY HOSPITALS SUSSEX NHS FOUNDATION TRUST,24223,1464,2522,1296,0,586,10080,16,141,450,0,10,1555,784,7976,30,48,1355,,,,,,,2023-09-01,28209,10237,58.4,9409
MSitAE-SEPTEMBER-2023,AQN04,NHS ENGLAND SOUTH EAST,PHL LYMINGTON UTC,0,0,2947,0,0,8,0,0,44,0,0,0,0,0,0,0,0,0,,,,,,,2023-09-01,2947,44,,0
MSitAE-SEPTEMBER-2023,AXG,NHS ENGLAND SOUTH WEST,WILTSHIRE HEALTH & CARE,0,0,2357,0,0,33,0,0,97,0,0,0,0,0,0,0,0,0,,,,,,,2023-09-01,2357,97,,0
MSitAE-SEPTEMBER-2023,NNF09,NHS ENGLAND NORTH EAST AND YORKSHIRE,BRANSHOLME HEALTH CENTRE,0,0,3816,0,0,0,0,0,715,0,0,0,0,0,0,0,0,0,,,,,,,2023-09-01,3816,715,,0
MSitAE-SEPTEMBER-2023,NNF76,NHS ENGLAND NORTH EAST AND YORKSHIRE,THE WILBERFORCE HEALTH CENTRE,0,0,2791,0,0,0,0,0,0,0,0,0,0,0,0,0,0,0,,,,,,,2023-09-01,2791,0,,0
MSitAE-SEPTEMBER-2023,NNF94,NHS ENGLAND NORTH EAST AND YORKSHIRE,EAST RIDING COMMUNITY HOSPITAL,0,0,2737,0,0,0,0,0,295,0,0,0,0,0,0,0,0,0,,,,,,,2023-09-01,2737,295,,0
MSitAE-SEPTEMBER-2023,NNFA7,NHS ENGLAND NORTH EAST AND YORKSHIRE,GOOLE & DISTRICT HOSPITAL,0,0,1522,0,0,0,0,0,45,0,0,0,0,0,0,0,0,0,,,,,,,2023-09-01,1522,45,,0
MSitAE-SEPTEMBER-2023,NNJ,NHS ENGLAND MIDLANDS,DHU HEALTH CARE C.I.C,0,0,1894,0,0,0,0,0,1,0,0,0,0,0,0,0,0,0,,,,,,,2023-09-01,1894,1,,0
MSitAE-SEPTEMBER-2023,NR3,NHS ENGLAND MIDLANDS,NOTTINGHAM CITYCARE PARTNERSHIP,0,0,4900,0,0,258,0,0,448,0,0,2,0,0,0,0,0,0,,,,,,,2023-09-01,4900,448,,0
MSitAE-SEPTEMBER-2023,RAN,NHS ENGLAND LONDON,ROYAL NATIONAL ORTHOPAEDIC HOSPITAL NHS TRUST,0,0,0,0,0,0,0,0,0,0,0,0,0,0,0,0,0,36,,,,,,,2023-09-01,0,0,,36
MSitAE-SEPTEMBER-2023,RJZ,NHS ENGLAND LONDON,KING'S COLLEGE HOSPITAL NHS FOUNDATION TRUST,14611,0,8168,68,0,1132,7603,0,697,28,0,232,1593,544,3629,0,0,443,,,,,,,2023-09-01,22779,8300,48.0,4072
MSitAE-SEPTEMBER-2023,RK9,NHS ENGLAND SOUTH WEST,UNIVERSITY HOSPITALS PLYMOUTH NHS TRUST,8721,212,4275,0,0,0,5186,0,355,0,0,0,625,547,2657,0,0,1199,,,,,,,2023-09-01,13208,5541,40.5,3856
MSitAE-SEPTEMBER-2023,RL4,NHS ENGLAND MIDLANDS,THE ROYAL WOLVERHAMPTON NHS TRUST,12634,0,6007,9,0,795,4063,0,144,0,0,0,906,131,5721,0,0,786,,,,,,,2023-09-01,18641,4207,67.8,6507
MSitAE-SEPTEMBER-2023,RLQ,NHS ENGLAND MIDLANDS,WYE VALLEY NHS TRUST,5725,0,0,161,0,0,2658,0,0,52,0,0,130,181,1743,0,0,549,,,,,,,2023-09-01,5725,2658,53.6,2292
MSitAE-SEPTEMBER-2023,RNQ,NHS ENGLAND MIDLANDS,KETTERING GENERAL HOSPITAL NHS FOUNDATION TRUST,8955,0,0,337,0,0,4285,0,0,0,0,0,1179,0,1989,0,0,154,,,,,,,2023-09-01,8955,4285,52.1,2143
MSitAE-SEPTEMBER-2023,RPC,NHS ENGLAND SOUTH EAST,QUEEN VICTORIA HOSPITAL NHS FOUNDATION TRUST,0,0,1744,0,0,0,0,0,5,0,0,0,0,0,0,0,3,516,,,,,,,2023-09-01,1744,5,,519
MSitAE-SEPTEMBER-2023,RQX,NHS ENGLAND LONDON,HOMERTON HEALTHCARE NHS FOUNDATION TRUST,10404,0,0,21,0,0,2182,0,0,0,0,0,202,23,1733,0,0,241,,,,,,,2023-09-01,10404,2182,79.0,1974
MSitAE-SEPTEMBER-2023,RTE,NHS ENGLAND SOUTH WEST,GLOUCESTERSHIRE HOSPITALS NHS FOUNDATION TRUST,12619,0,0,186,0,0,5247,0,0,71,0,0,648,712,2708,0,0,1457,,,,,,,2023-09-01,12619,5247,58.4,4165
MSitAE-SEPTEMBER-2023,RWP,NHS ENGLAND MIDLANDS,WORCESTERSHIRE ACUTE HOSPITALS NHS TRUST,12214,0,6048,153,0,0,6451,0,45,53,0,0,908,256,3470,0,0,1156,,,,,,,2023-09-01,18262,6496,47.2,4626
MSitAE-SEPTEMBER-2023,RXG,NHS ENGLAND NORTH EAST AND YORKSHIRE,SOUTH WEST YORKSHIRE PARTNERSHIP NHS FOUNDATION TRUST,0,0,0,0,0,0,0,0,0,0,0,0,0,0,0,0,0,130,,,,,,,2023-09-01,0,0,,130
MSitAE-SEPTEMBER-2023,RYY,NHS ENGLAND SOUTH EAST,KENT COMMUNITY HEALTH NHS FOUNDATION TRUST,0,0,9352,0,0,0,0,0,100,0,0,0,0,0,0,0,0,0,,,,,,,2023-09-01,9352,100,,0
MSitAE-SEPTEMBER-2023,Y02676,NHS ENGLAND SOUTH EAST,BRIGHTON STATION HEALTH CENTRE,0,0,1788,0,0,0,0,0,0,0,0,0,0,0,0,0,0,0,,,,,,,2023-09-01,1788,0,,0
MSitAE-SEPTEMBER-2023,ARN03,NHS ENGLAND NORTH EAST AND YORKSHIRE,LOCAL CARE DIRECT,0,0,2215,0,0,212,0,0,0,0,0,0,0,0,0,0,0,0,,,,,,,2023-09-01,2215,0,,0
MSitAE-SEPTEMBER-2023,NV693,NHS ENGLAND NORTH WEST,ROSSENDALE MIU & OOH,0,0,1041,0,0,0,0,0,0,0,0,0,0,0,0,0,0,0,,,,,,,2023-09-01,1041,0,,0
MSitAE-SEPTEMBER-2023,RBK,NHS ENGLAND MIDLANDS,WALSALL HEALTHCARE NHS TRUST,7846,0,3730,334,0,131,3003,0,46,63,0,0,882,66,3190,0,0,699,,,,,,,2023-09-01,11576,3049,61.7,3889
MSitAE-SEPTEMBER-2023,RCX,NHS ENGLAND EAST OF ENGLAND,"THE QUEEN ELIZABETH HOSPITAL, KING'S LYNN, NHS FOUNDATION TRUST",6256,0,962,91,0,0,2773,0,0,31,0,0,463,278,2235,0,0,609,,,,,,,2023-09-01,7218,2773,55.7,2844
MSitAE-SEPTEMBER-2023,REF,NHS ENGLAND SOUTH WEST,ROYAL CORNWALL HOSPITALS NHS TRUST,6276,0,12207,0,0,0,3438,0,490,0,0,0,553,462,2123,0,33,1027,,,,,,,2023-09-01,18483,3928,45.2,3183
MSitAE-SEPTEMBER-2023,REP,NHS ENGLAND NORTH WEST,LIVERPOOL WOMEN'S NHS FOUNDATION TRUST,0,1221,0,0,100,0,0,109,0,0,0,0,0,0,0,92,0,13,,,,,,,2023-09-01,1221,109,,105
MSitAE-SEPTEMBER-2023,RGN,NHS ENGLAND EAST OF ENGLAND,NORTH WEST ANGLIA NHS FOUNDATION TRUST,12387,0,4761,60,0,389,4996,0,561,18,0,27,482,661,2913,0,111,1254,,,,,,,2023-09-01,17148,5557,59.7,4278
MSitAE-SEPTEMBER-2023,RGR,NHS ENGLAND EAST OF ENGLAND,WEST SUFFOLK NHS FOUNDATION TRUST,6862,0,549,269,0,0,3017,0,0,0,0,0,450,326,1830,0,0,550,,,,,,,2023-09-01,7411,3017,56.0,2380
MSitAE-SEPTEMBER-2023,RJ1,NHS ENGLAND LONDON,GUY'S AND ST THOMAS' NHS FOUNDATION TRUST,12601,781,2352,0,0,1988,4755,0,43,0,0,0,33,49,3334,0,0,874,,,,,,,2023-09-01,15734,4798,62.3,4208
MSitAE-SEPTEMBER-2023,RN5,NHS ENGLAND SOUTH EAST,HAMPSHIRE HOSPITALS NHS FOUNDATION TRUST,12271,0,430,0,0,208,4642,0,2,0,0,2,985,14,3952,0,0,1145,,,,,,,2023-09-01,12701,4644,62.2,5097
MSitAE-SEPTEMBER-2023,RNA,NHS ENGLAND MIDLANDS,THE DUDLEY GROUP NHS FOUNDATION TRUST,9181,0,4064,135,0,606,3530,0,60,29,0,0,1513,69,3133,0,0,1899,,,,,,,2023-09-01,13245,3590,61.6,5032
MSitAE-SEPTEMBER-2023,RTD,NHS ENGLAND NORTH EAST AND YORKSHIRE,THE NEWCASTLE UPON TYNE HOSPITALS NHS FOUNDATION TRUST,11960,1482,5249,0,0,642,4560,58,0,0,0,0,452,23,3373,10,0,2710,,,,,,,2023-09-01,18691,4618,61.9,6093
MSitAE-SEPTEMBER-2023,RYX,NHS ENGLAND LONDON,CENTRAL LONDON COMMUNITY HEALTHCARE NHS TRUST,0,0,9671,0,0,0,0,0,248,0,0,0,0,0,0,0,0,0,,,,,,,2023-09-01,9671,248,,0
MSitAE-SEPTEMBER-2023,L83087,NHS ENGLAND SOUTH WEST,OKEHAMPTON MEDICAL CENTRE,0,0,83,0,0,0,0,0,0,0,0,0,0,0,0,0,0,0,,,,,,,2023-09-01,83,0,,0
MSitAE-SEPTEMBER-2023,NNJ07,NHS ENGLAND MIDLANDS,LOUGHBOROUGH URGENT CARE CENTRE,0,0,4924,0,0,858,0,0,23,0,0,2,0,0,0,0,0,0,,,,,,,2023-09-01,4924,23,,0
MSitAE-SEPTEMBER-2023,NNJ0H,NHS ENGLAND MIDLANDS,LLR EA - THE MERLYN VAZ HEALTH & SOCIAL CARE CENTRE,0,0,169,0,0,1397,0,0,0,0,0,1,0,0,0,0,0,0,,,,,,,2023-09-01,169,0,,0
MSitAE-SEPTEMBER-2023,NNJ12,NHS ENGLAND MIDLANDS,MARKET HARBOROUGH,0,0,96,0,0,327,0,0,0,0,0,0,0,0,0,0,0,0,,,,,,,2023-09-01,96,0,,0
MSitAE-SEPTEMBER-2023,NNJ13,NHS ENGLAND MIDLANDS,MELTON MOWBRAY,0,0,43,0,0,358,0,0,0,0,0,0,0,0,0,0,0,0,,,,,,,2023-09-01,43,0,,0
MSitAE-SEPTEMBER-2023,NNJ14,NHS ENGLAND MIDLANDS,OADBY,0,0,820,0,0,1371,0,0,0,0,0,0,0,0,0,0,0,0,,,,,,,2023-09-01,820,0,,0
MSitAE-SEPTEMBER-2023,NNJ15,NHS ENGLAND MIDLANDS,OAKHAM,0,0,54,0,0,296,0,0,0,0,0,0,0,0,0,0,0,0,,,,,,,2023-09-01,54,0,,0
MSitAE-SEPTEMBER-2023,R1F,NHS ENGLAND SOUTH EAST,ISLE OF WIGHT NHS TRUST,3785,0,2257,27,0,18,1875,0,0,12,0,0,366,251,1074,0,0,249,,,,,,,2023-09-01,6042,1875,50.5,1323
MSitAE-SEPTEMBER-2023,RA7,NHS ENGLAND SOUTH WEST,UNIVERSITY HOSPITALS BRISTOL AND WESTON NHS FOUNDATION TRUST,14632,2175,0,0,0,0,5401,111,0,0,0,0,1040,193,4639,13,0,1416,,,,,,,2023-09-01,16807,5512,63.1,6068
MSitAE-SEPTEMBER-2023,RAS,NHS ENGLAND LONDON,THE HILLINGDON HOSPITALS NHS FOUNDATION TRUST,5717,0,6168,0,0,0,3432,0,145,0,0,0,726,21,1662,0,0,446,,,,,,,2023-09-01,11885,3577,40.0,2108
MSitAE-SEPTEMBER-2023,RCB,NHS ENGLAND NORTH EAST AND YORKSHIRE,YORK AND SCARBOROUGH TEACHING HOSPITALS NHS FOUNDATION TRUST,9796,374,8305,0,0,400,5665,0,604,0,0,8,878,670,4131,8,0,1483,,,,,,,2023-09-01,18475,6269,42.2,5622
MSitAE-SEPTEMBER-2023,RCD,NHS ENGLAND NORTH EAST AND YORKSHIRE,HARROGATE AND DISTRICT NHS FOUNDATION TRUST,4817,0,926,139,0,56,1998,0,0,54,0,0,88,1,1311,0,0,479,,,,,,,2023-09-01,5743,1998,58.5,1790
MSitAE-SEPTEMBER-2023,RFR,NHS ENGLAND NORTH EAST AND YORKSHIRE,THE ROTHERHAM NHS FOUNDATION TRUST,7814,0,0,0,0,0,3017,0,0,0,0,0,412,0,2764,0,0,595,,,,,,,2023-09-01,7814,3017,61.4,3359
MSitAE-SEPTEMBER-2023,RHQ,NHS ENGLAND NORTH EAST AND YORKSHIRE,SHEFFIELD TEACHING HOSPITALS NHS FOUNDATION TRUST,8856,1013,6758,355,0,874,4578,0,125,157,0,12,1087,10,3150,0,0,3076,,,,,,,2023-09-01,16627,4703,48.3,6226
MSitAE-SEPTEMBER-2023,RJE,NHS ENGLAND MIDLANDS,UNIVERSITY HOSPITALS OF NORTH MIDLANDS NHS TRUST,13433,447,7710,572,0,266,6389,0,145,216,0,0,904,812,5745,0,0,2739,,,,,,,2023-09-01,21590,6534,52.4,8484
MSitAE-SEPTEMBER-2023,RJL,NHS ENGLAND NORTH EAST AND YORKSHIRE,NORTHERN LINCOLNSHIRE AND GOOLE NHS FOUNDATION TRUST,14179,0,0,0,0,0,5056,0,0,0,0,0,817,625,4299,0,0,538,,,,,,,2023-09-01,14179,5056,64.3,4837
MSitAE-SEPTEMBER-2023,RP6,NHS ENGLAND LONDON,MOORFIELDS EYE HOSPITAL NHS FOUNDATION TRUST,0,5556,0,0,0,0,0,22,0,0,0,0,0,0,0,5,0,180,,,,,,,2023-09-01,5556,22,,185
MSitAE-SEPTEMBER-2023,RQ3,NHS ENGLAND MIDLANDS,BIRMINGHAM WOMEN'S AND CHILDREN'S NHS FOUNDATION TRUST,4513,0,0,0,0,0,652,0,0,0,0,0,0,0,928,0,0,222,,,,,,,2023-09-01,4513,652,85.6,1150
MSitAE-SEPTEMBER-2023,RQM,NHS ENGLAND LONDON,CHELSEA AND WESTMINSTER HOSPITAL NHS FOUNDATION TRUST,18596,0,8505,428,0,0,5708,0,170,0,0,0,706,46,2578,0,0,379,,,,,,,2023-09-01,27101,5878,69.3,2957
MSitAE-SEPTEMBER-2023,RR7,NHS ENGLAND NORTH EAST AND YORKSHIRE,GATESHEAD HEALTH NHS FOUNDATION TRUST,5550,0,3806,20,0,28,2642,0,39,10,0,0,902,50,1525,0,0,708,,,,,,,2023-09-01,9356,2681,52.4,2233
MSitAE-SEPTEMBER-2023,RR8,NHS ENGLAND NORTH EAST AND YORKSHIRE,LEEDS TEACHING HOSPITALS NHS TRUST,16893,0,11152,116,0,16,7734,0,49,43,0,0,1539,479,3635,0,0,1017,,,,,,,2023-09-01,28045,7783,54.2,4652
MSitAE-SEPTEMBER-2023,RRK,NHS ENGLAND MIDLANDS,UNIVERSITY HOSPITALS BIRMINGHAM NHS FOUNDATION TRUST,32022,0,1491,0,0,189,15473,0,23,0,0,0,2779,1949,10607,0,4,4542,,,,,,,2023-09-01,33513,15496,51.7,15153
MSitAE-SEPTEMBER-2023,RTF,NHS ENGLAND NORTH EAST AND YORKSHIRE,NORTHUMBRIA HEALTHCARE NHS FOUNDATION TRUST,9078,0,11101,0,0,0,1690,0,12,0,0,0,16,0,5194,0,74,1167,,,,,,,2023-09-01,20179,1702,81.4,6435
MSitAE-SEPTEMBER-2023,RTQ,NHS ENGLAND SOUTH WEST,GLOUCESTERSHIRE HEALTH AND CARE NHS FOUNDATION TRUST,0,0,6586,0,0,0,0,0,27,0,0,0,0,0,0,0,0,27,,,,,,,2023-09-01,6586,27,,27
MSitAE-SEPTEMBER-2023,RVW,NHS ENGLAND NORTH EAST AND YORKSHIRE,NORTH TEES AND HARTLEPOOL NHS FOUNDATION TRUST,4146,0,11345,0,0,0,1987,0,45,0,0,0,173,1,1505,0,526,2156,,,,,,,2023-09-01,15491,2032,52.1,4187
MSitAE-SEPTEMBER-2023,RWE,NHS ENGLAND MIDLANDS,UNIVERSITY HOSPITALS OF LEICESTER NHS TRUST,20979,1696,0,0,0,0,9928,81,0,0,0,0,1571,946,5430,4,0,3208,,,,,,,2023-09-01,22675,10009,52.7,8642
MSitAE-SEPTEMBER-2023,RXP,NHS ENGLAND NORTH EAST AND YORKSHIRE,COUNTY DURHAM AND DARLINGTON NHS FOUNDATION TRUST,12638,0,4156,0,0,5376,5788,0,0,0,0,0,1794,2,4091,0,0,683,,,,,,,2023-09-01,16794,5788,54.2,4774
MSitAE-SEPTEMBER-2023,RXW,NHS ENGLAND MIDLANDS,THE SHREWSBURY AND TELFORD HOSPITAL NHS TRUST,10566,0,1841,102,0,349,6059,0,237,28,0,2,478,1026,2629,0,43,2071,,,,,,,2023-09-01,12407,6296,42.7,4743
MSitAE-SEPTEMBER-2023,RYG,NHS ENGLAND MIDLANDS,COVENTRY AND WARWICKSHIRE PARTNERSHIP NHS TRUST,0,0,0,0,0,0,0,0,0,0,0,0,0,0,0,0,7,80,,,,,,,2023-09-01,0,0,,87
MSitAE-SEPTEMBER-2023,AD913,NHS ENGLAND LONDON,BECKENHAM BEACON UCC,0,0,3644,0,0,268,0,0,29,0,0,0,0,0,0,0,0,0,,,,,,,2023-09-01,3644,29,,0
MSitAE-SEPTEMBER-2023,C82009,NHS ENGLAND MIDLANDS,MARKET HARBOROUGH MED.CTR,0,0,352,0,0,0,0,0,0,0,0,0,0,0,0,0,0,0,,,,,,,2023-09-01,352,0,,0
MSitAE-SEPTEMBER-2023,NDA57,NHS ENGLAND SOUTH EAST,HASLEMERE MINOR INJURIES UNIT,0,0,1586,0,0,11,0,0,0,0,0,0,0,0,0,0,0,0,,,,,,,2023-09-01,1586,0,,0
MSitAE-SEPTEMBER-2023,R0D,NHS ENGLAND SOUTH WEST,UNIVERSITY HOSPITALS DORSET NHS FOUNDATION TRUST,13155,0,3677,154,0,0,6534,0,0,0,0,0,43,0,4036,6,0,2067,,,,,,,2023-09-01,16832,6534,50.3,6109
MSitAE-SEPTEMBER-2023,RA2,NHS ENGLAND SOUTH EAST,ROYAL SURREY COUNTY HOSPITAL NHS FOUNDATION TRUST,6364,0,0,484,0,0,2233,0,0,157,0,0,311,2,2251,0,0,954,,,,,,,2023-09-01,6364,2233,64.9,3205
MSitAE-SEPTEMBER-2023,RAE,NHS ENGLAND NORTH EAST AND YORKSHIRE,BRADFORD TEACHING HOSPITALS NHS FOUNDATION TRUST,8826,0,3166,0,0,0,3060,0,0,0,0,0,902,24,2831,0,121,1536,,,,,,,2023-09-01,11992,3060,65.3,4488
MSitAE-SEPTEMBER-2023,RAJ,NHS ENGLAND EAST OF ENGLAND,MID AND SOUTH ESSEX NHS FOUNDATION TRUST,30336,0,1704,863,0,92,10546,0,63,235,0,6,2707,8,8322,0,201,1258,,,,,,,2023-09-01,32040,10609,65.2,9781
MSitAE-SEPTEMBER-2023,RBT,NHS ENGLAND NORTH WEST,MID CHESHIRE HOSPITALS NHS FOUNDATION TRUST,7047,0,2705,103,0,31,3837,0,24,25,0,1,700,421,2394,0,0,986,,,,,,,2023-09-01,9752,3861,45.6,3380
MSitAE-SEPTEMBER-2023,RC9,NHS ENGLAND EAST OF ENGLAND,BEDFORDSHIRE HOSPITALS NHS FOUNDATION TRUST,15837,0,6601,0,0,980,5879,0,0,0,0,0,80,6,4534,0,0,2052,,,,,,,2023-09-01,22438,5879,62.9,6586
MSitAE-SEPTEMBER-2023,RCF,NHS ENGLAND NORTH EAST AND YORKSHIRE,AIREDALE NHS FOUNDATION TRUST,5473,281,10,426,0,0,2546,0,0,0,0,0,253,44,1394,0,0,534,,,,,,,2023-09-01,5764,2546,53.5,1928
MSitAE-SEPTEMBER-2023,RCU,NHS ENGLAND NORTH EAST AND YORKSHIRE,SHEFFIELD CHILDREN'S NHS FOUNDATION TRUST,4221,0,265,239,0,16,405,0,0,23,0,0,5,0,884,0,0,114,,,,,,,2023-09-01,4486,405,90.4,998
MSitAE-SEPTEMBER-2023,RD1,NHS ENGLAND SOUTH WEST,ROYAL UNITED HOSPITALS BATH NHS FOUNDATION TRUST,8329,0,0,0,0,0,3270,0,0,0,0,0,548,26,2555,0,4,1407,,,,,,,2023-09-01,8329,3270,60.7,3966
MSitAE-SEPTEMBER-2023,RD8,NHS ENGLAND EAST OF ENGLAND,MILTON KEYNES UNIVERSITY HOSPITAL NHS FOUNDATION TRUST,7929,0,4584,444,0,117,3645,0,83,199,0,0,700,0,1955,0,0,383,,,,,,,2023-09-01,12513,3728,54.0,2338
MSitAE-SEPTEMBER-2023,REM,NHS ENGLAND NORTH WEST,LIVERPOOL UNIVERSITY HOSPITALS NHS FOUNDATION TRUST,17033,242,8766,364,0,0,7290,0,859,37,0,0,1880,1055,5253,0,0,2044,,,,,,,2023-09-01,26041,8149,57.2,7297
MSitAE-SEPTEMBER-2023,RGT,NHS ENGLAND EAST OF ENGLAND,CAMBRIDGE UNIVERSITY HOSPITALS NHS FOUNDATION TRUST,9653,0,5937,595,0,303,5241,0,106,294,0,0,690,125,2972,0,24,516,,,,,,,2023-09-01,15590,5347,45.7,3512
MSitAE-SEPTEMBER-2023,RH8,NHS ENGLAND SOUTH WEST,ROYAL DEVON UNIVERSITY HEALTHCARE NHS FOUNDATION TRUST,11798,0,3217,971,0,44,5771,0,33,321,0,0,1027,90,3628,0,0,2184,,,,,,,2023-09-01,15015,5804,51.1,5812
MSitAE-SEPTEMBER-2023,RHM,NHS ENGLAND SOUTH EAST,UNIVERSITY HOSPITAL SOUTHAMPTON NHS FOUNDATION TRUST,11159,1325,0,220,0,0,4629,95,0,87,0,0,329,11,3295,16,0,1307,,,,,,,2023-09-01,12484,4724,58.5,4618
MSitAE-SEPTEMBER-2023,RJ2,NHS ENGLAND LONDON,LEWISHAM AND GREENWICH NHS TRUST,12720,0,11496,49,0,0,7212,0,1630,8,0,0,1184,415,3427,0,0,1181,,,,,,,2023-09-01,24216,8842,43.3,4608
MSitAE-SEPTEMBER-2023,RJ7,NHS ENGLAND LONDON,ST GEORGE'S UNIVERSITY HOSPITALS NHS FOUNDATION TRUST,8296,0,3170,794,0,0,2681,0,0,133,0,0,531,530,2474,0,0,759,,,,,,,2023-09-01,11466,2681,67.7,3233
MSitAE-SEPTEMBER-2023,RJR,NHS ENGLAND NORTH WEST,COUNTESS OF CHESTER HOSPITAL NHS FOUNDATION TRUST,6346,0,649,0,0,0,3068,0,21,0,0,0,367,585,1569,0,0,1018,,,,,,,2023-09-01,6995,3089,51.7,2587
MSitAE-SEPTEMBER-2023,RK5,NHS ENGLAND MIDLANDS,SHERWOOD FOREST HOSPITALS NHS FOUNDATION TRUST,10588,0,5023,12,0,107,4110,0,239,4,0,3,575,65,3259,0,0,364,,,,,,,2023-09-01,15611,4349,61.2,3623
MSitAE-SEPTEMBER-2023,RKB,NHS ENGLAND MIDLANDS,UNIVERSITY HOSPITALS COVENTRY AND WARWICKSHIRE NHS TRUST,11257,1758,6568,46,0,84,5353,108,259,19,0,2,217,1,2848,75,68,1518,,,,,,,2023-09-01,19583,5720,52.4,4509
MSitAE-SEPTEMBER-2023,RL1,NHS ENGLAND MIDLANDS,THE ROBERT JONES AND AGNES HUNT ORTHOPAEDIC HOSPITAL NHS FOUNDATION TRUST,0,0,0,0,0,0,0,0,0,0,0,0,0,0,0,0,0,21,,,,,,,2023-09-01,0,0,,21
MSitAE-SEPTEMBER-2023,RMP,NHS ENGLAND NORTH WEST,TAMESIDE AND GLOSSOP INTEGRATED CARE NHS FOUNDATION TRUST,8099,0,2387,341,0,100,3688,0,0,0,0,0,302,11,2332,0,0,458,,,,,,,2023-09-01,10486,3688,54.5,2790
MSitAE-SEPTEMBER-2023,RN7,NHS ENGLAND SOUTH EAST,DARTFORD AND GRAVESHAM NHS TRUST,10983,0,3471,0,0,0,3116,0,75,0,0,0,435,0,2683,0,0,347,,,,,,,2023-09-01,14454,3191,71.6,3030
MSitAE-SEPTEMBER-2023,RNZ,NHS ENGLAND SOUTH WEST,SALISBURY NHS FOUNDATION TRUST,4240,298,1618,324,0,0,1638,0,0,142,0,0,397,2,1250,0,0,747,,,,,,,2023-09-01,6156,1638,61.4,1997
MSitAE-SEPTEMBER-2023,RTG,NHS ENGLAND MIDLANDS,UNIVERSITY HOSPITALS OF DERBY AND BURTON NHS FOUNDATION TRUST,20069,0,9831,209,0,73,9111,0,47,83,0,8,969,354,4267,0,14,2353,,,,,,,2023-09-01,29900,9158,54.6,6634
MSitAE-SEPTEMBER-2023,RTK,NHS ENGLAND SOUTH EAST,ASHFORD AND ST PETER'S HOSPITALS NHS FOUNDATION TRUST,9284,0,0,0,0,0,3714,0,0,0,0,0,719,6,2544,0,0,462,,,,,,,2023-09-01,9284,3714,60.0,3006
MSitAE-SEPTEMBER-2023,RVV,NHS ENGLAND SOUTH EAST,EAST KENT HOSPITALS UNIVERSITY NHS FOUNDATION TRUST,12213,0,11590,63,0,0,6662,0,303,26,0,0,676,867,4473,0,470,1631,,,,,,,2023-09-01,23803,6965,45.5,6574
MSitAE-SEPTEMBER-2023,RWD,NHS ENGLAND MIDLANDS,UNITED LINCOLNSHIRE HOSPITALS NHS TRUST,12426,0,5263,1,0,0,7501,0,736,1,0,0,1061,818,3953,0,0,952,,,,,,,2023-09-01,17689,8237,39.6,4905
MSitAE-SEPTEMBER-2023,RWG,NHS ENGLAND EAST OF ENGLAND,WEST HERTFORDSHIRE TEACHING HOSPITALS NHS TRUST,7814,0,7359,0,0,788,4439,0,365,0,0,0,1276,0,3373,0,0,602,,,,,,,2023-09-01,15173,4804,43.2,3975
MSitAE-SEPTEMBER-2023,RWH,NHS ENGLAND EAST OF ENGLAND,EAST AND NORTH HERTFORDSHIRE NHS TRUST,9370,0,5378,3,0,314,5157,0,1,1,0,0,240,7,2616,0,0,256,,,,,,,2023-09-01,14748,5158,45.0,2872
MSitAE-SEPTEMBER-2023,RWJ,NHS ENGLAND NORTH WEST,STOCKPORT NHS FOUNDATION TRUST,8993,0,0,630,0,0,3519,0,0,186,0,0,1084,134,2732,0,0,674,,,,,,,2023-09-01,8993,3519,60.9,3406
MSitAE-SEPTEMBER-2023,RWW,NHS ENGLAND NORTH WEST,WARRINGTON AND HALTON TEACHING HOSPITALS NHS FOUNDATION TRUST,7299,0,3049,208,0,80,3090,0,139,67,0,4,812,523,2320,0,0,228,,,,,,,2023-09-01,10348,3229,57.7,2548
MSitAE-SEPTEMBER-2023,RXC,NHS ENGLAND SOUTH EAST,EAST SUSSEX HEALTHCARE NHS TRUST,9066,0,2624,669,0,854,3354,0,40,0,0,0,197,0,3426,0,0,557,,,,,,,2023-09-01,11690,3394,63.0,3983
MSitAE-SEPTEMBER-2023,Y02147,NHS ENGLAND LONDON,URGENT CARE CENTRE (QMS),0,0,7258,0,0,507,0,0,323,0,0,3,0,0,0,0,0,0,,,,,,,2023-09-01,7258,323,,0
MSitAE-SEPTEMBER-2023,NDJ,NHS ENGLAND SOUTH EAST,FIRST COMMUNITY HEALTH AND CARE CIC,0,0,2380,0,0,0,0,0,0,0,0,0,0,0,0,0,0,0,,,,,,,2023-09-01,2380,0,,0
MSitAE-SEPTEMBER-2023,RAP,NHS ENGLAND LONDON,NORTH MIDDLESEX UNIVERSITY HOSPITAL NHS TRUST,8894,496,5828,177,3,216,4485,11,956,66,0,43,429,604,1560,0,0,137,,,,,,,2023-09-01,15218,5452,49.6,1697
MSitAE-SEPTEMBER-2023,RBN,NHS ENGLAND NORTH WEST,MERSEY AND WEST LANCASHIRE TEACHING HOSPITALS NHS TRUST,17036,0,7584,323,0,0,7123,0,404,54,0,0,523,213,7138,0,0,615,,,,,,,2023-09-01,24620,7527,58.2,7753
MSitAE-SEPTEMBER-2023,RDR,NHS ENGLAND SOUTH EAST,SUSSEX COMMUNITY NHS FOUNDATION TRUST,0,0,12186,0,0,0,0,0,206,0,0,0,0,0,0,0,0,0,,,,,,,2023-09-01,12186,206,,0
MSitAE-SEPTEMBER-2023,RLT,NHS ENGLAND MIDLANDS,GEORGE ELIOT HOSPITAL NHS TRUST,6191,0,1749,0,0,0,2135,0,33,0,0,0,701,8,929,0,0,20,,,,,,,2023-09-01,7940,2168,65.5,949
MSitAE-SEPTEMBER-2023,RM1,NHS ENGLAND EAST OF ENGLAND,NORFOLK AND NORWICH UNIVERSITY HOSPITALS NHS FOUNDATION TRUST,10468,0,8098,479,0,0,4187,0,1,142,0,0,822,298,2226,0,0,1562,,,,,,,2023-09-01,18566,4188,60.0,3788
MSitAE-SEPTEMBER-2023,RNN,NHS ENGLAND NORTH EAST AND YORKSHIRE,NORTH CUMBRIA INTEGRATED CARE NHS FOUNDATION TRUST,8702,0,1863,289,0,13,3718,0,8,70,0,0,693,490,2216,0,0,737,,,,,,,2023-09-01,10565,3726,57.3,2953
MSitAE-SEPTEMBER-2023,RRV,NHS ENGLAND LONDON,UNIVERSITY COLLEGE LONDON HOSPITALS NHS FOUNDATION TRUST,11865,0,0,623,0,0,3684,0,0,0,0,0,304,43,1380,0,0,244,,,,,,,2023-09-01,11865,3684,69.0,1624
MSitAE-SEPTEMBER-2023,RTH,NHS ENGLAND SOUTH EAST,OXFORD UNIVERSITY HOSPITALS NHS FOUNDATION TRUST,11808,1686,454,1127,0,95,5079,0,12,412,0,2,714,0,3811,107,8,4191,,,,,,,2023-09-01,13948,5091,57.0,8117
MSitAE-SEPTEMBER-2023,RTR,NHS ENGLAND NORTH EAST AND YORKSHIRE,SOUTH TEES HOSPITALS NHS FOUNDATION TRUST,10102,0,5035,0,0,368,4438,0,340,0,0,11,932,18,2451,0,169,1898,,,,,,,2023-09-01,15137,4778,56.1,4518
MSitAE-SEPTEMBER-2023,RTX,NHS ENGLAND NORTH WEST,UNIVERSITY HOSPITALS OF MORECAMBE BAY NHS FOUNDATION TRUST,7870,0,4359,128,0,441,3062,0,116,31,0,0,532,343,2991,0,39,780,,,,,,,2023-09-01,12229,3178,61.1,3810
MSitAE-SEPTEMBER-2023,RVJ,NHS ENGLAND SOUTH WEST,NORTH BRISTOL NHS TRUST,9026,0,0,60,0,0,3226,0,0,15,0,0,692,23,2711,0,0,2015,,,,,,,2023-09-01,9026,3226,64.3,4726
MSitAE-SEPTEMBER-2023,RVR,NHS ENGLAND LONDON,EPSOM AND ST HELIER UNIVERSITY HOSPITALS NHS TRUST,12478,345,0,170,0,0,2938,0,0,17,0,0,408,462,1931,6,0,136,,,,,,,2023-09-01,12823,2938,76.5,2073
MSitAE-SEPTEMBER-2023,RY2,NHS ENGLAND NORTH WEST,BRIDGEWATER COMMUNITY HEALTHCARE NHS FOUNDATION TRUST,0,0,3406,0,0,135,0,0,110,0,0,4,0,0,0,0,0,0,,,,,,,2023-09-01,3406,110,,0
MSitAE-SEPTEMBER-2023,RYJ,NHS ENGLAND LONDON,IMPERIAL COLLEGE HEALTHCARE NHS TRUST,12612,3806,7229,0,0,0,5498,32,131,0,0,0,947,94,3344,5,0,1070,,,,,,,2023-09-01,23647,5661,56.4,4419
MSitAE-SEPTEMBER-2023,RA9,NHS ENGLAND SOUTH WEST,TORBAY AND SOUTH DEVON NHS FOUNDATION TRUST,6484,0,3043,95,0,0,2961,0,29,31,0,0,667,120,1974,0,0,1141,,,,,,,2023-09-01,9527,2990,54.3,3115
MSitAE-SEPTEMBER-2023,RBV,NHS ENGLAND NORTH WEST,THE CHRISTIE NHS FOUNDATION TRUST,0,0,0,0,0,0,0,0,0,0,0,0,0,0,0,0,0,608,,,,,,,2023-09-01,0,0,,608
MSitAE-SEPTEMBER-2023,RDY,NHS ENGLAND SOUTH WEST,DORSET HEALTHCARE UNIVERSITY NHS FOUNDATION TRUST,0,0,0,0,0,0,0,0,0,0,0,0,0,0,0,0,2,3,,,,,,,2023-09-01,0,0,,5
MSitAE-SEPTEMBER-2023,RXK,NHS ENGLAND MIDLANDS,SANDWELL AND WEST BIRMINGHAM HOSPITALS NHS TRUST,14349,1096,8293,818,0,0,7600,138,175,215,0,0,1532,86,2851,0,0,442,,,,,,,2023-09-01,23738,7913,47.0,3293
MSitAE-SEPTEMBER-2023,Y03218,NHS ENGLAND LONDON,THE PINN UNREGISTERED WIC,0,0,785,0,0,0,0,0,0,0,0,0,0,0,0,0,0,0,,,,,,,2023-09-01,785,0,,0
MSitAE-SEPTEMBER-2023,RAL,NHS ENGLAND LONDON,ROYAL FREE LONDON NHS FOUNDATION TRUST,15154,0,10198,0,0,0,7207,0,1089,0,0,0,1089,692,4119,0,0,562,,,,,,,2023-09-01,25352,8296,52.4,4681
MSitAE-SEPTEMBER-2023,R1H,NHS ENGLAND LONDON,BARTS HEALTH NHS TRUST,23968,873,16854,0,0,0,10515,22,2816,0,0,0,1459,859,5258,0,0,1068,,,,,,,2023-09-01,41695,13353,56.1,6326
MSitAE-SEPTEMBER-2023,RM3,NHS ENGLAND NORTH WEST,NORTHERN CARE ALLIANCE NHS FOUNDATION TRUST,24363,0,6788,0,0,0,11266,0,235,0,0,0,1406,483,6707,0,373,1699,,,,,,,2023-09-01,31151,11501,53.8,8779
MSitAE-SEPTEMBER-2023,RN3,NHS ENGLAND SOUTH WEST,GREAT WESTERN HOSPITALS NHS FOUNDATION TRUST,5054,0,4997,0,0,274,2288,0,316,0,0,13,277,210,2033,0,0,1470,,,,,,,2023-09-01,10051,2604,54.7,3503
MSitAE-SEPTEMBER-2023,RNS,NHS ENGLAND MIDLANDS,NORTHAMPTON GENERAL HOSPITAL NHS TRUST,8723,622,1911,156,0,46,4127,10,25,61,0,0,281,793,1720,0,0,1275,,,,,,,2023-09-01,11256,4162,52.7,2995
MSitAE-SEPTEMBER-2023,RQW,NHS ENGLAND EAST OF ENGLAND,THE PRINCESS ALEXANDRA HOSPITAL NHS TRUST,7638,0,1898,0,0,1099,4641,0,300,0,0,0,498,123,2002,0,0,338,,,,,,,2023-09-01,9536,4941,39.2,2340
MSitAE-SEPTEMBER-2023,RRF,NHS ENGLAND NORTH WEST,"WRIGHTINGTON, WIGAN AND LEIGH NHS FOUNDATION TRUST",7146,0,5371,0,0,0,3746,0,35,0,0,0,1110,278,2224,0,0,828,,,,,,,2023-09-01,12517,3781,47.6,3052
MSitAE-SEPTEMBER-2023,Y02532,NHS ENGLAND NORTH WEST,MIRIAM MINOR EMERGENCY,0,0,1805,0,0,0,0,0,0,0,0,0,0,0,0,0,0,0,,,,,,,2023-09-01,1805,0,,0
MSitAE-SEPTEMBER-2023,DT301,NHS ENGLAND EAST OF ENGLAND,HERTS URGENT CARE (ASCOTS LANE),0,0,2635,0,0,0,0,0,10,0,0,0,0,0,0,0,0,0,,,,,,,2023-09-01,2635,10,,0
MSitAE-SEPTEMBER-2023,R0A,NHS ENGLAND NORTH WEST,MANCHESTER UNIVERSITY NHS FOUNDATION TRUST,21447,3243,14644,1883,393,1079,9519,94,1751,647,6,255,3060,107,5576,168,359,481,,,,,,,2023-09-01,39334,11364,55.6,6584
MSitAE-SEPTEMBER-2023,RHW,NHS ENGLAND SOUTH EAST,ROYAL BERKSHIRE NHS FOUNDATION TRUST,11984,2210,0,412,0,0,4417,14,0,0,0,0,463,0,2450,0,0,843,,,,,,,2023-09-01,14194,4431,63.1,3293
MSitAE-SEPTEMBER-2023,RKE,NHS ENGLAND LONDON,WHITTINGTON HEALTH NHS TRUST,8426,0,0,0,0,0,2860,0,0,0,0,0,411,48,978,0,0,63,,,,,,,2023-09-01,8426,2860,66.1,1041
MSitAE-SEPTEMBER-2023,RNU,NHS ENGLAND SOUTH EAST,OXFORD HEALTH NHS FOUNDATION TRUST,0,0,4285,0,0,0,0,0,467,0,0,0,0,0,0,0,0,0,,,,,,,2023-09-01,4285,467,,0
MSitAE-SEPTEMBER-2023,RP5,NHS ENGLAND NORTH EAST AND YORKSHIRE,DONCASTER AND BASSETLAW TEACHING HOSPITALS NHS FOUNDATION TRUST,12734,0,3636,0,0,0,5006,0,1,0,0,0,1012,117,2963,0,421,1056,,,,,,,2023-09-01,16370,5007,60.7,4440
MSitAE-SEPTEMBER-2023,RXN,NHS ENGLAND NORTH WEST,LANCASHIRE TEACHING HOSPITALS NHS FOUNDATION TRUST,11872,0,3803,205,0,89,4492,0,89,47,0,0,1126,249,2942,0,196,1350,,,,,,,2023-09-01,15675,4581,62.2,4488
MSitAE-SEPTEMBER-2023,RXR,NHS ENGLAND NORTH WEST,EAST LANCASHIRE HOSPITALS NHS TRUST,11704,0,8415,0,0,0,4398,0,661,0,0,0,336,1115,2451,0,51,1677,,,,,,,2023-09-01,20119,5059,62.4,4179
MSitAE-SEPTEMBER-2023,R1K,NHS ENGLAND LONDON,LONDON NORTH WEST UNIVERSITY HEALTHCARE NHS TRUST,12488,0,13432,0,0,0,8321,0,268,0,0,0,738,227,5737,0,0,744,,,,,,,2023-09-01,25920,8589,33.4,6481
MSitAE-SEPTEMBER-2023,RBL,NHS ENGLAND NORTH WEST,WIRRAL UNIVERSITY TEACHING HOSPITAL NHS FOUNDATION TRUST,8155,0,2764,104,0,178,4280,0,27,28,0,4,755,297,2109,0,0,1502,,,,,,,2023-09-01,10919,4307,47.5,3611
MSitAE-SEPTEMBER-2023,RPA,NHS ENGLAND SOUTH EAST,MEDWAY NHS FOUNDATION TRUST,8413,0,6517,145,0,1305,2891,0,903,38,0,0,470,572,1985,0,0,1015,,,,,,,2023-09-01,14930,3794,65.6,3000
MSitAE-SEPTEMBER-2023,RWF,NHS ENGLAND SOUTH EAST,MAIDSTONE AND TUNBRIDGE WELLS NHS TRUST,17977,0,2432,874,0,153,2931,0,7,45,0,0,808,47,5539,0,0,1020,,,,,,,2023-09-01,20409,2938,83.7,6559
MSitAE-SEPTEMBER-2023,RJ6,NHS ENGLAND LONDON,CROYDON HEALTH SERVICES NHS TRUST,12409,0,4414,1,0,0,4424,0,0,0,0,0,488,395,1352,0,0,157,,,,,,,2023-09-01,16823,4424,64.3,1509
MSitAE-SEPTEMBER-2023,RH5,NHS ENGLAND SOUTH WEST,SOMERSET NHS FOUNDATION TRUST,12446,0,8891,0,0,0,5429,0,432,0,0,0,610,62,3186,0,0,1653,,,,,,,2023-09-01,21337,5861,56.4,4839
MSitAE-SEPTEMBER-2023,RXL,NHS ENGLAND NORTH WEST,BLACKPOOL TEACHING HOSPITALS NHS FOUNDATION TRUST,8634,0,10754,186,0,220,4255,0,22,48,0,0,696,828,2629,0,0,1553,,,,,,,2023-09-01,19388,4277,50.7,4182
MSitAE-SEPTEMBER-2023,RMC,NHS ENGLAND NORTH WEST,BOLTON NHS FOUNDATION TRUST,9872,0,1337,107,0,19,4182,0,297,46,0,4,435,553,2140,0,73,668,,,,,,,2023-09-01,11209,4479,57.6,2881
MSitAE-SEPTEMBER-2023,RHU,NHS ENGLAND SOUTH EAST,PORTSMOUTH HOSPITALS UNIVERSITY NATIONAL HEALTH SERVICE TRUST,10065,779,3515,541,0,284,5405,7,36,269,0,10,1685,21,3505,0,0,2346,,,,,,,2023-09-01,14359,5448,46.3,5851
MSitAE-SEPTEMBER-2023,RX1,NHS ENGLAND MIDLANDS,NOTTINGHAM UNIVERSITY HOSPITALS NHS TRUST,15553,1845,308,518,0,0,9582,301,17,292,0,0,812,753,3849,0,0,3174,,,,,,,2023-09-01,17706,9900,38.4,7023
MSitAE-SEPTEMBER-2023,NLX,NHS ENGLAND SOUTH WEST,SIRONA CARE & HEALTH,0,0,8514,0,0,179,0,0,436,0,0,40,0,0,0,0,0,0,,,,,,,2023-09-01,8514,436,,0
MSitAE-SEPTEMBER-2023,RDE,NHS ENGLAND EAST OF ENGLAND,EAST SUFFOLK AND NORTH ESSEX NHS FOUNDATION TRUST,14022,0,11234,202,0,123,6256,0,204,0,0,0,902,64,4607,0,287,851,,,,,,,2023-09-01,25256,6460,55.4,5745
MSitAE-SEPTEMBER-2023,RFS,NHS ENGLAND MIDLANDS,CHESTERFIELD ROYAL HOSPITAL NHS FOUNDATION TRUST,7011,0,1108,251,0,125,2369,0,153,84,0,16,433,13,2403,0,276,554,,,,,,,2023-09-01,8119,2522,66.2,3233
MSitAE-SEPTEMBER-2023,G0Q0L,NHS ENGLAND LONDON,BARKING HOSPITAL UTC,0,0,2121,0,0,0,0,0,202,0,0,0,0,0,0,0,0,0,,,,,,,2023-09-01,2121,202,,0
MSitAE-SEPTEMBER-2023,K6K0R,NHS ENGLAND LONDON,HAROLD WOOD POLYCLINIC UTC,0,0,2111,0,0,0,0,0,129,0,0,0,0,0,0,0,0,0,,,,,,,2023-09-01,2111,129,,0
